event_id,earn_id,player_id,game_id,earned_at,amount,currency,earn_type
EV0006501,E006278,P100121,G009,2024-06-23 16:51:48,32.34,USD,gameplay
EV0003344,E003340,P100007,G013,2024-04-30 17:51:05,34.76,EUR,gameplay
EV0004232,E004171,P100152,G002,2024-04-30 21:58:10,10.7,USD,gameplay
EV0001863,E001863,P100133,G002,2024-02-10 00:41:50,19.41,GBP,gameplay
EV0004966,E004853,P100067,G011,2024-05-19 05:47:09,203.1,USD,tournament
EV0000002,E000002,P100001,G003,2024-01-19 13:36:25,352.44,BRL,bonus
EV0001509,E001509,P100073,G015,2024-02-07 17:03:58,17.0,USD,gameplay
EV0000817,E000817,P100142,G018,2024-01-17 08:51:03,199.7,BRL,gameplay
EV0002568,E002568,P100063,G010,2024-03-04 21:09:58,505.46,BRL,tournament
EV0006140,E005945,P100063,G010,2024-06-26 17:27:04,62.52,BRL,gameplay
EV0006174,E005978,P100069,G003,2024-06-18 06:12:46,14.1,GBP,gameplay
EV0003240,E003240,P100188,G015,2024-03-18 14:22:01,9.28,GBP,gameplay
EV0002689,E002689,P100082,G009,2024-03-19 13:35:44,12.28,EUR,bonus
EV0006665,E006434,P100150,G010,2024-06-29 03:25:43,156.39,EUR,tournament
EV0000749,E000749,P100132,G007,2024-01-26 20:48:22,30.58,GBP,gameplay
EV0002545,E002545,P100058,G014,2024-03-31 12:16:56,56.19,BRL,gameplay
EV0006067,E005875,P100052,G011,2024-06-13 04:38:51,60.21,GBP,bonus
EV0003884,E003853,P100096,G014,2024-04-26 19:42:58,59.11,BRL,bonus
EV0001504,E001504,P100072,G008,2024-02-03 01:08:23,10.42,GBP,gameplay
EV0002761,E002761,P100099,G015,2024-03-21 08:59:17,7.2,USD,gameplay
EV0000285,E000285,P100046,G011,2024-01-31 17:32:41,168.0,BRL,gameplay
EV0004685,E004593,P100021,G003,2024-05-25 06:14:42,13.37,USD,gameplay
EV0006544,E006318,P100129,G004,2024-06-10 00:52:50,146.44,BRL,gameplay
EV0005632,E005462,P100177,G012,2024-05-31 01:51:48,108.34,BRL,gameplay
EV0000729,E000729,P100129,G004,2024-01-10 03:40:29,114.07,BRL,bonus
EV0003335,E003331,P100004,G008,2024-04-03 06:29:37,11.87,EUR,gameplay
EV0005068,E004947,P100085,G009,2024-05-31 06:47:27,7.89,GBP,gameplay
EV0003287,E003287,P100197,G002,2024-03-24 06:02:18,20.5,GBP,gameplay
EV0000617,E000617,P100109,G007,2024-01-06 05:36:36,60.66,GBP,tournament
EV0002807,E002807,P100109,G007,2024-03-14 05:15:01,16.41,GBP,gameplay
EV0004457,E004381,P100187,G016,2024-04-17 23:10:47,36.82,USD,gameplay
EV0002927,E002927,P100129,G004,2024-03-26 20:20:15,168.92,BRL,gameplay
EV0005453,E005299,P100148,G013,2024-05-12 09:38:35,139.86,BRL,gameplay
EV0004651,E004559,P100017,G008,2024-05-18 04:18:00,57.74,BRL,gameplay
EV0002522,E002522,P100054,G015,2024-03-24 08:43:45,10.19,EUR,gameplay
EV0000735,E000735,P100130,G013,2024-01-02 08:49:25,1204.05,BRL,tournament
EV0005979,E005790,P100035,G003,2024-06-21 16:25:40,28.73,GBP,gameplay
EV0003654,E003631,P100056,G017,2024-04-18 01:17:25,141.18,BRL,gameplay
EV0002123,E002123,P100178,G015,2024-02-04 20:19:21,20.18,EUR,gameplay
EV0001424,E001424,P100057,G004,2024-02-22 05:33:51,33.33,USD,gameplay
EV0002097,E002097,P100174,G005,2024-02-05 15:53:51,14.59,GBP,gameplay
EV0001850,E001850,P100131,G004,2024-02-20 03:38:24,169.99,BRL,gameplay
EV0004453,E004378,P100186,G002,2024-04-07 09:09:02,41.19,GBP,tournament
EV0001083,E001083,P100193,G004,2024-01-26 23:57:27,83.7,GBP,tournament
EV0003269,E003269,P100194,G005,2024-03-22 06:44:47,205.9,BRL,bonus
EV0000258,E000258,P100040,G007,2024-01-30 22:26:34,22.73,USD,gameplay
EV0003962,E003923,P100110,G018,2024-04-04 18:42:07,48.98,BRL,gameplay
EV0005576,E005410,P100165,G016,2024-05-16 19:03:10,20.48,EUR,gameplay
EV0001267,E001267,P100024,G007,2024-02-14 20:54:50,140.53,BRL,gameplay
EV0005600,E005432,P100171,G015,2024-05-07 13:00:28,6.67,USD,gameplay
EV0002329,E002329,P100014,G004,2024-03-07 19:32:28,11.24,EUR,gameplay
EV0004281,E004217,P100161,G012,2024-04-19 19:42:52,33.65,EUR,bonus
EV0001165,E001165,P100007,G013,2024-02-28 05:36:31,27.56,EUR,gameplay
EV0005826,E005647,P100009,G005,2024-06-05 01:51:13,11.95,GBP,gameplay
EV0005140,E005012,P100096,G014,2024-05-05 04:43:05,115.24,BRL,gameplay
EV0005166,E005034,P100100,G011,2024-05-24 23:16:54,47.09,BRL,gameplay
EV0002432,E002432,P100033,G010,2024-03-13 01:38:06,28.59,GBP,gameplay
EV0000660,E000660,P100118,G003,2024-01-21 16:18:45,35.2,EUR,bonus
EV0000237,E000237,P100038,G013,2024-01-03 00:19:28,88.3,BRL,gameplay
EV0003787,E003758,P100077,G008,2024-04-28 03:00:20,18.86,USD,gameplay
EV0003073,E003073,P100156,G018,2024-03-13 11:39:50,57.61,USD,bonus
EV0006671,E006440,P100150,G010,2024-06-17 15:33:08,25.36,EUR,gameplay
EV0006731,E006495,P100159,G010,2024-06-25 18:51:50,53.79,BRL,gameplay
EV0002017,E002017,P100160,G002,2024-02-01 19:48:57,13.24,GBP,gameplay
EV0006300,E006094,P100089,G007,2024-06-12 04:03:15,8.03,EUR,gameplay
EV0001254,E001254,P100021,G003,2024-02-04 16:27:26,6.58,USD,gameplay
EV0002815,E002815,P100111,G005,2024-03-08 05:40:38,44.77,BRL,gameplay
EV0000219,E000219,P100036,G008,2024-01-09 11:17:50,24.69,EUR,gameplay
EV0005825,E005646,P100009,G005,2024-06-03 09:53:58,23.23,GBP,gameplay
EV0001060,E001060,P100189,G009,2024-01-11 20:41:50,17.96,EUR,gameplay
EV0002118,E002118,P100178,G015,2024-02-19 15:24:18,36.22,EUR,gameplay
EV0002771,E002771,P100101,G009,2024-03-20 02:16:07,51.22,BRL,gameplay
EV0004743,E004647,P100031,G002,2024-05-23 01:59:36,35.83,USD,gameplay
EV0001288,E001288,P100028,G006,2024-02-08 03:35:14,6.93,GBP,gameplay
EV0004804,E004707,P100043,G004,2024-05-03 08:24:15,21.52,USD,gameplay
EV0003334,E003330,P100004,G008,2024-04-16 12:50:38,23.98,EUR,gameplay
EV0002694,E002694,P100083,G013,2024-03-25 09:09:52,199.51,BRL,gameplay
EV0001518,E001518,P100075,G017,2024-02-14 16:39:47,108.79,BRL,gameplay
EV0004097,E004047,P100133,G002,2024-04-29 10:38:54,23.84,GBP,gameplay
EV0004634,E004544,P100013,G014,2024-05-25 20:31:47,83.09,BRL,gameplay
EV0003817,E003788,P100084,G001,2024-04-13 09:49:37,21.89,EUR,gameplay
EV0002710,E002710,P100086,G013,2024-03-31 06:01:01,138.35,BRL,gameplay
EV0001923,E001923,P100142,G018,2024-02-04 01:31:19,171.69,BRL,gameplay
EV0003433,E003422,P100021,G003,2024-04-13 14:30:32,30.03,USD,gameplay
EV0001656,E001656,P100098,G009,2024-02-15 21:53:28,11.12,GBP,gameplay
EV0003611,E003591,P100049,G002,2024-04-28 07:00:29,79.86,EUR,tournament
EV0001641,E001641,P100095,G014,2024-02-27 23:00:45,26.57,USD,gameplay
EV0001238,E001238,P100019,G014,2024-02-01 10:02:41,48.01,EUR,bonus
EV0003904,E003871,P100100,G011,2024-04-16 15:11:29,1184.71,BRL,tournament
EV0003005,E003005,P100142,G018,2024-03-20 17:42:36,172.1,BRL,gameplay
EV0002764,E002764,P100100,G011,2024-03-09 19:27:42,98.2,BRL,gameplay
EV0005210,E005076,P100107,G011,2024-05-27 15:53:21,34.13,USD,gameplay
EV0000066,E000066,P100011,G015,2024-01-15 12:21:11,19.0,USD,gameplay
EV0006463,E006243,P100116,G013,2024-06-27 15:54:41,16.19,EUR,gameplay
EV0001155,E001155,P100006,G007,2024-02-04 22:43:13,25.66,GBP,gameplay
EV0003236,E003236,P100187,G016,2024-03-18 03:47:08,84.57,USD,tournament
EV0005561,E005397,P100163,G003,2024-05-09 03:44:40,59.27,BRL,gameplay
EV0005540,E005378,P100160,G002,2024-05-04 12:08:21,27.89,GBP,gameplay
EV0004435,E004362,P100184,G014,2024-04-10 00:09:51,21.53,USD,gameplay
EV0004944,E004834,P100064,G006,2024-05-26 00:50:41,13.84,GBP,gameplay
EV0003604,E003584,P100048,G005,2024-04-26 14:25:37,20.79,EUR,gameplay
EV0000658,E000658,P100118,G003,2024-01-20 13:05:04,133.53,EUR,tournament
EV0000082,E000082,P100013,G014,2024-01-15 02:51:43,182.63,BRL,gameplay
EV0003298,E003298,P100200,G018,2024-03-05 08:12:27,19.59,EUR,gameplay
EV0002959,E002959,P100135,G010,2024-03-05 06:24:22,32.86,EUR,gameplay
EV0001669,E001669,P100099,G015,2024-02-23 23:32:39,33.35,USD,gameplay
EV0000916,E000916,P100160,G002,2024-01-15 12:37:26,12.1,GBP,gameplay
EV0005967,E005779,P100033,G010,2024-06-25 21:43:07,20.96,GBP,gameplay
EV0001304,E001304,P100033,G010,2024-02-29 18:03:40,21.16,GBP,gameplay
EV0001761,E001761,P100115,G008,2024-02-16 01:03:20,200.24,BRL,gameplay
EV0001919,E001919,P100141,G016,2024-02-26 11:18:07,196.99,BRL,gameplay
EV0006021,E005830,P100042,G017,2024-06-10 03:20:33,165.1,BRL,gameplay
EV0000688,E000688,P100122,G009,2024-01-17 14:20:44,8.52,EUR,gameplay
EV0006003,E005814,P100039,G003,2024-06-29 22:20:08,24.9,GBP,gameplay
EV0002366,E002366,P100020,G012,2024-03-14 06:13:05,201.61,BRL,gameplay
EV0002100,E002100,P100175,G009,2024-02-13 14:27:25,16.12,USD,gameplay
EV0001095,E001095,P100195,G012,2024-01-04 11:32:46,29.3,USD,gameplay
EV0004642,E004551,P100016,G016,2024-05-25 20:23:25,19.15,USD,gameplay
EV0004080,E004032,P100131,G004,2024-04-14 14:29:09,326.63,BRL,bonus
EV0004461,E004385,P100187,G016,2024-04-20 08:10:29,18.19,USD,gameplay
EV0001224,E001224,P100016,G016,2024-02-14 09:57:56,17.62,USD,gameplay
EV0006565,E006337,P100132,G007,2024-06-16 15:16:18,16.79,GBP,gameplay
EV0006406,E006192,P100106,G015,2024-06-15 11:25:03,58.81,BRL,gameplay
EV0005801,E005623,P100005,G002,2024-06-13 20:29:14,33.34,EUR,gameplay
EV0000683,E000683,P100121,G009,2024-01-31 01:54:30,35.0,USD,gameplay
EV0005185,E005053,P100102,G014,2024-05-04 19:39:31,31.19,USD,gameplay
EV0006577,E006348,P100133,G002,2024-06-22 12:49:03,9.38,GBP,gameplay
EV0000561,E000561,P100098,G009,2024-01-26 22:18:44,25.21,GBP,gameplay
EV0004962,E004850,P100066,G015,2024-05-19 12:37:32,92.71,BRL,gameplay
EV0001639,E001639,P100094,G010,2024-02-14 21:32:59,33.13,EUR,gameplay
EV0000839,E000839,P100145,G002,2024-01-24 10:25:39,31.32,EUR,gameplay
EV0001569,E001569,P100083,G013,2024-02-20 02:41:21,127.45,BRL,gameplay
EV0001914,E001914,P100140,G017,2024-02-07 12:40:06,23.94,GBP,gameplay
EV0006973,E006723,P100200,G018,2024-06-02 11:10:31,35.51,EUR,gameplay
EV0002148,E002148,P100183,G008,2024-02-05 16:37:41,23.01,EUR,gameplay
EV0004910,E004804,P100060,G014,2024-05-16 11:49:23,13.06,EUR,gameplay
EV0005441,E005288,P100146,G015,2024-05-16 16:33:32,132.43,BRL,gameplay
EV0000606,E000606,P100107,G011,2024-01-23 23:41:27,32.5,USD,gameplay
EV0006919,E006671,P100190,G017,2024-06-15 04:33:11,113.33,BRL,gameplay
EV0006546,E006320,P100129,G004,2024-06-27 10:16:06,47.25,BRL,gameplay
EV0005653,E005482,P100180,G018,2024-05-24 01:29:51,35.18,USD,gameplay
EV0002464,E002464,P100041,G012,2024-03-30 16:45:30,9.51,USD,gameplay
EV0001711,E001711,P100106,G015,2024-02-08 14:58:41,38.1,BRL,gameplay
EV0003732,E003706,P100066,G015,2024-04-06 21:51:08,153.67,BRL,gameplay
EV0002412,E002412,P100030,G008,2024-03-22 09:13:59,22.78,GBP,gameplay
EV0004516,E004437,P100195,G012,2024-04-19 17:04:41,8.29,USD,gameplay
EV0005838,E005657,P100012,G004,2024-06-04 06:51:19,38.83,USD,gameplay
EV0001116,E001116,P100199,G018,2024-01-29 06:11:42,24.38,USD,bonus
EV0005450,E005296,P100148,G013,2024-05-01 14:33:14,100.35,BRL,gameplay
EV0000226,E000226,P100037,G017,2024-01-22 08:57:34,37.35,USD,gameplay
EV0000608,E000608,P100107,G011,2024-01-25 09:31:35,20.59,USD,gameplay
EV0004982,E004869,P100070,G013,2024-05-07 16:54:44,32.22,EUR,gameplay
EV0003200,E003200,P100180,G018,2024-03-31 20:31:33,17.8,USD,gameplay
EV0005520,E005359,P100158,G016,2024-05-25 07:41:30,194.8,BRL,gameplay
EV0004738,E004643,P100030,G008,2024-05-16 23:36:29,13.29,GBP,gameplay
EV0002573,E002573,P100063,G010,2024-03-03 05:08:39,364.65,BRL,bonus
EV0002746,E002746,P100096,G014,2024-03-05 21:08:54,167.69,BRL,gameplay
EV0006948,E006699,P100196,G014,2024-06-01 00:16:04,171.63,BRL,gameplay
EV0004573,E004486,P100003,G012,2024-05-07 08:11:47,102.15,BRL,gameplay
EV0003574,E003555,P100042,G017,2024-04-23 14:31:22,48.94,BRL,gameplay
EV0005005,E004892,P100074,G016,2024-05-23 04:07:30,5.63,EUR,gameplay
EV0002197,E002197,P100193,G004,2024-02-19 18:44:27,20.49,GBP,gameplay
EV0005874,E005691,P100017,G008,2024-06-14 00:13:58,1159.82,BRL,tournament
EV0006315,E006107,P100091,G006,2024-06-24 11:07:14,184.44,BRL,gameplay
EV0004960,E004849,P100066,G015,2024-05-07 13:16:30,313.8,BRL,bonus
EV0001922,E001922,P100142,G018,2024-02-10 00:29:02,36.79,BRL,gameplay
EV0001908,E001908,P100139,G017,2024-02-16 23:22:34,117.14,USD,tournament
EV0002365,E002365,P100020,G012,2024-03-31 15:47:38,62.44,BRL,gameplay
EV0005692,E005520,P100187,G016,2024-05-15 14:47:17,13.16,USD,gameplay
EV0006723,E006488,P100158,G016,2024-06-27 04:38:55,251.13,BRL,bonus
EV0003998,E003957,P100115,G008,2024-04-10 05:59:14,59.91,BRL,gameplay
EV0000330,E000330,P100054,G015,2024-01-29 00:23:59,6.93,EUR,gameplay
EV0001586,E001586,P100085,G009,2024-02-13 10:27:43,4.44,GBP,gameplay
EV0002500,E002500,P100048,G005,2024-03-25 17:41:12,21.82,EUR,gameplay
EV0003045,E003045,P100152,G002,2024-03-08 13:48:45,10.55,USD,gameplay
EV0003460,E003449,P100026,G014,2024-04-03 22:05:45,23.81,GBP,bonus
EV0003798,E003769,P100080,G013,2024-04-12 05:29:47,38.98,USD,gameplay
EV0002683,E002683,P100082,G009,2024-03-24 22:09:13,20.45,EUR,gameplay
EV0001582,E001582,P100084,G001,2024-02-10 22:24:03,11.68,EUR,gameplay
EV0005799,E005621,P100005,G002,2024-06-15 20:02:18,216.09,EUR,tournament
EV0001774,E001774,P100117,G002,2024-02-10 05:04:17,8.43,GBP,gameplay
EV0001214,E001214,P100015,G006,2024-02-21 14:05:00,23.64,EUR,gameplay
EV0002212,E002212,P100196,G014,2024-02-13 17:04:22,100.61,BRL,gameplay
EV0006776,E006538,P100168,G004,2024-06-21 21:58:39,32.87,USD,gameplay
EV0002091,E002091,P100173,G018,2024-02-09 19:24:40,19.64,USD,gameplay
EV0006129,E005934,P100061,G003,2024-06-02 08:34:22,36.73,EUR,gameplay
EV0000607,E000607,P100107,G011,2024-01-22 23:21:56,17.58,USD,gameplay
EV0003608,E003588,P100049,G002,2024-04-23 00:36:21,5.34,EUR,gameplay
EV0003665,E003641,P100058,G014,2024-04-16 00:51:20,58.52,BRL,gameplay
EV0002492,E002492,P100047,G018,2024-03-12 21:11:37,14.26,EUR,gameplay
EV0001275,E001275,P100025,G016,2024-02-08 22:03:33,54.52,GBP,bonus
EV0000413,E000413,P100071,G004,2024-01-19 20:48:43,207.75,USD,tournament
EV0002303,E002303,P100009,G005,2024-03-07 23:53:58,6.27,GBP,gameplay
EV0005272,E005135,P100118,G003,2024-05-04 05:28:10,68.39,EUR,bonus
EV0001847,E001847,P100131,G004,2024-02-28 22:17:25,60.41,BRL,gameplay
EV0006025,E005833,P100043,G004,2024-06-28 15:12:50,16.86,USD,gameplay
EV0001036,E001036,P100183,G008,2024-01-17 12:30:51,52.48,EUR,tournament
EV0004003,E003961,P100115,G008,2024-04-13 03:56:42,180.2,BRL,gameplay
EV0003772,E003744,P100074,G016,2024-04-13 09:57:00,21.97,EUR,gameplay
EV0001703,E001703,P100105,G012,2024-02-25 18:06:46,30.26,GBP,gameplay
EV0002421,E002421,P100031,G002,2024-03-29 23:21:56,10.38,USD,gameplay
EV0006532,E006306,P100127,G015,2024-06-06 10:30:09,74.89,GBP,tournament
EV0000914,E000914,P100159,G010,2024-01-20 18:08:32,159.71,BRL,gameplay
EV0002923,E002923,P100129,G004,2024-03-12 20:21:26,143.02,BRL,gameplay
EV0000951,E000951,P100166,G003,2024-01-10 15:05:08,174.86,USD,tournament
EV0003797,E003768,P100080,G013,2024-04-20 04:06:43,12.9,USD,gameplay
EV0005224,E005089,P100108,G016,2024-05-28 07:49:18,19.86,EUR,gameplay
EV0001402,E001402,P100054,G015,2024-02-26 00:29:33,35.19,EUR,gameplay
EV0003452,E003441,P100025,G016,2024-04-02 23:15:57,6.35,GBP,gameplay
EV0001357,E001357,P100044,G007,2024-02-08 17:41:50,53.28,EUR,bonus
EV0001670,E001670,P100100,G011,2024-02-21 20:09:14,176.9,BRL,gameplay
EV0005277,E005139,P100119,G014,2024-05-16 13:41:30,18.06,USD,gameplay
EV0002465,E002465,P100041,G012,2024-03-27 19:14:46,8.67,USD,gameplay
EV0001174,E001174,P100008,G018,2024-02-26 08:42:35,5.6,EUR,gameplay
EV0006620,E006390,P100142,G018,2024-06-29 07:25:26,697.15,BRL,tournament
EV0000545,E000545,P100095,G014,2024-01-06 22:37:11,37.24,USD,gameplay
EV0004645,E004553,P100016,G016,2024-05-09 03:53:40,55.77,USD,bonus
EV0001160,E001160,P100006,G007,2024-02-23 18:06:37,29.7,GBP,gameplay
EV0002754,E002754,P100097,G014,2024-03-25 02:27:38,11.52,GBP,gameplay
EV0004784,E004687,P100041,G012,2024-05-31 03:07:56,37.19,USD,gameplay
EV0003883,E003852,P100096,G014,2024-04-03 08:58:21,348.98,BRL,bonus
EV0006169,E005973,P100068,G007,2024-06-09 10:41:02,103.99,BRL,gameplay
EV0005930,E005745,P100027,G011,2024-06-06 02:48:41,37.6,USD,gameplay
EV0002879,E002879,P100120,G010,2024-03-22 21:35:46,190.01,BRL,gameplay
EV0006629,E006399,P100144,G016,2024-06-25 02:03:25,26.72,USD,gameplay
EV0003858,E003827,P100092,G001,2024-04-03 22:12:15,181.55,BRL,gameplay
EV0003387,E003380,P100013,G014,2024-04-09 10:51:51,86.28,BRL,gameplay
EV0000244,E000244,P100039,G003,2024-01-10 15:50:04,11.39,GBP,gameplay
EV0000806,E000806,P100140,G017,2024-01-25 08:35:30,18.75,GBP,gameplay
EV0003225,E003225,P100185,G012,2024-03-01 04:59:54,30.2,GBP,gameplay
EV0003698,E003674,P100062,G010,2024-04-25 18:28:08,79.84,USD,bonus
EV0001816,E001816,P100123,G010,2024-02-04 11:50:58,108.59,BRL,gameplay
EV0002436,E002436,P100034,G016,2024-03-15 18:55:33,103.28,BRL,gameplay
EV0000471,E000471,P100081,G014,2024-01-24 01:37:45,191.99,BRL,bonus
EV0003192,E003192,P100179,G011,2024-03-28 08:50:25,30.88,USD,gameplay
EV0004215,E004155,P100150,G010,2024-04-16 22:10:36,18.91,EUR,bonus
EV0002328,E002328,P100014,G004,2024-03-26 12:20:35,15.26,EUR,gameplay
EV0006507,E006284,P100123,G010,2024-06-24 16:26:59,81.95,BRL,gameplay
EV0002290,E002290,P100006,G007,2024-03-17 12:30:39,23.78,GBP,gameplay
EV0001169,E001169,P100008,G018,2024-02-28 02:40:13,122.87,EUR,tournament
EV0003065,E003065,P100155,G009,2024-03-20 16:31:48,69.69,EUR,bonus
EV0006913,E006665,P100189,G009,2024-06-23 02:08:18,112.08,EUR,tournament
EV0005718,E005544,P100192,G008,2024-05-02 15:52:18,23.63,GBP,gameplay
EV0001851,E001851,P100131,G004,2024-02-12 20:52:04,125.89,BRL,gameplay
EV0001018,E001018,P100180,G018,2024-01-21 11:18:13,6.51,USD,gameplay
EV0002399,E002399,P100028,G006,2024-03-26 11:27:41,78.44,GBP,tournament
EV0001009,E001009,P100179,G011,2024-01-10 13:44:51,25.78,USD,gameplay
EV0005330,E005185,P100125,G011,2024-05-15 14:38:23,20.42,USD,gameplay
EV0004020,E003976,P100119,G014,2024-04-28 08:50:39,40.94,USD,bonus
EV0005474,E005317,P100150,G010,2024-05-19 18:41:26,19.05,EUR,gameplay
EV0002294,E002294,P100007,G013,2024-03-10 06:14:09,31.87,EUR,bonus
EV0001572,E001572,P100083,G013,2024-02-03 03:05:21,45.84,BRL,gameplay
EV0002928,E002928,P100129,G004,2024-03-10 01:54:06,170.93,BRL,gameplay
EV0004705,E004612,P100025,G016,2024-05-25 11:12:43,11.95,GBP,gameplay
EV0000059,E000059,P100010,G005,2024-01-11 04:02:22,197.04,USD,tournament
EV0000148,E000148,P100024,G007,2024-01-29 05:59:58,111.5,BRL,bonus
EV0006881,E006636,P100184,G014,2024-06-28 14:39:25,18.02,USD,gameplay
EV0000766,E000766,P100134,G016,2024-01-14 11:50:45,189.57,BRL,gameplay
EV0005031,E004916,P100078,G014,2024-05-24 17:11:24,14.01,EUR,gameplay
EV0002792,E002792,P100104,G008,2024-03-01 15:32:39,171.86,BRL,bonus
EV0003819,E003790,P100084,G001,2024-04-11 05:07:53,208.26,EUR,tournament
EV0000790,E000790,P100138,G008,2024-01-18 18:09:20,5.96,EUR,gameplay
EV0001037,E001037,P100183,G008,2024-01-15 15:15:05,198.22,EUR,tournament
EV0006211,E006011,P100074,G016,2024-06-09 08:18:33,21.37,EUR,gameplay
EV0005754,E005577,P100199,G018,2024-05-10 12:00:18,14.8,USD,gameplay
EV0005253,E005117,P100115,G008,2024-05-23 21:00:42,29.46,BRL,gameplay
EV0004800,E004703,P100042,G017,2024-05-01 00:32:02,408.96,BRL,tournament
EV0003680,E003656,P100060,G014,2024-04-19 14:59:19,23.15,EUR,gameplay
EV0003301,E003301,P100203,G005,2024-03-14 03:23:39,75.11,USD,bonus
EV0001368,E001368,P100047,G018,2024-02-11 06:29:38,36.67,EUR,gameplay
EV0002698,E002698,P100084,G001,2024-03-30 20:09:38,31.94,EUR,bonus
EV0004639,E004548,P100015,G006,2024-05-21 22:46:21,8.16,EUR,gameplay
EV0003207,E003207,P100181,G001,2024-03-07 12:19:05,173.83,BRL,gameplay
EV0000036,E000036,P100006,G007,2024-01-24 07:28:39,13.79,GBP,gameplay
EV0006240,E006039,P100079,G014,2024-06-17 22:08:42,35.06,USD,gameplay
EV0002096,E002096,P100173,G018,2024-02-04 05:29:20,28.18,USD,gameplay
EV0005188,E005056,P100103,G016,2024-05-01 01:36:13,29.38,GBP,gameplay
EV0006182,E005985,P100069,G003,2024-06-30 12:29:17,28.17,GBP,gameplay
EV0000546,E000546,P100096,G014,2024-01-20 10:32:56,140.35,BRL,gameplay
EV0003056,E003056,P100153,G014,2024-03-27 22:03:43,39.97,EUR,bonus
EV0000718,E000718,P100127,G015,2024-01-21 23:40:56,20.14,GBP,gameplay
EV0004904,E004798,P100059,G017,2024-05-18 04:58:52,26.28,GBP,gameplay
EV0005259,E005122,P100115,G008,2024-05-19 03:05:51,101.99,BRL,gameplay
EV0004374,E004305,P100175,G009,2024-04-18 07:12:56,35.98,USD,gameplay
EV0003063,E003063,P100154,G013,2024-03-07 04:25:41,11.19,EUR,gameplay
EV0005020,E004906,P100076,G010,2024-05-13 10:39:17,9.33,GBP,gameplay
EV0006390,E006176,P100103,G016,2024-06-21 01:20:20,24.55,GBP,gameplay
EV0002768,E002768,P100100,G011,2024-03-10 20:15:13,153.32,BRL,gameplay
EV0003382,E003376,P100013,G014,2024-04-04 07:53:20,117.83,BRL,gameplay
EV0005924,E005739,P100027,G011,2024-06-04 18:54:32,7.86,USD,gameplay
EV0001135,E001135,P100002,G004,2024-02-16 21:01:11,34.06,USD,gameplay
EV0003646,E003623,P100055,G007,2024-04-30 22:48:16,162.83,EUR,tournament
EV0005538,E005376,P100160,G002,2024-05-15 01:27:00,20.49,GBP,gameplay
EV0001686,E001686,P100102,G014,2024-02-28 17:22:57,63.15,USD,bonus
EV0003902,E003869,P100100,G011,2024-04-06 11:22:50,112.54,BRL,gameplay
EV0002009,E002009,P100158,G016,2024-02-14 22:39:31,86.79,BRL,gameplay
EV0001803,E001803,P100121,G009,2024-02-02 06:47:12,25.24,USD,gameplay
EV0006125,E005931,P100060,G014,2024-06-15 04:27:16,13.39,EUR,gameplay
EV0002115,E002115,P100177,G012,2024-02-20 04:06:47,172.54,BRL,gameplay
EV0001389,E001389,P100052,G011,2024-02-29 18:51:01,12.88,GBP,gameplay
EV0001190,E001190,P100011,G015,2024-02-04 17:55:15,33.43,USD,gameplay
EV0004449,E004374,P100186,G002,2024-04-29 10:37:53,22.08,GBP,gameplay
EV0000599,E000599,P100105,G012,2024-01-07 03:11:42,26.59,GBP,gameplay
EV0001499,E001499,P100072,G008,2024-02-05 10:11:40,49.33,GBP,bonus
EV0000736,E000736,P100130,G013,2024-01-07 08:52:24,107.49,BRL,gameplay
EV0002447,E002447,P100037,G017,2024-03-13 06:16:54,11.52,USD,gameplay
EV0000568,E000568,P100100,G011,2024-01-06 18:54:16,71.38,BRL,gameplay
EV0004438,E004365,P100185,G012,2024-04-20 09:51:59,5.08,GBP,gameplay
EV0000933,E000933,P100164,G018,2024-01-07 17:24:53,20.0,EUR,gameplay
EV0001860,E001860,P100132,G007,2024-02-25 13:20:52,30.47,GBP,bonus
EV0006812,E006570,P100174,G005,2024-06-11 06:41:54,29.26,GBP,gameplay
EV0001147,E001147,P100003,G012,2024-02-02 00:37:02,541.48,BRL,tournament
EV0006017,E005826,P100042,G017,2024-06-19 03:42:47,155.67,BRL,gameplay
EV0004277,E004213,P100160,G002,2024-04-19 15:58:54,19.51,GBP,gameplay
EV0004991,E004878,P100071,G004,2024-05-05 15:54:17,34.08,USD,gameplay
EV0005990,E005801,P100037,G017,2024-06-06 11:47:24,31.0,USD,gameplay
EV0005238,E005103,P100111,G005,2024-05-16 09:23:45,152.57,BRL,gameplay
EV0000018,E000018,P100003,G012,2024-01-21 06:20:38,167.05,BRL,gameplay
EV0004726,E004632,P100028,G006,2024-05-26 07:31:53,19.81,GBP,bonus
EV0002613,E002613,P100069,G003,2024-03-14 00:55:08,23.91,GBP,gameplay
EV0004897,E004791,P100058,G014,2024-05-09 12:06:53,69.59,BRL,gameplay
EV0002509,E002509,P100051,G005,2024-03-02 06:06:29,27.06,EUR,gameplay
EV0006350,E006139,P100097,G014,2024-06-18 06:15:45,133.38,GBP,tournament
EV0006608,E006378,P100138,G008,2024-06-29 22:01:33,25.88,EUR,gameplay
EV0001258,E001258,P100023,G002,2024-02-19 23:29:48,28.69,EUR,bonus
EV0003312,E003311,P100001,G003,2024-04-17 03:02:13,1068.63,BRL,tournament
EV0000034,E000034,P100005,G002,2024-01-20 12:09:10,49.28,EUR,bonus
EV0005198,E005065,P100105,G012,2024-05-09 13:56:01,25.57,GBP,bonus
EV0005962,E005774,P100032,G015,2024-06-09 01:13:47,27.92,USD,gameplay
EV0003177,E003177,P100177,G012,2024-03-08 17:25:28,188.91,BRL,gameplay
EV0000435,E000435,P100074,G016,2024-01-22 13:12:52,18.33,EUR,gameplay
EV0002631,E002631,P100072,G008,2024-03-13 04:39:20,27.4,GBP,gameplay
EV0004269,E004206,P100159,G010,2024-04-12 11:14:44,161.14,BRL,bonus
EV0006202,E006004,P100072,G008,2024-06-16 01:29:33,80.56,GBP,tournament
EV0006553,E006325,P100130,G013,2024-06-05 10:49:27,72.44,BRL,gameplay
EV0002335,E002335,P100015,G006,2024-03-24 13:52:09,36.78,EUR,gameplay
EV0000192,E000192,P100031,G002,2024-01-08 07:19:54,23.83,USD,gameplay
EV0000807,E000807,P100140,G017,2024-01-23 22:42:01,30.87,GBP,gameplay
EV0004405,E004333,P100180,G018,2024-04-26 12:56:50,54.4,USD,bonus
EV0006207,E006008,P100073,G015,2024-06-06 16:03:48,9.53,USD,gameplay
EV0006758,E006520,P100163,G003,2024-06-10 18:25:57,192.84,BRL,gameplay
EV0001117,E001117,P100199,G018,2024-01-28 23:17:37,8.18,USD,gameplay
EV0002730,E002730,P100094,G010,2024-03-28 15:14:45,27.12,EUR,gameplay
EV0000492,E000492,P100084,G001,2024-01-11 13:56:43,23.94,EUR,gameplay
EV0006312,E006105,P100091,G006,2024-06-04 03:51:18,135.4,BRL,gameplay
EV0002759,E002759,P100098,G009,2024-03-23 18:44:35,27.14,GBP,gameplay
EV0001517,E001517,P100075,G017,2024-02-16 02:23:25,178.24,BRL,gameplay
EV0004747,E004651,P100032,G015,2024-05-22 16:18:32,36.08,USD,gameplay
EV0004581,E004493,P100004,G008,2024-05-28 18:44:23,12.86,EUR,gameplay
EV0005251,E005115,P100114,G002,2024-05-13 21:59:14,20.14,GBP,bonus
EV0001118,E001118,P100199,G018,2024-01-17 23:39:15,10.62,USD,gameplay
EV0001373,E001373,P100048,G005,2024-02-04 11:52:24,129.37,EUR,tournament
EV0000364,E000364,P100061,G003,2024-01-05 07:18:16,26.08,EUR,gameplay
EV0005353,E005208,P100129,G004,2024-05-14 05:36:52,90.07,BRL,gameplay
EV0006701,E006468,P100156,G018,2024-06-02 03:25:21,11.4,USD,gameplay
EV0003211,E003211,P100182,G006,2024-03-02 00:39:17,32.66,EUR,gameplay
EV0002457,E002457,P100039,G003,2024-03-08 07:56:14,26.13,GBP,gameplay
EV0002944,E002944,P100132,G007,2024-03-07 23:45:08,4.27,GBP,gameplay
EV0002129,E002129,P100180,G018,2024-02-18 15:34:31,12.32,USD,gameplay
EV0002490,E002490,P100047,G018,2024-03-15 00:39:02,31.44,EUR,gameplay
EV0006839,E006595,P100178,G015,2024-06-12 20:37:41,25.16,EUR,gameplay
EV0003352,E003347,P100008,G018,2024-04-18 01:26:30,5.46,EUR,gameplay
EV0003510,E003494,P100032,G015,2024-04-10 05:20:51,11.83,USD,gameplay
EV0004316,E004249,P100166,G003,2024-04-07 08:02:38,17.31,USD,gameplay
EV0002205,E002205,P100194,G005,2024-02-07 05:19:19,142.1,BRL,gameplay
EV0002797,E002797,P100106,G015,2024-03-23 00:24:36,36.76,BRL,gameplay
EV0006658,E006427,P100148,G013,2024-06-03 20:10:08,126.8,BRL,gameplay
EV0002413,E002413,P100030,G008,2024-03-03 01:48:26,19.72,GBP,gameplay
EV0002458,E002458,P100039,G003,2024-03-05 00:18:15,25.55,GBP,gameplay
EV0004278,E004214,P100160,G002,2024-04-02 08:11:38,14.96,GBP,bonus
EV0003373,E003367,P100011,G015,2024-04-14 03:14:13,90.91,USD,tournament
EV0001369,E001369,P100047,G018,2024-02-05 20:59:00,34.42,EUR,gameplay
EV0006874,E006629,P100184,G014,2024-06-23 20:02:24,22.19,USD,gameplay
EV0003242,E003242,P100188,G015,2024-03-06 11:30:29,8.56,GBP,gameplay
EV0004936,E004826,P100063,G010,2024-05-10 05:09:00,43.4,BRL,gameplay
EV0003374,E003368,P100012,G004,2024-04-08 01:58:16,33.92,USD,bonus
EV0005536,E005374,P100160,G002,2024-05-22 02:16:44,125.09,GBP,tournament
EV0004210,E004150,P100150,G010,2024-04-15 01:25:46,13.55,EUR,gameplay
EV0005350,E005205,P100129,G004,2024-05-31 18:49:36,379.9,BRL,bonus
EV0002476,E002476,P100044,G007,2024-03-24 06:15:38,28.68,EUR,gameplay
EV0002576,E002576,P100064,G006,2024-03-20 18:26:10,34.13,GBP,bonus
EV0002307,E002307,P100010,G005,2024-03-18 18:13:38,11.91,USD,gameplay
EV0006405,E006191,P100106,G015,2024-06-03 03:05:20,1153.31,BRL,tournament
EV0004091,E004041,P100132,G007,2024-04-03 22:13:21,7.72,GBP,gameplay
EV0003908,E003873,P100100,G011,2024-04-13 08:16:04,118.59,BRL,gameplay
EV0005954,E005767,P100032,G015,2024-06-19 00:03:46,27.15,USD,gameplay
EV0006225,E006024,P100077,G008,2024-06-02 11:19:33,36.85,USD,gameplay
EV0001234,E001234,P100018,G018,2024-02-08 15:43:06,28.69,GBP,gameplay
EV0003596,E003576,P100047,G018,2024-04-20 21:39:06,20.58,EUR,gameplay
EV0004887,E004781,P100056,G017,2024-05-20 10:12:05,1019.46,BRL,tournament
EV0004369,E004300,P100174,G005,2024-04-19 10:19:28,9.48,GBP,gameplay
EV0001872,E001872,P100134,G016,2024-02-27 17:00:59,169.35,BRL,gameplay
EV0003701,E003676,P100062,G010,2024-04-21 22:50:26,11.75,USD,gameplay
EV0000300,E000300,P100049,G002,2024-01-05 07:09:45,27.34,EUR,gameplay
EV0006436,E006216,P100110,G018,2024-06-05 14:11:51,147.93,BRL,gameplay
EV0006237,E006036,P100079,G014,2024-06-14 22:18:02,13.94,USD,gameplay
EV0001712,E001712,P100107,G011,2024-02-24 00:38:06,23.44,USD,gameplay
EV0004802,E004705,P100043,G004,2024-05-30 06:14:20,35.22,USD,gameplay
EV0005715,E005542,P100192,G008,2024-05-23 03:30:00,3.97,GBP,gameplay
EV0005547,E005383,P100161,G012,2024-05-31 04:23:20,29.21,EUR,gameplay
EV0004338,E004269,P100169,G012,2024-04-10 14:51:43,14.71,GBP,gameplay
EV0002488,E002488,P100046,G011,2024-03-28 21:58:09,86.46,BRL,gameplay
EV0000374,E000374,P100064,G006,2024-01-25 07:08:12,5.56,GBP,gameplay
EV0002706,E002706,P100086,G013,2024-03-21 20:29:09,360.76,BRL,tournament
EV0004363,E004294,P100173,G018,2024-04-14 04:19:34,70.51,USD,tournament
EV0001464,E001464,P100063,G010,2024-02-24 02:24:57,99.52,BRL,gameplay
EV0006872,E006627,P100183,G008,2024-06-13 19:40:26,28.74,EUR,gameplay
EV0006518,E006294,P100125,G011,2024-06-12 11:43:41,29.04,USD,gameplay
EV0006887,E006641,P100185,G012,2024-06-11 21:30:44,16.34,GBP,gameplay
EV0002336,E002336,P100015,G006,2024-03-19 06:35:05,48.12,EUR,bonus
EV0006653,E006422,P100147,G014,2024-06-03 11:57:30,11.53,USD,gameplay
EV0000940,E000940,P100165,G016,2024-01-23 16:17:26,28.29,EUR,gameplay
EV0001884,E001884,P100136,G004,2024-02-23 14:41:09,38.05,USD,gameplay
EV0001766,E001766,P100116,G013,2024-02-22 14:05:56,9.9,EUR,gameplay
EV0004720,E004626,P100027,G011,2024-05-25 17:45:16,38.98,USD,gameplay
EV0001974,E001974,P100150,G010,2024-02-16 14:43:18,11.03,EUR,gameplay
EV0006316,E006107,P100091,G006,2024-06-24 11:07:20,184.44,BRL,gameplay
EV0002474,E002474,P100044,G007,2024-03-11 00:39:03,27.07,EUR,gameplay
EV0001136,E001136,P100002,G004,2024-02-05 09:39:39,28.77,USD,gameplay
EV0006986,E006736,P100214,G016,2024-06-05 00:15:53,147.83,BRL,gameplay
EV0005700,E005528,P100190,G017,2024-05-11 05:23:29,171.06,BRL,gameplay
EV0001881,E001881,P100135,G010,2024-02-03 02:31:03,11.36,EUR,gameplay
EV0002411,E002411,P100030,G008,2024-03-05 23:19:00,32.7,GBP,bonus
EV0005107,E004983,P100091,G006,2024-05-11 19:16:18,257.43,BRL,tournament
EV0002814,E002814,P100110,G018,2024-03-26 08:29:15,90.34,BRL,gameplay
EV0002386,E002386,P100025,G016,2024-03-31 04:14:42,7.3,GBP,gameplay
EV0005293,E005152,P100121,G009,2024-05-20 00:00:22,8.96,USD,gameplay
EV0005348,E005203,P100128,G016,2024-05-24 18:08:10,5.04,GBP,gameplay
EV0003329,E003325,P100003,G012,2024-04-19 15:42:29,306.71,BRL,tournament
EV0000255,E000255,P100040,G007,2024-01-26 13:43:31,34.67,USD,gameplay
EV0003863,E003832,P100093,G007,2024-04-11 23:14:30,85.59,EUR,tournament
EV0001591,E001591,P100086,G013,2024-02-10 04:13:13,148.73,BRL,gameplay
EV0002915,E002915,P100126,G009,2024-03-20 02:04:10,186.65,BRL,gameplay
EV0005124,E004998,P100094,G010,2024-05-19 14:47:53,33.44,EUR,gameplay
EV0006324,E006114,P100092,G001,2024-06-14 14:09:14,85.37,BRL,gameplay
EV0001028,E001028,P100182,G006,2024-01-05 03:54:29,6.56,EUR,gameplay
EV0005374,E005226,P100133,G002,2024-05-05 18:29:12,10.07,GBP,gameplay
EV0004395,E004324,P100178,G015,2024-04-07 06:04:26,19.76,EUR,gameplay
EV0001489,E001489,P100069,G003,2024-02-01 00:21:52,4.29,GBP,gameplay
EV0006243,E006042,P100080,G013,2024-06-28 09:47:37,20.66,USD,gameplay
EV0006172,E005976,P100068,G007,2024-06-21 19:16:21,181.18,BRL,gameplay
EV0001861,E001861,P100133,G002,2024-02-16 15:02:17,5.19,GBP,gameplay
EV0005550,E005386,P100161,G012,2024-05-03 10:27:04,29.29,EUR,gameplay
EV0002910,E002910,P100125,G011,2024-03-04 00:15:04,10.44,USD,gameplay
EV0004360,E004291,P100173,G018,2024-04-10 09:48:21,23.53,USD,gameplay
EV0003451,E003440,P100025,G016,2024-04-18 02:52:18,7.13,GBP,gameplay
EV0004207,E004147,P100149,G016,2024-04-20 00:54:07,29.88,EUR,gameplay
EV0000184,E000184,P100029,G018,2024-01-02 12:28:14,27.13,USD,bonus
EV0006409,E006194,P100106,G015,2024-06-11 09:26:23,592.32,BRL,tournament
EV0000071,E000071,P100012,G004,2024-01-30 11:39:27,30.44,USD,gameplay
EV0005392,E005243,P100136,G004,2024-05-13 12:44:49,35.76,USD,gameplay
EV0005571,E005406,P100164,G018,2024-05-04 03:04:19,18.96,EUR,gameplay
EV0005143,E005015,P100097,G014,2024-05-23 02:47:00,25.68,GBP,gameplay
EV0006265,E006060,P100083,G013,2024-06-22 13:02:33,37.51,BRL,gameplay
EV0001782,E001782,P100118,G003,2024-02-01 04:54:06,31.4,EUR,gameplay
EV0006372,E006160,P100100,G011,2024-06-09 23:33:26,108.18,BRL,gameplay
EV0001668,E001668,P100099,G015,2024-02-27 13:12:30,27.31,USD,bonus
EV0004520,E004441,P100196,G014,2024-04-10 21:40:15,242.45,BRL,bonus
EV0003916,E003880,P100102,G014,2024-04-19 01:26:31,50.27,USD,bonus
EV0005622,E005452,P100175,G009,2024-05-15 08:34:54,12.74,USD,gameplay
EV0006807,E006565,P100173,G018,2024-06-22 00:06:47,18.52,USD,gameplay
EV0003725,E003699,P100065,G007,2024-04-22 13:50:29,29.23,USD,gameplay
EV0005243,E005107,P100112,G015,2024-05-20 05:33:20,102.58,BRL,gameplay
EV0006646,E006415,P100146,G015,2024-06-21 06:08:37,664.63,BRL,tournament
EV0004472,E004396,P100190,G017,2024-04-07 18:33:04,81.57,BRL,gameplay
EV0006033,E005841,P100044,G007,2024-06-28 06:45:10,9.62,EUR,gameplay
EV0004380,E004311,P100175,G009,2024-04-05 06:36:55,32.51,USD,gameplay
EV0001737,E001737,P100111,G005,2024-02-26 23:14:44,163.02,BRL,gameplay
EV0004187,E004130,P100146,G015,2024-04-22 03:13:55,178.62,BRL,gameplay
EV0001935,E001935,P100144,G016,2024-02-12 14:22:27,28.98,USD,gameplay
EV0003880,E003849,P100096,G014,2024-04-06 16:25:33,161.32,BRL,gameplay
EV0006924,E006676,P100191,G004,2024-06-26 13:03:42,15.33,GBP,gameplay
EV0006642,E006411,P100145,G002,2024-06-10 05:21:49,9.43,EUR,gameplay
EV0003039,E003039,P100151,G004,2024-03-18 16:47:00,74.85,USD,tournament
EV0002635,E002635,P100073,G015,2024-03-16 17:09:50,33.87,USD,gameplay
EV0002594,E002594,P100066,G015,2024-03-14 21:14:13,41.53,BRL,gameplay
EV0003309,E003309,P100214,G016,2024-03-31 07:16:30,174.71,BRL,gameplay
EV0004445,E004371,P100186,G002,2024-04-01 09:20:58,11.13,GBP,gameplay
EV0002770,E002770,P100100,G011,2024-03-13 15:45:17,632.59,BRL,tournament
EV0001197,E001197,P100013,G014,2024-02-02 20:41:11,30.18,BRL,gameplay
EV0000808,E000808,P100141,G016,2024-01-02 08:10:03,141.4,BRL,gameplay
EV0006662,E006431,P100149,G016,2024-06-25 11:26:29,26.58,EUR,bonus
EV0004563,E004478,P100001,G003,2024-05-05 04:17:02,50.55,BRL,gameplay
EV0006159,E005963,P100065,G007,2024-06-15 21:31:13,34.17,USD,gameplay
EV0003049,E003049,P100152,G002,2024-03-25 09:55:55,31.26,USD,gameplay
EV0001651,E001651,P100097,G014,2024-02-10 11:06:00,16.27,GBP,gameplay
EV0006611,E006381,P100140,G017,2024-06-21 22:20:36,10.58,GBP,gameplay
EV0002791,E002791,P100104,G008,2024-03-22 15:27:50,460.66,BRL,tournament
EV0006351,E006140,P100097,G014,2024-06-29 12:18:41,9.67,GBP,gameplay
EV0003941,E003903,P100105,G012,2024-04-23 12:13:03,15.48,GBP,gameplay
EV0005943,E005757,P100030,G008,2024-06-26 10:25:20,27.42,GBP,gameplay
EV0003899,E003866,P100099,G015,2024-04-26 19:04:08,17.36,USD,gameplay
EV0001057,E001057,P100189,G009,2024-01-10 13:43:34,24.94,EUR,gameplay
EV0002178,E002178,P100188,G015,2024-02-23 02:36:59,19.18,GBP,gameplay
EV0004133,E004080,P100138,G008,2024-04-01 05:15:33,11.3,EUR,gameplay
EV0000313,E000313,P100051,G005,2024-01-03 20:23:16,66.02,EUR,bonus
EV0006302,E006095,P100089,G007,2024-06-17 11:43:05,7.8,EUR,gameplay
EV0000233,E000233,P100037,G017,2024-01-21 08:50:28,32.85,USD,bonus
EV0006788,E006549,P100170,G018,2024-06-14 15:11:02,25.82,USD,gameplay
EV0006136,E005941,P100062,G010,2024-06-26 20:45:23,33.71,USD,gameplay
EV0002695,E002695,P100083,G013,2024-03-22 17:26:23,182.84,BRL,gameplay
EV0002495,E002495,P100048,G005,2024-03-03 10:15:23,53.31,EUR,bonus
EV0003113,E003113,P100165,G016,2024-03-27 09:52:00,5.27,EUR,gameplay
EV0003740,E003713,P100067,G011,2024-04-13 17:18:45,118.65,USD,tournament
EV0002862,E002862,P100117,G002,2024-03-26 23:00:09,6.02,GBP,gameplay
EV0002154,E002154,P100184,G014,2024-02-08 17:25:24,31.6,USD,gameplay
EV0000975,E000975,P100171,G015,2024-01-21 14:59:17,37.77,USD,gameplay
EV0003494,E003480,P100030,G008,2024-04-24 11:14:52,27.56,GBP,gameplay
EV0000656,E000656,P100118,G003,2024-01-20 22:43:45,194.44,EUR,tournament
EV0003892,E003861,P100098,G009,2024-04-23 16:20:52,19.31,GBP,gameplay
EV0005468,E005311,P100149,G016,2024-05-02 16:48:24,28.78,EUR,bonus
EV0002767,E002767,P100100,G011,2024-03-15 18:33:11,61.52,BRL,gameplay
EV0003311,E003310,P100001,G003,2024-04-15 13:00:12,170.17,BRL,gameplay
EV0000824,E000824,P100143,G008,2024-01-30 04:27:58,182.63,BRL,gameplay
EV0003037,E003037,P100150,G010,2024-03-17 05:08:04,65.62,EUR,bonus
EV0000720,E000720,P100127,G015,2024-01-26 02:28:19,18.56,GBP,gameplay
EV0001142,E001142,P100003,G012,2024-02-29 22:10:31,163.52,BRL,gameplay
EV0002497,E002497,P100048,G005,2024-03-30 15:51:53,6.62,EUR,gameplay
EV0003084,E003084,P100159,G010,2024-03-31 01:12:55,175.25,BRL,gameplay
EV0005885,E005702,P100019,G014,2024-06-29 12:04:05,66.38,EUR,bonus
EV0005856,E005674,P100015,G006,2024-06-27 22:31:29,112.54,EUR,tournament
EV0005394,E005244,P100136,G004,2024-05-09 19:10:27,75.18,USD,tournament
EV0004132,E004080,P100138,G008,2024-04-01 05:15:22,11.3,EUR,gameplay
EV0005784,E005606,P100003,G012,2024-06-28 05:13:47,155.48,BRL,gameplay
EV0005195,E005062,P100104,G008,2024-05-02 08:00:50,1145.44,BRL,tournament
EV0005504,E005344,P100156,G018,2024-05-25 12:17:20,33.25,USD,gameplay
EV0006442,E006222,P100112,G015,2024-06-24 23:58:16,51.52,BRL,gameplay
EV0006014,E005823,P100040,G007,2024-06-27 07:33:03,18.61,USD,gameplay
EV0000281,E000281,P100045,G009,2024-01-20 04:36:24,93.17,BRL,gameplay
EV0004052,E004006,P100125,G011,2024-04-16 10:53:42,157.09,USD,tournament
EV0002926,E002926,P100129,G004,2024-03-18 23:48:21,123.36,BRL,gameplay
EV0004062,E004015,P100127,G015,2024-04-27 13:57:19,23.67,GBP,gameplay
EV0000885,E000885,P100154,G013,2024-01-29 11:04:09,30.52,EUR,gameplay
EV0006836,E006592,P100178,G015,2024-06-26 01:08:56,40.36,EUR,bonus
EV0002918,E002918,P100127,G015,2024-03-04 16:49:51,24.08,GBP,gameplay
EV0003188,E003188,P100178,G015,2024-03-09 17:11:49,8.79,EUR,gameplay
EV0000563,E000563,P100099,G015,2024-01-07 19:55:49,31.03,USD,gameplay
EV0004158,E004104,P100143,G008,2024-04-23 17:50:07,146.12,BRL,gameplay
EV0004054,E004008,P100125,G011,2024-04-18 11:50:22,30.3,USD,gameplay
EV0002044,E002044,P100165,G016,2024-02-13 20:05:04,28.3,EUR,gameplay
EV0004164,E004109,P100143,G008,2024-04-17 10:40:32,35.75,BRL,gameplay
EV0005367,E005220,P100132,G007,2024-05-14 01:50:05,21.45,GBP,gameplay
EV0003195,E003195,P100179,G011,2024-03-11 05:34:48,28.82,USD,gameplay
EV0002131,E002131,P100180,G018,2024-02-24 02:58:06,35.05,USD,gameplay
EV0006179,E005983,P100069,G003,2024-06-27 00:20:06,148.94,GBP,tournament
EV0004611,E004522,P100010,G005,2024-05-16 19:13:02,70.55,USD,bonus
EV0005881,E005698,P100018,G018,2024-06-16 12:02:07,39.13,GBP,bonus
EV0004908,E004802,P100059,G017,2024-05-02 04:23:38,21.61,GBP,gameplay
EV0002471,E002471,P100043,G004,2024-03-23 04:25:13,22.18,USD,gameplay
EV0004693,E004600,P100022,G001,2024-05-07 15:55:09,34.47,EUR,bonus
EV0002988,E002988,P100139,G017,2024-03-20 17:47:40,13.76,USD,gameplay
EV0006304,E006097,P100090,G004,2024-06-09 06:58:11,7.63,EUR,gameplay
EV0001323,E001323,P100037,G017,2024-02-14 02:05:03,19.9,USD,gameplay
EV0004205,E004146,P100149,G016,2024-04-09 05:05:25,40.44,EUR,bonus
EV0000123,E000123,P100020,G012,2024-01-14 18:19:50,44.27,BRL,gameplay
EV0003550,E003532,P100039,G003,2024-04-10 21:21:59,28.83,GBP,gameplay
EV0006808,E006566,P100173,G018,2024-06-04 13:59:29,22.69,USD,gameplay
EV0000080,E000080,P100013,G014,2024-01-07 19:18:44,955.95,BRL,tournament
EV0004284,E004220,P100162,G002,2024-04-14 00:19:07,34.29,EUR,gameplay
EV0005627,E005457,P100176,G008,2024-05-02 10:47:50,27.85,GBP,gameplay
EV0004249,E004187,P100156,G018,2024-04-15 01:08:10,11.99,USD,gameplay
EV0004203,E004144,P100149,G016,2024-04-14 23:45:19,11.03,EUR,gameplay
EV0003099,E003099,P100163,G003,2024-03-19 19:40:26,131.2,BRL,gameplay
EV0006012,E005822,P100040,G007,2024-06-11 05:07:11,19.2,USD,gameplay
EV0000591,E000591,P100104,G008,2024-01-15 12:25:52,159.24,BRL,gameplay
EV0005145,E005016,P100097,G014,2024-05-21 20:59:59,21.93,GBP,gameplay
EV0005522,E005360,P100158,G016,2024-05-26 06:53:34,263.3,BRL,bonus
EV0002162,E002162,P100185,G012,2024-02-01 18:19:21,18.05,GBP,gameplay
EV0000650,E000650,P100117,G002,2024-01-09 08:54:34,21.6,GBP,gameplay
EV0001539,E001539,P100078,G014,2024-02-16 00:06:04,10.14,EUR,gameplay
EV0005569,E005404,P100164,G018,2024-05-09 08:19:43,36.57,EUR,bonus
EV0001629,E001629,P100092,G001,2024-02-11 12:11:22,33.83,BRL,gameplay
EV0001889,E001889,P100137,G010,2024-02-06 08:01:30,36.29,USD,gameplay
EV0004323,E004255,P100167,G018,2024-04-08 19:59:50,73.63,EUR,bonus
EV0001580,E001580,P100084,G001,2024-02-20 10:19:32,177.35,EUR,tournament
EV0006299,E006093,P100089,G007,2024-06-03 21:32:27,14.39,EUR,gameplay
EV0000774,E000774,P100136,G004,2024-01-18 10:54:23,73.17,USD,bonus
EV0005053,E004935,P100083,G013,2024-05-08 15:21:19,166.5,BRL,gameplay
EV0000178,E000178,P100028,G006,2024-01-18 12:33:08,8.74,GBP,gameplay
EV0004356,E004287,P100173,G018,2024-04-16 09:42:20,33.52,USD,gameplay
EV0002979,E002979,P100138,G008,2024-03-29 07:20:02,25.21,EUR,gameplay
EV0005059,E004940,P100084,G001,2024-05-21 13:48:48,30.59,EUR,gameplay
EV0003081,E003081,P100157,G014,2024-03-24 01:53:23,97.44,BRL,gameplay
EV0006339,E006128,P100094,G010,2024-06-08 07:26:12,16.81,EUR,gameplay
EV0003115,E003115,P100165,G016,2024-03-14 10:01:35,46.58,EUR,bonus
EV0006402,E006188,P100105,G012,2024-06-01 03:54:33,28.99,GBP,gameplay
EV0000750,E000750,P100132,G007,2024-01-07 00:44:24,107.03,GBP,tournament
EV0001573,E001573,P100083,G013,2024-02-24 03:36:23,191.5,BRL,gameplay
EV0000742,E000742,P100130,G013,2024-01-29 01:55:42,59.9,BRL,gameplay
EV0000488,E000488,P100083,G013,2024-01-01 10:48:53,90.47,BRL,gameplay
EV0004396,E004325,P100178,G015,2024-04-13 12:59:19,35.7,EUR,gameplay
EV0006651,E006420,P100147,G014,2024-06-10 09:12:24,28.12,USD,gameplay
EV0006039,E005847,P100044,G007,2024-06-16 15:23:33,35.7,EUR,gameplay
EV0004327,E004259,P100167,G018,2024-04-18 17:00:09,25.99,EUR,gameplay
EV0004216,E004156,P100150,G010,2024-04-11 01:44:29,21.36,EUR,gameplay
EV0001328,E001328,P100038,G013,2024-02-28 16:07:44,150.25,BRL,gameplay
EV0001145,E001145,P100003,G012,2024-02-06 16:03:25,125.02,BRL,gameplay
EV0004595,E004506,P100007,G013,2024-05-20 13:52:30,27.34,EUR,bonus
EV0000835,E000835,P100145,G002,2024-01-09 13:14:47,49.04,EUR,tournament
EV0004162,E004107,P100143,G008,2024-04-14 11:06:22,201.61,BRL,gameplay
EV0001490,E001490,P100070,G013,2024-02-29 03:51:53,6.71,EUR,gameplay
EV0004493,E004417,P100192,G008,2024-04-10 11:32:34,79.03,GBP,tournament
EV0004890,E004784,P100057,G004,2024-05-22 12:57:11,20.19,USD,gameplay
EV0006748,E006511,P100161,G012,2024-06-21 07:45:14,30.74,EUR,gameplay
EV0006846,E006602,P100179,G011,2024-06-24 12:50:43,13.14,USD,gameplay
EV0005755,E005578,P100199,G018,2024-05-04 15:46:35,20.95,USD,gameplay
EV0001924,E001924,P100142,G018,2024-02-27 00:03:16,87.79,BRL,gameplay
EV0003165,E003165,P100174,G005,2024-03-01 10:34:28,21.48,GBP,gameplay
EV0006635,E006405,P100144,G016,2024-06-21 18:12:24,6.37,USD,gameplay
EV0004859,E004756,P100052,G011,2024-05-05 08:50:11,4.43,GBP,gameplay
EV0002766,E002766,P100100,G011,2024-03-22 11:45:34,58.95,BRL,gameplay
EV0000198,E000198,P100031,G002,2024-01-18 06:30:13,194.86,USD,tournament
EV0005992,E005803,P100037,G017,2024-06-19 06:38:04,41.64,USD,bonus
EV0005179,E005047,P100101,G009,2024-05-11 17:14:30,96.65,BRL,gameplay
EV0006650,E006419,P100146,G015,2024-06-28 14:02:03,67.85,BRL,gameplay
EV0002371,E002371,P100022,G001,2024-03-02 04:54:15,34.16,EUR,gameplay
EV0004418,E004346,P100182,G006,2024-04-16 02:54:32,20.94,EUR,gameplay
EV0003799,E003770,P100080,G013,2024-04-11 22:48:47,46.98,USD,bonus
EV0006616,E006386,P100140,G017,2024-06-06 23:17:07,13.05,GBP,gameplay
EV0005234,E005099,P100110,G018,2024-05-10 00:29:06,104.64,BRL,gameplay
EV0004361,E004292,P100173,G018,2024-04-20 21:23:09,35.34,USD,gameplay
EV0003241,E003241,P100188,G015,2024-03-13 16:45:05,24.35,GBP,gameplay
EV0003253,E003253,P100190,G017,2024-03-05 07:57:10,123.28,BRL,gameplay
EV0005325,E005181,P100125,G011,2024-05-09 21:24:33,26.31,USD,gameplay
EV0006301,E006095,P100089,G007,2024-06-17 11:42:42,7.8,EUR,gameplay
EV0000573,E000573,P100101,G009,2024-01-03 11:14:56,119.22,BRL,gameplay
EV0001857,E001857,P100132,G007,2024-02-26 10:57:14,16.41,GBP,gameplay
EV0006652,E006421,P100147,G014,2024-06-27 12:15:32,30.49,USD,gameplay
EV0004432,E004359,P100184,G014,2024-04-26 13:51:33,23.24,USD,gameplay
EV0002655,E002655,P100077,G008,2024-03-02 20:53:44,24.52,USD,gameplay
EV0003720,E003694,P100064,G006,2024-04-06 05:52:35,184.29,GBP,tournament
EV0002318,E002318,P100012,G004,2024-03-16 03:43:19,31.82,USD,gameplay
EV0005948,E005762,P100030,G008,2024-06-28 23:24:42,9.8,GBP,gameplay
EV0003951,E003913,P100108,G016,2024-04-04 15:07:36,17.82,EUR,gameplay
EV0001699,E001699,P100104,G008,2024-02-12 20:38:23,25.58,BRL,gameplay
EV0004176,E004120,P100145,G002,2024-04-02 04:26:48,27.08,EUR,gameplay
EV0004103,E004053,P100134,G016,2024-04-21 04:30:06,56.84,BRL,gameplay
EV0005527,E005365,P100159,G010,2024-05-30 10:23:10,201.08,BRL,gameplay
EV0006580,E006351,P100134,G016,2024-06-19 11:09:43,213.86,BRL,bonus
EV0001856,E001856,P100132,G007,2024-02-11 22:00:45,57.4,GBP,tournament
EV0000104,E000104,P100017,G008,2024-01-13 04:48:23,171.22,BRL,bonus
EV0004064,E004017,P100127,G015,2024-04-21 16:49:16,59.15,GBP,bonus
EV0002295,E002295,P100008,G018,2024-03-04 20:12:22,28.63,EUR,gameplay
EV0002199,E002199,P100194,G005,2024-02-02 07:48:59,96.46,BRL,gameplay
EV0000612,E000612,P100108,G016,2024-01-25 18:13:58,153.37,EUR,tournament
EV0000461,E000461,P100079,G014,2024-01-01 07:16:38,26.04,USD,gameplay
EV0000077,E000077,P100012,G004,2024-01-25 02:36:08,36.04,USD,bonus
EV0001671,E001671,P100100,G011,2024-02-09 06:59:09,96.48,BRL,gameplay
EV0000433,E000433,P100074,G016,2024-01-20 04:07:48,23.13,EUR,gameplay
EV0004866,E004763,P100053,G004,2024-05-14 17:34:42,93.37,BRL,gameplay
EV0000724,E000724,P100128,G016,2024-01-20 07:50:00,162.85,GBP,tournament
EV0005412,E005262,P100140,G017,2024-05-13 18:01:17,45.06,GBP,bonus
EV0001605,E001605,P100088,G012,2024-02-27 22:01:25,440.62,BRL,tournament
EV0000273,E000273,P100044,G007,2024-01-15 18:27:24,33.22,EUR,gameplay
EV0002079,E002079,P100172,G002,2024-02-23 03:28:56,8.22,EUR,gameplay
EV0001877,E001877,P100135,G010,2024-02-15 21:07:33,36.22,EUR,bonus
EV0006151,E005955,P100064,G006,2024-06-03 10:57:30,19.44,GBP,gameplay
EV0003385,E003379,P100013,G014,2024-04-13 18:19:44,191.64,BRL,gameplay
EV0000320,E000320,P100052,G011,2024-01-13 04:41:43,12.02,GBP,gameplay
EV0004663,E004571,P100019,G014,2024-05-10 23:56:40,30.93,EUR,gameplay
EV0000603,E000603,P100107,G011,2024-01-07 10:31:28,7.44,USD,gameplay
EV0001089,E001089,P100194,G005,2024-01-27 18:19:31,169.93,BRL,gameplay
EV0001437,E001437,P100059,G017,2024-02-05 02:18:28,18.71,GBP,gameplay
EV0005071,E004950,P100085,G009,2024-05-08 11:28:43,7.99,GBP,gameplay
EV0000694,E000694,P100123,G010,2024-01-26 07:35:27,972.76,BRL,tournament
EV0004834,E004734,P100047,G018,2024-05-05 21:33:34,33.22,EUR,gameplay
EV0002077,E002077,P100171,G015,2024-02-01 11:13:18,34.14,USD,gameplay
EV0004822,E004722,P100045,G009,2024-05-22 01:39:47,57.51,BRL,gameplay
EV0000015,E000015,P100003,G012,2024-01-27 09:04:41,35.03,BRL,gameplay
EV0001087,E001087,P100194,G005,2024-01-23 18:48:58,122.51,BRL,gameplay
EV0000397,E000397,P100068,G007,2024-01-30 10:03:01,150.77,BRL,gameplay
EV0006837,E006593,P100178,G015,2024-06-23 11:14:19,4.87,EUR,gameplay
EV0000558,E000558,P100098,G009,2024-01-10 06:48:34,146.17,GBP,tournament
EV0002852,E002852,P100116,G013,2024-03-05 17:14:54,16.38,EUR,bonus
EV0005069,E004948,P100085,G009,2024-05-21 19:16:25,11.56,GBP,gameplay
EV0002846,E002846,P100116,G013,2024-03-18 17:56:57,26.34,EUR,bonus
EV0005676,E005505,P100184,G014,2024-05-02 04:26:13,50.64,USD,bonus
EV0006258,E006054,P100081,G014,2024-06-18 21:13:13,201.1,BRL,bonus
EV0005438,E005286,P100146,G015,2024-05-02 23:48:37,191.87,BRL,gameplay
EV0001485,E001485,P100068,G007,2024-02-12 05:13:45,52.54,BRL,gameplay
EV0002697,E002697,P100083,G013,2024-03-25 17:55:43,107.94,BRL,gameplay
EV0004548,E004464,P100200,G018,2024-04-10 00:37:20,26.9,EUR,gameplay
EV0002039,E002039,P100165,G016,2024-02-14 20:23:30,16.39,EUR,gameplay
EV0005791,E005613,P100004,G008,2024-06-21 22:23:30,59.56,EUR,bonus
EV0004771,E004674,P100038,G013,2024-05-18 06:23:12,169.63,BRL,bonus
EV0005682,E005511,P100185,G012,2024-05-05 01:36:28,22.58,GBP,gameplay
EV0006827,E006584,P100176,G008,2024-06-12 14:36:27,11.29,GBP,gameplay
EV0001610,E001610,P100089,G007,2024-02-28 01:05:07,22.97,EUR,gameplay
EV0002364,E002364,P100019,G014,2024-03-04 02:11:32,157.68,EUR,tournament
EV0002072,E002072,P100170,G018,2024-02-12 09:10:07,32.01,USD,bonus
EV0002177,E002177,P100188,G015,2024-02-09 17:22:07,39.04,GBP,tournament
EV0006422,E006203,P100107,G011,2024-06-09 21:53:05,33.62,USD,bonus
EV0001559,E001559,P100082,G009,2024-02-16 21:54:44,35.24,EUR,gameplay
EV0000537,E000537,P100094,G010,2024-01-26 09:35:33,25.14,EUR,gameplay
EV0004092,E004042,P100133,G002,2024-04-12 19:08:13,22.48,GBP,gameplay
EV0003871,E003840,P100094,G010,2024-04-03 17:38:26,7.71,EUR,gameplay
EV0006411,E006196,P100106,G015,2024-06-22 07:36:18,55.43,BRL,gameplay
EV0004524,E004445,P100196,G014,2024-04-14 13:27:04,92.93,BRL,gameplay
EV0005652,E005481,P100180,G018,2024-05-30 19:33:21,23.04,USD,gameplay
EV0002870,E002870,P100118,G003,2024-03-15 19:54:16,9.24,EUR,gameplay
EV0003428,E003419,P100020,G012,2024-04-11 22:40:12,32.96,BRL,gameplay
EV0004262,E004199,P100158,G016,2024-04-09 10:33:43,58.35,BRL,gameplay
EV0005546,E005382,P100161,G012,2024-05-27 03:46:34,20.29,EUR,gameplay
EV0002539,E002539,P100057,G004,2024-03-28 07:48:40,24.84,USD,gameplay
EV0006319,E006110,P100091,G006,2024-06-27 04:02:18,135.55,BRL,bonus
EV0005918,E005733,P100025,G016,2024-06-04 21:13:03,30.97,GBP,gameplay
EV0003807,E003778,P100081,G014,2024-04-18 12:48:10,172.29,BRL,gameplay
EV0005742,E005565,P100196,G014,2024-05-19 17:27:13,126.2,BRL,gameplay
EV0000472,E000472,P100081,G014,2024-01-11 23:45:14,336.28,BRL,bonus
EV0001871,E001871,P100134,G016,2024-02-08 05:05:12,307.49,BRL,bonus
EV0001721,E001721,P100108,G016,2024-02-13 04:22:41,12.03,EUR,gameplay
EV0000828,E000828,P100143,G008,2024-01-14 09:28:47,195.3,BRL,bonus
EV0004022,E003978,P100119,G014,2024-04-30 03:51:32,19.45,USD,gameplay
EV0002824,E002824,P100112,G015,2024-03-25 23:08:41,129.88,BRL,gameplay
EV0001907,E001907,P100139,G017,2024-02-05 03:06:19,10.86,USD,gameplay
EV0006560,E006332,P100131,G004,2024-06-12 16:03:44,66.14,BRL,gameplay
EV0001794,E001794,P100120,G010,2024-02-29 13:21:48,34.86,BRL,gameplay
EV0001226,E001226,P100017,G008,2024-02-16 04:35:54,162.55,BRL,bonus
EV0005381,E005233,P100134,G016,2024-05-23 02:11:19,122.72,BRL,gameplay
EV0000498,E000498,P100085,G009,2024-01-04 20:53:01,5.19,GBP,gameplay
EV0001249,E001249,P100020,G012,2024-02-17 10:29:43,41.81,BRL,gameplay
EV0002121,E002121,P100178,G015,2024-02-12 17:45:06,56.69,EUR,bonus
EV0001848,E001848,P100131,G004,2024-02-19 09:10:50,165.96,BRL,gameplay
EV0003053,E003053,P100153,G014,2024-03-17 16:58:58,36.22,EUR,gameplay
EV0006660,E006429,P100149,G016,2024-06-01 00:29:44,23.37,EUR,gameplay
EV0000872,E000872,P100152,G002,2024-01-19 15:33:46,9.54,USD,gameplay
EV0003687,E003663,P100060,G014,2024-04-14 21:13:27,9.84,EUR,gameplay
EV0002392,E002392,P100027,G011,2024-03-26 06:11:00,176.38,USD,tournament
EV0001360,E001360,P100045,G009,2024-02-18 14:02:00,100.46,BRL,gameplay
EV0003814,E003785,P100083,G013,2024-04-19 09:25:17,135.83,BRL,gameplay
EV0004513,E004434,P100194,G005,2024-04-24 03:22:47,94.93,BRL,gameplay
EV0006313,E006106,P100091,G006,2024-06-07 01:19:55,229.43,BRL,bonus
EV0002521,E002521,P100054,G015,2024-03-26 15:04:11,9.91,EUR,gameplay
EV0001202,E001202,P100013,G014,2024-02-06 21:37:52,98.0,BRL,bonus
EV0003800,E003771,P100080,G013,2024-04-16 15:24:06,38.34,USD,gameplay
EV0002360,E002360,P100019,G014,2024-03-09 07:59:58,18.63,EUR,gameplay
EV0005777,E005599,P100002,G004,2024-06-27 09:05:33,16.41,USD,gameplay
EV0006378,E006165,P100101,G009,2024-06-13 08:27:40,36.27,BRL,gameplay
EV0006115,E005922,P100059,G017,2024-06-19 01:58:13,28.5,GBP,gameplay
EV0005473,E005316,P100150,G010,2024-05-08 00:31:44,24.98,EUR,gameplay
EV0003842,E003812,P100088,G012,2024-04-27 07:34:14,176.96,BRL,gameplay
EV0006091,E005899,P100055,G007,2024-06-28 11:55:08,60.85,EUR,bonus
EV0004427,E004354,P100183,G008,2024-04-02 18:56:09,31.8,EUR,gameplay
EV0004116,E004065,P100137,G010,2024-04-15 13:15:58,14.75,USD,gameplay
EV0004045,E004000,P100124,G017,2024-04-07 14:21:14,8.52,EUR,gameplay
EV0005787,E005609,P100003,G012,2024-06-11 05:30:09,143.03,BRL,gameplay
EV0004680,E004588,P100021,G003,2024-05-05 08:11:13,13.41,USD,gameplay
EV0001980,E001980,P100152,G002,2024-02-12 11:39:57,21.58,USD,gameplay
EV0000318,E000318,P100052,G011,2024-01-23 04:30:04,27.28,GBP,gameplay
EV0006080,E005888,P100054,G015,2024-06-05 23:45:45,12.75,EUR,gameplay
EV0006708,E006474,P100157,G014,2024-06-01 23:38:13,75.02,BRL,gameplay
EV0003930,E003894,P100104,G008,2024-04-24 20:22:28,269.31,BRL,bonus
EV0001325,E001325,P100038,G013,2024-02-13 08:37:31,117.34,BRL,gameplay
EV0002409,E002409,P100029,G018,2024-03-28 06:17:03,52.68,USD,bonus
EV0001912,E001912,P100140,G017,2024-02-14 07:42:09,4.41,GBP,gameplay
EV0003502,E003488,P100031,G002,2024-04-29 23:49:04,66.53,USD,tournament
EV0004345,E004276,P100171,G015,2024-04-01 04:47:24,35.43,USD,bonus
EV0000744,E000744,P100131,G004,2024-01-13 07:00:02,836.37,BRL,tournament
EV0001549,E001549,P100080,G013,2024-02-16 15:48:21,63.3,USD,bonus
EV0003436,E003425,P100021,G003,2024-04-23 02:30:38,225.8,USD,tournament
EV0002889,E002889,P100122,G009,2024-03-23 10:51:39,165.44,EUR,tournament
EV0002155,E002155,P100184,G014,2024-02-12 09:53:33,191.25,USD,tournament
EV0005977,E005789,P100035,G003,2024-06-24 00:08:21,144.96,GBP,tournament
EV0002752,E002752,P100097,G014,2024-03-16 19:50:32,28.11,GBP,gameplay
EV0000584,E000584,P100103,G016,2024-01-24 21:09:01,29.44,GBP,gameplay
EV0000678,E000678,P100121,G009,2024-01-29 18:17:11,17.37,USD,gameplay
EV0005030,E004915,P100078,G014,2024-05-17 13:49:51,28.69,EUR,gameplay
EV0002953,E002953,P100134,G016,2024-03-23 01:14:15,138.74,BRL,bonus
EV0006068,E005876,P100052,G011,2024-06-13 12:08:49,7.19,GBP,gameplay
EV0005128,E005002,P100094,G010,2024-05-02 02:20:14,11.11,EUR,gameplay
EV0003967,E003928,P100111,G005,2024-04-17 23:14:28,71.73,BRL,gameplay
EV0001995,E001995,P100155,G009,2024-02-29 07:01:59,30.11,EUR,gameplay
EV0001046,E001046,P100186,G002,2024-01-12 01:07:24,28.63,GBP,gameplay
EV0003182,E003182,P100177,G012,2024-03-28 04:53:53,113.38,BRL,gameplay
EV0005774,E005596,P100001,G003,2024-06-16 17:54:11,149.26,BRL,gameplay
EV0004001,E003960,P100115,G008,2024-04-06 20:20:22,37.91,BRL,gameplay
EV0003048,E003048,P100152,G002,2024-03-31 20:24:10,18.66,USD,gameplay
EV0002477,E002477,P100044,G007,2024-03-27 05:01:41,232.63,EUR,tournament
EV0003755,E003727,P100070,G013,2024-04-26 05:00:55,19.67,EUR,gameplay
EV0005585,E005419,P100167,G018,2024-05-13 20:29:55,36.23,EUR,gameplay
EV0006516,E006292,P100124,G017,2024-06-14 14:00:08,15.12,EUR,gameplay
EV0003263,E003263,P100192,G008,2024-03-27 10:08:37,22.77,GBP,gameplay
EV0003995,E003954,P100114,G002,2024-04-15 19:59:49,9.84,GBP,gameplay
EV0002314,E002314,P100011,G015,2024-03-16 00:20:57,76.2,USD,bonus
EV0002403,E002403,P100028,G006,2024-03-29 16:12:09,25.77,GBP,gameplay
EV0006865,E006621,P100183,G008,2024-06-16 18:11:58,33.09,EUR,gameplay
EV0005982,E005793,P100036,G008,2024-06-29 23:00:14,25.11,EUR,gameplay
EV0001133,E001133,P100002,G004,2024-02-05 14:06:07,45.8,USD,bonus
EV0001894,E001894,P100138,G008,2024-02-20 15:33:27,13.64,EUR,gameplay
EV0005834,E005653,P100011,G015,2024-06-12 22:53:42,230.24,USD,tournament
EV0006448,E006228,P100114,G002,2024-06-18 22:56:57,24.27,GBP,bonus
EV0005283,E005144,P100120,G010,2024-05-03 12:02:20,130.46,BRL,gameplay
EV0000111,E000111,P100018,G018,2024-01-27 20:43:30,20.13,GBP,gameplay
EV0005391,E005242,P100136,G004,2024-05-23 11:30:14,7.3,USD,gameplay
EV0004391,E004320,P100177,G012,2024-04-29 12:03:58,86.6,BRL,gameplay
EV0003519,E003502,P100034,G016,2024-04-23 14:43:37,169.34,BRL,gameplay
EV0005865,E005683,P100016,G016,2024-06-22 10:33:52,8.78,USD,gameplay
EV0004106,E004056,P100134,G016,2024-04-04 09:17:53,122.51,BRL,gameplay
EV0005420,E005270,P100141,G016,2024-05-05 10:06:52,69.79,BRL,gameplay
EV0004781,E004684,P100040,G007,2024-05-15 06:58:00,33.13,USD,gameplay
EV0006700,E006467,P100155,G009,2024-06-13 05:52:19,57.86,EUR,bonus
EV0002300,E002300,P100008,G018,2024-03-15 18:33:15,30.9,EUR,gameplay
EV0004753,E004657,P100032,G015,2024-05-30 13:17:36,39.49,USD,gameplay
EV0006838,E006594,P100178,G015,2024-06-22 04:20:55,38.62,EUR,bonus
EV0004503,E004425,P100193,G004,2024-04-28 13:20:21,103.63,GBP,tournament
EV0002441,E002441,P100036,G008,2024-03-15 01:20:29,25.72,EUR,bonus
EV0006138,E005943,P100062,G010,2024-06-14 06:58:44,31.71,USD,gameplay
EV0002075,E002075,P100171,G015,2024-02-17 05:01:38,24.33,USD,gameplay
EV0003327,E003324,P100003,G012,2024-04-10 10:40:37,101.5,BRL,gameplay
EV0000382,E000382,P100065,G007,2024-01-29 17:30:03,22.46,USD,gameplay
EV0005151,E005021,P100098,G009,2024-05-11 21:32:56,52.0,GBP,bonus
EV0000812,E000812,P100141,G016,2024-01-08 12:32:45,277.85,BRL,bonus
EV0006504,E006281,P100122,G009,2024-06-22 02:08:50,20.63,EUR,gameplay
EV0006061,E005869,P100050,G007,2024-06-22 00:18:39,28.28,USD,gameplay
EV0005008,E004895,P100074,G016,2024-05-08 01:26:43,64.46,EUR,bonus
EV0002943,E002943,P100131,G004,2024-03-06 20:58:36,84.47,BRL,gameplay
EV0004343,E004274,P100171,G015,2024-04-14 15:51:24,25.18,USD,gameplay
EV0000674,E000674,P100120,G010,2024-01-13 20:50:14,70.26,BRL,gameplay
EV0005454,E005300,P100148,G013,2024-05-13 15:16:36,39.63,BRL,gameplay
EV0004202,E004144,P100149,G016,2024-04-14 23:45:17,11.03,EUR,gameplay
EV0001262,E001262,P100023,G002,2024-02-16 14:44:25,10.25,EUR,gameplay
EV0005857,E005675,P100015,G006,2024-06-28 20:29:09,16.58,EUR,gameplay
EV0005437,E005285,P100145,G002,2024-05-29 02:19:12,19.3,EUR,gameplay
EV0002117,E002117,P100178,G015,2024-02-10 08:29:12,28.87,EUR,gameplay
EV0006579,E006350,P100133,G002,2024-06-20 16:59:33,22.26,GBP,gameplay
EV0003716,E003690,P100064,G006,2024-04-23 04:36:55,24.6,GBP,bonus
EV0004870,E004767,P100054,G015,2024-05-08 04:01:55,143.9,EUR,tournament
EV0006797,E006557,P100171,G015,2024-06-05 17:11:57,9.67,USD,gameplay
EV0005006,E004893,P100074,G016,2024-05-23 05:19:08,36.66,EUR,gameplay
EV0001571,E001571,P100083,G013,2024-02-28 13:51:14,124.96,BRL,gameplay
EV0003747,E003719,P100068,G007,2024-04-19 19:39:16,88.46,BRL,gameplay
EV0005303,E005162,P100122,G009,2024-05-01 06:02:22,20.63,EUR,gameplay
EV0006669,E006438,P100150,G010,2024-06-30 10:54:41,26.95,EUR,gameplay
EV0004490,E004414,P100192,G008,2024-04-11 10:40:02,13.09,GBP,bonus
EV0005631,E005461,P100177,G012,2024-05-18 18:57:54,94.84,BRL,gameplay
EV0000834,E000834,P100144,G016,2024-01-06 06:14:02,21.58,USD,gameplay
EV0002012,E002012,P100159,G010,2024-02-15 03:01:31,140.56,BRL,gameplay
EV0001397,E001397,P100053,G004,2024-02-05 01:58:51,319.18,BRL,tournament
EV0001059,E001059,P100189,G009,2024-01-01 07:53:33,10.75,EUR,gameplay
EV0002221,E002221,P100198,G007,2024-02-22 14:00:31,22.74,USD,gameplay
EV0005974,E005786,P100034,G016,2024-06-15 19:58:38,64.54,BRL,gameplay
EV0002297,E002297,P100008,G018,2024-03-17 07:47:12,193.88,EUR,tournament
EV0001123,E001123,P100203,G005,2024-01-11 03:29:07,8.95,USD,gameplay
EV0003459,E003448,P100025,G016,2024-04-09 02:04:00,28.7,GBP,bonus
EV0001184,E001184,P100011,G015,2024-02-16 17:23:44,25.63,USD,gameplay
EV0003279,E003279,P100196,G014,2024-03-03 06:43:37,201.04,BRL,gameplay
EV0001468,E001468,P100063,G010,2024-02-27 12:38:51,208.72,BRL,bonus
EV0003062,E003062,P100154,G013,2024-03-07 07:37:05,6.28,EUR,gameplay
EV0003932,E003896,P100104,G008,2024-04-09 03:36:13,175.31,BRL,gameplay
EV0004682,E004590,P100021,G003,2024-05-31 12:38:06,16.97,USD,gameplay
EV0000309,E000309,P100051,G005,2024-01-29 21:48:03,60.3,EUR,bonus
EV0005906,E005722,P100023,G002,2024-06-30 23:56:56,16.89,EUR,bonus
EV0001636,E001636,P100094,G010,2024-02-10 13:49:20,32.59,EUR,gameplay
EV0000450,E000450,P100077,G008,2024-01-27 01:32:50,223.44,USD,tournament
EV0004931,E004821,P100062,G010,2024-05-02 07:41:51,31.64,USD,gameplay
EV0000831,E000831,P100144,G016,2024-01-20 07:14:43,26.43,USD,gameplay
EV0005311,E005170,P100124,G017,2024-05-08 05:16:37,55.23,EUR,tournament
EV0002579,E002579,P100064,G006,2024-03-15 13:21:02,12.03,GBP,gameplay
EV0005001,E004888,P100073,G015,2024-05-05 20:17:58,157.68,USD,tournament
EV0005807,E005629,P100006,G007,2024-06-19 18:43:53,29.51,GBP,gameplay
EV0000053,E000053,P100008,G018,2024-01-18 00:40:32,138.74,EUR,tournament
EV0006045,E005853,P100045,G009,2024-06-23 20:49:14,178.52,BRL,gameplay
EV0000050,E000050,P100008,G018,2024-01-31 23:38:33,9.47,EUR,gameplay
EV0000618,E000618,P100110,G018,2024-01-12 01:14:48,109.83,BRL,gameplay
EV0002259,E002259,P100003,G012,2024-03-15 05:59:55,171.63,BRL,gameplay
EV0005318,E005175,P100124,G017,2024-05-28 09:11:10,32.79,EUR,gameplay
EV0000956,E000956,P100168,G004,2024-01-05 19:59:52,7.95,USD,gameplay
EV0001109,E001109,P100197,G002,2024-01-20 16:48:21,15.9,GBP,gameplay
EV0005308,E005167,P100123,G010,2024-05-28 01:00:24,144.44,BRL,gameplay
EV0000581,E000581,P100102,G014,2024-01-06 17:34:00,38.19,USD,gameplay
EV0003724,E003698,P100065,G007,2024-04-08 06:16:26,26.08,USD,bonus
EV0004455,E004380,P100187,G016,2024-04-10 02:32:57,17.96,USD,bonus
EV0003860,E003829,P100092,G001,2024-04-26 17:04:22,184.37,BRL,gameplay
EV0001061,E001061,P100189,G009,2024-01-23 16:53:35,23.84,EUR,gameplay
EV0003124,E003124,P100167,G018,2024-03-28 16:27:38,4.91,EUR,gameplay
EV0004609,E004520,P100010,G005,2024-05-07 21:17:34,181.36,USD,tournament
EV0002614,E002614,P100069,G003,2024-03-28 20:09:25,96.58,GBP,tournament
EV0004167,E004112,P100144,G016,2024-04-13 15:08:42,22.78,USD,gameplay
EV0006132,E005937,P100062,G010,2024-06-09 05:07:01,10.39,USD,gameplay
EV0003446,E003435,P100023,G002,2024-04-13 05:56:36,20.81,EUR,gameplay
EV0005386,E005238,P100135,G010,2024-05-13 22:54:19,15.76,EUR,gameplay
EV0002390,E002390,P100026,G014,2024-03-29 04:20:27,21.93,GBP,bonus
EV0005073,E004952,P100085,G009,2024-05-09 11:29:29,16.06,GBP,gameplay
EV0006103,E005910,P100057,G004,2024-06-27 09:45:57,6.21,USD,gameplay
EV0006883,E006638,P100185,G012,2024-06-09 12:00:41,11.24,GBP,gameplay
EV0006692,E006460,P100155,G009,2024-06-14 16:55:23,28.26,EUR,bonus
EV0005358,E005211,P100129,G004,2024-05-16 09:21:43,57.35,BRL,gameplay
EV0002687,E002687,P100082,G009,2024-03-09 00:42:17,11.35,EUR,gameplay
EV0000417,E000417,P100072,G008,2024-01-23 00:27:41,56.35,GBP,bonus
EV0005425,E005274,P100142,G018,2024-05-12 02:08:20,91.68,BRL,gameplay
EV0006649,E006418,P100146,G015,2024-06-01 15:17:24,685.44,BRL,tournament
EV0002865,E002865,P100118,G003,2024-03-22 22:22:42,33.47,EUR,bonus
EV0005169,E005037,P100100,G011,2024-05-02 11:14:19,125.92,BRL,gameplay
EV0003054,E003054,P100153,G014,2024-03-04 11:15:35,12.11,EUR,gameplay
EV0001734,E001734,P100111,G005,2024-02-05 20:58:15,138.2,BRL,gameplay
EV0003328,E003324,P100003,G012,2024-04-10 10:40:43,101.5,BRL,gameplay
EV0004157,E004103,P100142,G018,2024-04-03 16:34:15,105.78,BRL,bonus
EV0005332,E005187,P100126,G009,2024-05-26 14:04:42,182.26,BRL,gameplay
EV0000439,E000439,P100075,G017,2024-01-14 03:26:09,116.68,BRL,gameplay
EV0006859,E006615,P100182,G006,2024-06-29 11:04:10,21.47,EUR,gameplay
EV0004874,E004771,P100054,G015,2024-05-23 10:55:34,37.39,EUR,gameplay
EV0002286,E002286,P100006,G007,2024-03-16 22:28:43,20.79,GBP,gameplay
EV0001618,E001618,P100091,G006,2024-02-06 12:29:05,140.54,BRL,gameplay
EV0005312,E005171,P100124,G017,2024-05-15 10:58:48,28.39,EUR,gameplay
EV0000043,E000043,P100007,G013,2024-01-29 16:09:53,96.73,EUR,tournament
EV0004983,E004870,P100070,G013,2024-05-02 12:33:10,33.79,EUR,gameplay
EV0006331,E006121,P100093,G007,2024-06-09 16:18:46,33.36,EUR,gameplay
EV0006573,E006345,P100133,G002,2024-06-02 18:53:39,24.48,GBP,gameplay
EV0004986,E004873,P100071,G004,2024-05-30 03:51:53,23.61,USD,bonus
EV0002798,E002798,P100106,G015,2024-03-16 13:46:28,92.78,BRL,gameplay
EV0005678,E005507,P100185,G012,2024-05-21 04:31:26,19.58,GBP,bonus
EV0005218,E005083,P100108,G016,2024-05-21 22:13:40,24.79,EUR,gameplay
EV0003325,E003322,P100003,G012,2024-04-05 02:22:54,207.02,BRL,bonus
EV0001033,E001033,P100183,G008,2024-01-08 07:20:27,28.46,EUR,gameplay
EV0001269,E001269,P100024,G007,2024-02-29 04:47:44,45.98,BRL,gameplay
EV0002006,E002006,P100158,G016,2024-02-12 07:28:45,155.69,BRL,gameplay
EV0000946,E000946,P100166,G003,2024-01-18 00:30:29,36.63,USD,gameplay
EV0005085,E004964,P100087,G003,2024-05-09 10:15:33,11.81,GBP,gameplay
EV0004547,E004463,P100199,G018,2024-04-17 14:37:52,141.6,USD,tournament
EV0000026,E000026,P100004,G008,2024-01-12 09:41:44,9.21,EUR,gameplay
EV0003504,E003489,P100031,G002,2024-04-18 21:39:25,17.31,USD,gameplay
EV0003782,E003754,P100076,G010,2024-04-20 14:09:52,16.54,GBP,gameplay
EV0002848,E002848,P100116,G013,2024-03-19 16:43:17,32.13,EUR,gameplay
EV0003926,E003890,P100103,G016,2024-04-01 08:06:14,16.64,GBP,gameplay
EV0000544,E000544,P100095,G014,2024-01-14 18:30:59,24.36,USD,gameplay
EV0000899,E000899,P100156,G018,2024-01-11 14:42:07,14.68,USD,gameplay
EV0005690,E005518,P100187,G016,2024-05-28 10:14:01,8.94,USD,gameplay
EV0005696,E005524,P100189,G009,2024-05-19 17:03:57,20.36,EUR,bonus
EV0005240,E005105,P100111,G005,2024-05-22 00:42:54,87.51,BRL,gameplay
EV0004031,E003987,P100121,G009,2024-04-09 18:51:26,23.49,USD,gameplay
EV0003891,E003860,P100098,G009,2024-04-28 10:22:07,7.47,GBP,gameplay
EV0002171,E002171,P100187,G016,2024-02-01 10:53:43,26.49,USD,gameplay
EV0003920,E003884,P100102,G014,2024-04-24 14:08:54,115.73,USD,tournament
EV0006493,E006272,P100121,G009,2024-06-10 09:08:06,30.35,USD,gameplay
EV0004275,E004211,P100160,G002,2024-04-07 04:14:54,7.95,GBP,gameplay
EV0006522,E006298,P100125,G011,2024-06-29 23:08:51,55.1,USD,bonus
EV0006173,E005977,P100068,G007,2024-06-12 08:35:55,168.1,BRL,gameplay
EV0002439,E002439,P100036,G008,2024-03-26 00:46:29,34.93,EUR,gameplay
EV0001951,E001951,P100148,G013,2024-02-20 03:27:09,177.69,BRL,gameplay
EV0005587,E005421,P100168,G004,2024-05-02 11:25:15,5.5,USD,gameplay
EV0000486,E000486,P100083,G013,2024-01-20 13:40:27,338.72,BRL,tournament
EV0002013,E002013,P100159,G010,2024-02-19 12:19:52,527.15,BRL,tournament
EV0001051,E001051,P100188,G015,2024-01-02 02:23:22,15.39,GBP,gameplay
EV0002142,E002142,P100182,G006,2024-02-15 10:06:03,7.71,EUR,gameplay
EV0004491,E004415,P100192,G008,2024-04-29 01:22:08,106.21,GBP,tournament
EV0001739,E001739,P100111,G005,2024-02-04 01:58:22,49.02,BRL,gameplay
EV0000083,E000083,P100013,G014,2024-01-22 11:45:04,396.09,BRL,bonus
EV0006980,E006730,P100206,G011,2024-06-07 20:47:22,15.26,GBP,gameplay
EV0006099,E005907,P100057,G004,2024-06-03 23:42:08,22.52,USD,gameplay
EV0003818,E003789,P100084,G001,2024-04-26 19:10:42,14.86,EUR,gameplay
EV0004844,E004743,P100048,G005,2024-05-30 17:23:47,32.2,EUR,gameplay
EV0003164,E003164,P100174,G005,2024-03-22 05:05:25,13.17,GBP,gameplay
EV0001347,E001347,P100042,G017,2024-02-28 00:21:27,33.31,BRL,gameplay
EV0000058,E000058,P100009,G005,2024-01-03 11:15:46,13.6,GBP,gameplay
EV0002740,E002740,P100095,G014,2024-03-04 17:02:14,25.37,USD,gameplay
EV0004694,E004601,P100023,G002,2024-05-07 03:53:14,187.76,EUR,tournament
EV0000863,E000863,P100149,G016,2024-01-14 05:10:43,12.43,EUR,bonus
EV0000328,E000328,P100054,G015,2024-01-21 01:50:57,17.31,EUR,gameplay
EV0003703,E003677,P100062,G010,2024-04-28 04:02:36,25.5,USD,gameplay
EV0005419,E005269,P100141,G016,2024-05-12 01:20:58,68.57,BRL,gameplay
EV0001548,E001548,P100080,G013,2024-02-01 12:38:33,23.28,USD,gameplay
EV0003444,E003433,P100022,G001,2024-04-27 17:41:14,33.91,EUR,gameplay
EV0000711,E000711,P100126,G009,2024-01-04 03:04:59,54.32,BRL,gameplay
EV0004128,E004076,P100138,G008,2024-04-30 03:36:53,26.15,EUR,gameplay
EV0002526,E002526,P100054,G015,2024-03-16 03:07:14,5.86,EUR,gameplay
EV0004254,E004191,P100157,G014,2024-04-27 09:53:33,163.08,BRL,gameplay
EV0006627,E006397,P100143,G008,2024-06-18 21:56:44,184.01,BRL,gameplay
EV0003486,E003472,P100028,G006,2024-04-07 04:17:54,32.44,GBP,bonus
EV0003830,E003800,P100087,G003,2024-04-15 17:42:54,67.97,GBP,tournament
EV0002240,E002240,P100202,G012,2024-02-16 06:48:59,124.85,USD,tournament
EV0006572,E006344,P100133,G002,2024-06-09 11:46:12,27.32,GBP,gameplay
EV0001654,E001654,P100098,G009,2024-02-05 21:16:14,17.0,GBP,gameplay
EV0004256,E004193,P100158,G016,2024-04-21 14:40:17,116.68,BRL,bonus
EV0005666,E005495,P100183,G008,2024-05-16 02:18:27,13.47,EUR,gameplay
EV0004777,E004680,P100040,G007,2024-05-17 10:13:10,10.31,USD,gameplay
EV0003234,E003234,P100187,G016,2024-03-12 16:47:45,5.22,USD,gameplay
EV0002515,E002515,P100053,G004,2024-03-09 13:43:36,135.43,BRL,gameplay
EV0001290,E001290,P100028,G006,2024-02-29 04:54:44,124.42,GBP,tournament
EV0000392,E000392,P100066,G015,2024-01-23 11:58:37,166.42,BRL,gameplay
EV0000025,E000025,P100004,G008,2024-01-20 04:21:05,71.71,EUR,bonus
EV0000315,E000315,P100052,G011,2024-01-14 20:05:45,24.42,GBP,gameplay
EV0002543,E002543,P100058,G014,2024-03-15 15:58:57,200.3,BRL,gameplay
EV0004607,E004518,P100010,G005,2024-05-19 01:48:48,14.52,USD,gameplay
EV0004257,E004194,P100158,G016,2024-04-30 18:43:07,25.9,BRL,gameplay
EV0002781,E002781,P100102,G014,2024-03-20 18:48:17,12.72,USD,gameplay
EV0006352,E006141,P100098,G009,2024-06-12 22:45:51,5.07,GBP,gameplay
EV0001075,E001075,P100192,G008,2024-01-27 07:28:22,14.81,GBP,gameplay
EV0002554,E002554,P100059,G017,2024-03-31 19:26:03,28.04,GBP,gameplay
EV0005213,E005078,P100107,G011,2024-05-19 21:44:17,7.4,USD,gameplay
EV0000925,E000925,P100162,G002,2024-01-15 17:18:24,168.54,EUR,tournament
EV0001215,E001215,P100015,G006,2024-02-23 12:43:13,33.03,EUR,gameplay
EV0004715,E004622,P100026,G014,2024-05-20 09:12:01,26.94,GBP,gameplay
EV0003006,E003006,P100143,G008,2024-03-20 14:17:20,201.12,BRL,bonus
EV0006184,E005987,P100070,G013,2024-06-05 15:12:52,33.1,EUR,gameplay
EV0002551,E002551,P100059,G017,2024-03-07 23:42:50,8.94,GBP,gameplay
EV0004818,E004718,P100044,G007,2024-05-30 01:03:51,5.11,EUR,gameplay
EV0006366,E006155,P100100,G011,2024-06-16 14:12:40,30.34,BRL,gameplay
EV0000974,E000974,P100171,G015,2024-01-23 05:16:18,72.72,USD,bonus
EV0001152,E001152,P100005,G002,2024-02-11 01:29:42,5.29,EUR,gameplay
EV0004674,E004582,P100020,G012,2024-05-15 08:23:28,68.37,BRL,gameplay
EV0000639,E000639,P100115,G008,2024-01-06 15:57:39,857.23,BRL,tournament
EV0004616,E004527,P100011,G015,2024-05-29 19:38:02,38.77,USD,gameplay
EV0001619,E001619,P100091,G006,2024-02-23 04:34:13,290.56,BRL,bonus
EV0002296,E002296,P100008,G018,2024-03-21 00:53:47,23.39,EUR,gameplay
EV0005012,E004898,P100074,G016,2024-05-09 04:43:01,66.63,EUR,bonus
EV0000052,E000052,P100008,G018,2024-01-20 14:04:07,25.32,EUR,gameplay
EV0003942,E003904,P100105,G012,2024-04-23 20:10:03,14.61,GBP,gameplay
EV0006090,E005898,P100055,G007,2024-06-22 10:23:32,200.66,EUR,tournament
EV0005709,E005536,P100191,G004,2024-05-23 12:34:46,14.44,GBP,gameplay
EV0004568,E004481,P100002,G004,2024-05-18 09:13:14,12.27,USD,gameplay
EV0002172,E002172,P100187,G016,2024-02-23 05:57:37,113.3,USD,tournament
EV0003318,E003316,P100002,G004,2024-04-03 01:52:55,13.02,USD,gameplay
EV0000967,E000967,P100170,G018,2024-01-07 16:21:43,25.61,USD,gameplay
EV0006042,E005850,P100045,G009,2024-06-02 12:37:53,66.06,BRL,gameplay
EV0004302,E004236,P100163,G003,2024-04-16 04:48:48,85.01,BRL,gameplay
EV0005307,E005166,P100123,G010,2024-05-18 14:48:53,46.03,BRL,gameplay
EV0002415,E002415,P100030,G008,2024-03-19 06:15:53,15.04,GBP,gameplay
EV0000378,E000378,P100065,G007,2024-01-02 05:59:36,37.98,USD,gameplay
EV0000270,E000270,P100043,G004,2024-01-06 23:15:33,28.7,USD,gameplay
EV0003849,E003819,P100090,G004,2024-04-23 10:06:25,15.83,EUR,gameplay
EV0000467,E000467,P100080,G013,2024-01-11 08:16:41,14.68,USD,gameplay
EV0003238,E003238,P100187,G016,2024-03-10 19:05:03,51.42,USD,tournament
EV0002090,E002090,P100173,G018,2024-02-18 19:13:45,7.35,USD,gameplay
EV0002775,E002775,P100101,G009,2024-03-16 19:06:30,101.06,BRL,gameplay
EV0006585,E006356,P100134,G016,2024-06-26 04:28:46,178.46,BRL,gameplay
EV0004728,E004634,P100028,G006,2024-05-14 05:10:17,11.89,GBP,gameplay
EV0002809,E002809,P100109,G007,2024-03-06 17:07:49,25.7,GBP,gameplay
EV0004296,E004231,P100163,G003,2024-04-01 18:59:31,174.02,BRL,gameplay
EV0005067,E004946,P100085,G009,2024-05-25 15:03:57,18.18,GBP,gameplay
EV0002801,E002801,P100106,G015,2024-03-20 16:51:12,279.1,BRL,bonus
EV0001934,E001934,P100144,G016,2024-02-17 14:44:20,69.21,USD,tournament
EV0006371,E006159,P100100,G011,2024-06-20 05:22:26,164.14,BRL,gameplay
EV0004398,E004326,P100178,G015,2024-04-01 06:35:49,30.61,EUR,gameplay
EV0004934,E004824,P100062,G010,2024-05-04 01:04:56,158.34,USD,tournament
EV0004506,E004428,P100193,G004,2024-04-23 21:09:42,40.1,GBP,bonus
EV0000583,E000583,P100103,G016,2024-01-23 23:49:27,18.51,GBP,gameplay
EV0006873,E006628,P100184,G014,2024-06-29 04:51:54,52.5,USD,bonus
EV0004765,E004668,P100037,G017,2024-05-09 01:05:59,140.16,USD,tournament
EV0005037,E004921,P100080,G013,2024-05-27 15:25:52,26.03,USD,gameplay
EV0004463,E004387,P100187,G016,2024-04-27 18:13:42,19.1,USD,gameplay
EV0004902,E004796,P100059,G017,2024-05-08 19:38:21,25.42,GBP,gameplay
EV0005545,E005381,P100161,G012,2024-05-28 07:38:45,4.85,EUR,gameplay
EV0003702,E003677,P100062,G010,2024-04-28 04:02:15,25.5,USD,gameplay
EV0006414,E006197,P100107,G011,2024-06-09 12:25:21,15.33,USD,gameplay
EV0002825,E002825,P100112,G015,2024-03-05 00:57:14,654.21,BRL,tournament
EV0006456,E006236,P100115,G008,2024-06-22 03:51:35,64.29,BRL,gameplay
EV0006602,E006372,P100138,G008,2024-06-04 00:22:49,41.0,EUR,bonus
EV0005287,E005148,P100120,G010,2024-05-22 01:07:35,131.77,BRL,gameplay
EV0001701,E001701,P100104,G008,2024-02-10 10:03:40,184.61,BRL,gameplay
EV0006899,E006652,P100187,G016,2024-06-26 04:54:17,5.82,USD,gameplay
EV0003997,E003956,P100114,G002,2024-04-23 10:57:08,34.47,GBP,bonus
EV0005375,E005227,P100133,G002,2024-05-25 15:37:21,27.08,GBP,gameplay
EV0003862,E003831,P100092,G001,2024-04-06 03:28:44,36.69,BRL,gameplay
EV0002611,E002611,P100069,G003,2024-03-15 10:59:50,16.27,GBP,gameplay
EV0002588,E002588,P100066,G015,2024-03-08 02:11:23,160.28,BRL,gameplay
EV0003506,E003491,P100032,G015,2024-04-29 07:21:55,23.34,USD,gameplay
EV0001056,E001056,P100188,G015,2024-01-23 04:31:09,11.39,GBP,gameplay
EV0004235,E004174,P100153,G014,2024-04-03 14:47:58,89.42,EUR,tournament
EV0002306,E002306,P100010,G005,2024-03-07 15:07:28,27.19,USD,gameplay
EV0002872,E002872,P100119,G014,2024-03-28 10:42:10,6.12,USD,gameplay
EV0004383,E004314,P100176,G008,2024-04-15 15:58:15,10.81,GBP,gameplay
EV0002530,E002530,P100055,G007,2024-03-01 04:21:55,6.13,EUR,gameplay
EV0006682,E006450,P100153,G014,2024-06-03 08:12:26,8.18,EUR,gameplay
EV0004638,E004547,P100014,G004,2024-05-10 16:36:38,17.5,EUR,gameplay
EV0004792,E004695,P100041,G012,2024-05-15 13:18:02,130.53,USD,tournament
EV0005288,E005148,P100120,G010,2024-05-22 01:08:00,131.77,BRL,gameplay
EV0002289,E002289,P100006,G007,2024-03-19 00:16:23,11.93,GBP,gameplay
EV0001408,E001408,P100055,G007,2024-02-11 09:23:00,14.71,EUR,gameplay
EV0005617,E005448,P100174,G005,2024-05-02 22:54:45,11.28,GBP,gameplay
EV0006046,E005854,P100045,G009,2024-06-08 06:03:11,133.32,BRL,gameplay
EV0006933,E006685,P100192,G008,2024-06-07 20:56:05,22.73,GBP,gameplay
EV0003215,E003215,P100183,G008,2024-03-20 23:53:08,23.13,EUR,gameplay
EV0001488,E001488,P100069,G003,2024-02-08 11:58:15,156.8,GBP,tournament
EV0005873,E005690,P100017,G008,2024-06-12 10:55:07,314.18,BRL,bonus
EV0000794,E000794,P100138,G008,2024-01-18 12:16:05,28.76,EUR,gameplay
EV0002047,E002047,P100166,G003,2024-02-17 14:20:17,28.07,USD,gameplay
EV0003928,E003892,P100103,G016,2024-04-06 17:08:25,59.92,GBP,bonus
EV0002234,E002234,P100199,G018,2024-02-27 23:52:33,13.54,USD,gameplay
EV0000566,E000566,P100100,G011,2024-01-06 21:04:11,153.27,BRL,bonus
EV0005211,E005077,P100107,G011,2024-05-19 03:38:32,162.52,USD,tournament
EV0005131,E005004,P100094,G010,2024-05-29 23:26:23,6.24,EUR,gameplay
EV0002030,E002030,P100162,G002,2024-02-11 02:28:11,24.53,EUR,gameplay
EV0001663,E001663,P100099,G015,2024-02-05 04:22:32,65.49,USD,bonus
EV0002167,E002167,P100187,G016,2024-02-26 03:02:23,62.54,USD,bonus
EV0003579,E003560,P100044,G007,2024-04-25 02:43:01,11.88,EUR,gameplay
EV0001867,E001867,P100133,G002,2024-02-13 02:35:49,24.19,GBP,gameplay
EV0006760,E006522,P100163,G003,2024-06-30 17:29:34,132.39,BRL,gameplay
EV0006961,E006711,P100198,G007,2024-06-29 16:21:58,147.98,USD,tournament
EV0003484,E003470,P100028,G006,2024-04-27 00:45:41,95.0,GBP,tournament
EV0003319,E003317,P100002,G004,2024-04-16 09:12:51,76.77,USD,bonus
EV0000272,E000272,P100044,G007,2024-01-22 13:25:01,10.66,EUR,gameplay
EV0004780,E004683,P100040,G007,2024-05-17 11:19:27,9.4,USD,gameplay
EV0003013,E003013,P100144,G016,2024-03-03 10:33:34,23.87,USD,gameplay
EV0000395,E000395,P100068,G007,2024-01-08 19:14:01,40.88,BRL,gameplay
EV0000813,E000813,P100141,G016,2024-01-28 19:34:05,80.37,BRL,gameplay
EV0003061,E003061,P100154,G013,2024-03-15 23:56:50,19.63,EUR,gameplay
EV0006203,E006005,P100072,G008,2024-06-15 16:46:17,21.48,GBP,gameplay
EV0000311,E000311,P100051,G005,2024-01-15 00:27:12,19.48,EUR,bonus
EV0000847,E000847,P100147,G014,2024-01-29 22:34:08,25.49,USD,gameplay
EV0000893,E000893,P100155,G009,2024-01-17 09:49:20,56.69,EUR,bonus
EV0001790,E001790,P100119,G014,2024-02-16 06:03:13,207.91,USD,tournament
EV0003879,E003848,P100095,G014,2024-04-11 03:50:17,28.39,USD,bonus
EV0003931,E003895,P100104,G008,2024-04-03 00:03:45,160.86,BRL,gameplay
EV0001217,E001217,P100015,G006,2024-02-11 07:30:58,6.57,EUR,gameplay
EV0003430,E003420,P100020,G012,2024-04-11 23:34:32,400.61,BRL,bonus
EV0004815,E004716,P100044,G007,2024-05-24 06:15:20,25.85,EUR,gameplay
EV0004295,E004230,P100163,G003,2024-04-23 20:09:03,136.42,BRL,gameplay
EV0004860,E004757,P100052,G011,2024-05-09 22:51:36,15.43,GBP,gameplay
EV0006621,E006391,P100143,G008,2024-06-14 10:06:34,56.92,BRL,gameplay
EV0003365,E003360,P100010,G005,2024-04-11 03:24:09,10.35,USD,gameplay
EV0000464,E000464,P100080,G013,2024-01-20 12:37:06,23.22,USD,gameplay
EV0002348,E002348,P100016,G016,2024-03-03 18:59:29,219.26,USD,tournament
EV0005606,E005437,P100172,G002,2024-05-20 12:53:35,193.96,EUR,tournament
EV0006276,E006071,P100085,G009,2024-06-10 08:54:01,26.13,GBP,gameplay
EV0004841,E004740,P100047,G018,2024-05-22 22:34:58,25.71,EUR,gameplay
EV0000097,E000097,P100016,G016,2024-01-20 10:53:59,30.22,USD,gameplay
EV0002065,E002065,P100169,G012,2024-02-27 16:05:09,24.52,GBP,gameplay
EV0005511,E005351,P100157,G014,2024-05-31 02:44:41,611.91,BRL,tournament
EV0003992,E003951,P100114,G002,2024-04-09 12:27:28,27.84,GBP,gameplay
EV0001809,E001809,P100122,G009,2024-02-06 17:38:10,18.6,EUR,gameplay
EV0005904,E005720,P100022,G001,2024-06-05 02:47:48,15.63,EUR,gameplay
EV0002341,E002341,P100016,G016,2024-03-07 21:45:16,17.68,USD,gameplay
EV0004056,E004010,P100126,G009,2024-04-29 12:11:10,392.81,BRL,tournament
EV0003965,E003926,P100110,G018,2024-04-18 13:50:56,142.2,BRL,bonus
EV0002241,E002241,P100203,G005,2024-02-09 16:42:02,32.24,USD,gameplay
EV0003711,E003685,P100063,G010,2024-04-02 06:18:56,247.71,BRL,bonus
EV0004354,E004285,P100172,G002,2024-04-19 20:52:11,32.38,EUR,gameplay
EV0001313,E001313,P100034,G016,2024-02-17 10:48:40,123.16,BRL,gameplay
EV0003624,E003603,P100051,G005,2024-04-19 13:25:43,19.29,EUR,gameplay
EV0001090,E001090,P100194,G005,2024-01-01 00:09:16,106.32,BRL,gameplay
EV0005786,E005608,P100003,G012,2024-06-16 17:24:08,180.15,BRL,gameplay
EV0003490,E003476,P100029,G018,2024-04-30 17:59:59,18.63,USD,gameplay
EV0002033,E002033,P100163,G003,2024-02-17 14:37:20,58.0,BRL,gameplay
EV0006122,E005928,P100060,G014,2024-06-06 17:54:09,28.47,EUR,gameplay
EV0005971,E005783,P100034,G016,2024-06-01 10:13:45,102.52,BRL,gameplay
EV0001400,E001400,P100054,G015,2024-02-22 19:00:29,24.18,EUR,gameplay
EV0004968,E004855,P100067,G011,2024-05-08 08:04:02,16.54,USD,gameplay
EV0002213,E002213,P100196,G014,2024-02-19 00:14:56,156.61,BRL,gameplay
EV0006027,E005835,P100043,G004,2024-06-18 02:58:23,21.3,USD,gameplay
EV0005194,E005061,P100104,G008,2024-05-09 13:41:51,118.17,BRL,gameplay
EV0000801,E000801,P100139,G017,2024-01-20 04:28:02,210.56,USD,tournament
EV0002342,E002342,P100016,G016,2024-03-01 04:07:41,31.17,USD,gameplay
EV0000587,E000587,P100104,G008,2024-01-13 13:20:01,104.16,BRL,gameplay
EV0005130,E005003,P100094,G010,2024-05-15 14:34:05,102.52,EUR,tournament
EV0000708,E000708,P100126,G009,2024-01-25 11:47:37,180.71,BRL,gameplay
EV0001993,E001993,P100154,G013,2024-02-16 04:17:46,67.11,EUR,bonus
EV0003076,E003076,P100156,G018,2024-03-13 16:30:21,12.9,USD,gameplay
EV0005044,E004927,P100082,G009,2024-05-28 08:39:28,6.38,EUR,gameplay
EV0004032,E003988,P100121,G009,2024-04-28 00:22:54,38.36,USD,bonus
EV0000112,E000112,P100018,G018,2024-01-04 13:08:56,4.11,GBP,gameplay
EV0005849,E005668,P100014,G004,2024-06-13 15:03:19,33.28,EUR,gameplay
EV0004185,E004128,P100146,G015,2024-04-17 22:22:22,64.51,BRL,gameplay
EV0002757,E002757,P100098,G009,2024-03-11 09:53:34,30.23,GBP,gameplay
EV0000402,E000402,P100069,G003,2024-01-30 19:50:22,45.49,GBP,bonus
EV0006341,E006130,P100094,G010,2024-06-19 17:57:18,6.48,EUR,gameplay
EV0003933,E003897,P100104,G008,2024-04-27 17:41:04,164.94,BRL,gameplay
EV0003033,E003033,P100150,G010,2024-03-19 12:46:02,10.28,EUR,gameplay
EV0005478,E005321,P100151,G004,2024-05-10 01:23:24,36.38,USD,gameplay
EV0003457,E003446,P100025,G016,2024-04-27 08:21:47,7.89,GBP,bonus
EV0002478,E002478,P100045,G009,2024-03-04 12:36:44,84.07,BRL,gameplay
EV0001564,E001564,P100082,G009,2024-02-25 21:44:05,11.55,EUR,gameplay
EV0001682,E001682,P100101,G009,2024-02-24 19:07:02,96.93,BRL,bonus
EV0000227,E000227,P100037,G017,2024-01-30 10:01:13,6.15,USD,gameplay
EV0005264,E005127,P100117,G002,2024-05-07 05:23:43,14.04,GBP,gameplay
EV0004725,E004631,P100027,G011,2024-05-26 04:31:11,35.82,USD,bonus
EV0003658,E003635,P100057,G004,2024-04-13 07:36:53,15.04,USD,gameplay
EV0006269,E006064,P100083,G013,2024-06-22 21:46:15,150.97,BRL,gameplay
EV0000241,E000241,P100038,G013,2024-01-25 02:46:57,97.61,BRL,gameplay
EV0004474,E004398,P100190,G017,2024-04-12 18:04:20,117.33,BRL,gameplay
EV0006615,E006385,P100140,G017,2024-06-14 00:56:38,5.44,GBP,gameplay
EV0001455,E001455,P100062,G010,2024-02-18 09:20:37,32.25,USD,gameplay
EV0003034,E003034,P100150,G010,2024-03-16 01:26:13,5.98,EUR,gameplay
EV0001306,E001306,P100034,G016,2024-02-28 09:46:47,299.17,BRL,bonus
EV0004783,E004686,P100040,G007,2024-05-28 22:54:10,94.75,USD,tournament
EV0006190,E005992,P100071,G004,2024-06-08 00:27:05,11.87,USD,gameplay
EV0003040,E003040,P100151,G004,2024-03-31 20:11:35,30.66,USD,gameplay
EV0001222,E001222,P100016,G016,2024-02-17 13:09:16,16.11,USD,gameplay
EV0005160,E005028,P100099,G015,2024-05-15 23:56:24,37.44,USD,gameplay
EV0005610,E005441,P100173,G018,2024-05-21 03:31:26,16.52,USD,gameplay
EV0004261,E004198,P100158,G016,2024-04-09 06:20:51,145.51,BRL,bonus
EV0005894,E005711,P100021,G003,2024-06-26 06:24:51,198.75,USD,tournament
EV0000877,E000877,P100153,G014,2024-01-03 09:19:32,12.86,EUR,gameplay
EV0005645,E005474,P100179,G011,2024-05-29 18:00:58,29.91,USD,gameplay
EV0002628,E002628,P100071,G004,2024-03-11 22:12:57,25.2,USD,gameplay
EV0006530,E006305,P100127,G015,2024-06-26 00:07:32,6.13,GBP,gameplay
EV0003108,E003108,P100165,G016,2024-03-18 15:09:25,5.45,EUR,gameplay
EV0004324,E004256,P100167,G018,2024-04-18 00:43:13,7.26,EUR,gameplay
EV0004591,E004503,P100006,G007,2024-05-08 21:32:05,13.55,GBP,gameplay
EV0006648,E006417,P100146,G015,2024-06-26 14:52:01,357.84,BRL,bonus
EV0004697,E004604,P100023,G002,2024-05-16 19:31:05,25.0,EUR,gameplay
EV0003584,E003565,P100045,G009,2024-04-14 15:00:32,386.34,BRL,bonus
EV0000513,E000513,P100090,G004,2024-01-20 08:56:46,18.8,EUR,gameplay
EV0001637,E001637,P100094,G010,2024-02-03 23:15:05,164.64,EUR,tournament
EV0003886,E003855,P100097,G014,2024-04-19 06:14:52,57.51,GBP,bonus
EV0003996,E003955,P100114,G002,2024-04-13 04:02:33,29.73,GBP,gameplay
EV0004871,E004768,P100054,G015,2024-05-16 00:59:32,16.66,EUR,gameplay
EV0005711,E005538,P100192,G008,2024-05-19 16:12:57,7.83,GBP,gameplay
EV0003360,E003355,P100009,G005,2024-04-22 22:35:35,16.98,GBP,gameplay
EV0003109,E003109,P100165,G016,2024-03-14 00:41:28,19.71,EUR,gameplay
EV0006730,E006494,P100159,G010,2024-06-09 06:25:17,445.61,BRL,tournament
EV0003749,E003721,P100069,G003,2024-04-24 08:15:14,58.63,GBP,bonus
EV0002156,E002156,P100184,G014,2024-02-20 06:10:40,7.74,USD,gameplay
EV0000029,E000029,P100005,G002,2024-01-30 16:05:41,73.83,EUR,bonus
EV0001615,E001615,P100090,G004,2024-02-02 06:09:19,6.11,EUR,gameplay
EV0004279,E004215,P100161,G012,2024-04-20 04:00:24,17.92,EUR,gameplay
EV0006111,E005918,P100058,G014,2024-06-24 22:34:44,113.39,BRL,gameplay
EV0002138,E002138,P100181,G001,2024-02-26 19:45:23,146.79,BRL,gameplay
EV0004857,E004755,P100052,G011,2024-05-01 12:10:56,137.64,GBP,tournament
EV0003160,E003160,P100172,G002,2024-03-24 20:27:25,157.38,EUR,tournament
EV0006052,E005860,P100048,G005,2024-06-26 13:00:33,206.67,EUR,tournament
EV0003652,E003629,P100056,G017,2024-04-07 11:41:03,202.84,BRL,gameplay
EV0005146,E005017,P100097,G014,2024-05-05 17:40:29,7.42,GBP,gameplay
EV0002088,E002088,P100173,G018,2024-02-24 15:18:08,33.49,USD,gameplay
EV0005056,E004937,P100083,G013,2024-05-26 14:07:19,185.85,BRL,gameplay
EV0004250,E004188,P100156,G018,2024-04-10 01:28:56,38.86,USD,bonus
EV0001243,E001243,P100020,G012,2024-02-25 12:18:41,108.44,BRL,bonus
EV0006280,E006075,P100086,G013,2024-06-22 02:19:59,118.74,BRL,gameplay
EV0000958,E000958,P100168,G004,2024-01-07 18:46:53,27.32,USD,gameplay
EV0004483,E004407,P100191,G004,2024-04-04 01:29:37,9.67,GBP,bonus
EV0005634,E005464,P100178,G015,2024-05-13 01:00:58,24.21,EUR,gameplay
EV0001327,E001327,P100038,G013,2024-02-05 15:45:29,399.54,BRL,tournament
EV0001946,E001946,P100147,G014,2024-02-01 15:39:44,39.62,USD,gameplay
EV0003832,E003802,P100087,G003,2024-04-17 15:10:26,42.91,GBP,bonus
EV0000873,E000873,P100152,G002,2024-01-06 19:14:45,22.24,USD,gameplay
EV0003010,E003010,P100143,G008,2024-03-04 17:30:25,193.5,BRL,gameplay
EV0003443,E003432,P100022,G001,2024-04-18 23:24:45,73.12,EUR,bonus
EV0000160,E000160,P100026,G014,2024-01-06 12:43:32,16.54,GBP,gameplay
EV0002729,E002729,P100094,G010,2024-03-02 09:11:14,60.12,EUR,bonus
EV0003793,E003764,P100078,G014,2024-04-29 06:13:52,52.83,EUR,bonus
EV0005895,E005712,P100021,G003,2024-06-28 01:37:20,28.03,USD,gameplay
EV0005981,E005792,P100036,G008,2024-06-18 13:15:09,156.44,EUR,tournament
EV0000900,E000900,P100156,G018,2024-01-04 00:39:35,10.51,USD,gameplay
EV0003898,E003866,P100099,G015,2024-04-26 19:03:45,17.36,USD,gameplay
EV0004303,E004237,P100164,G018,2024-04-08 09:31:16,47.49,EUR,tournament
EV0004839,E004739,P100047,G018,2024-05-03 12:52:20,25.8,EUR,gameplay
EV0005129,E005002,P100094,G010,2024-05-02 02:20:19,11.11,EUR,gameplay
EV0004038,E003993,P100122,G009,2024-04-02 22:12:06,22.37,EUR,bonus
EV0002414,E002414,P100030,G008,2024-03-06 07:25:50,16.7,GBP,gameplay
EV0001683,E001683,P100102,G014,2024-02-04 02:34:39,20.6,USD,gameplay
EV0005633,E005463,P100177,G012,2024-05-06 05:07:49,191.0,BRL,gameplay
EV0002499,E002499,P100048,G005,2024-03-11 16:36:36,26.48,EUR,gameplay
EV0004907,E004801,P100059,G017,2024-05-10 16:22:54,29.98,GBP,gameplay
EV0001719,E001719,P100107,G011,2024-02-01 01:06:34,24.03,USD,gameplay
EV0003032,E003032,P100150,G010,2024-03-12 21:03:23,37.23,EUR,gameplay
EV0004587,E004499,P100005,G002,2024-05-14 06:47:40,55.16,EUR,bonus
EV0003816,E003787,P100084,G001,2024-04-21 10:13:25,19.46,EUR,gameplay
EV0005219,E005084,P100108,G016,2024-05-18 15:42:31,29.81,EUR,gameplay
EV0002103,E002103,P100175,G009,2024-02-25 20:07:39,47.52,USD,bonus
EV0006823,E006580,P100175,G009,2024-06-27 06:16:01,10.52,USD,gameplay
EV0006393,E006179,P100104,G008,2024-06-03 02:44:21,189.43,BRL,gameplay
EV0001532,E001532,P100077,G008,2024-02-27 05:00:07,38.31,USD,gameplay
EV0002278,E002278,P100005,G002,2024-03-26 03:06:09,19.14,EUR,gameplay
EV0000363,E000363,P100061,G003,2024-01-13 02:37:36,25.26,EUR,gameplay
EV0004381,E004312,P100176,G008,2024-04-30 04:20:15,27.25,GBP,gameplay
EV0003092,E003092,P100161,G012,2024-03-18 00:50:33,14.68,EUR,gameplay
EV0004384,E004315,P100176,G008,2024-04-18 10:41:09,9.88,GBP,gameplay
EV0006745,E006508,P100161,G012,2024-06-25 02:52:32,36.93,EUR,gameplay
EV0000254,E000254,P100040,G007,2024-01-15 09:53:44,29.79,USD,gameplay
EV0000673,E000673,P100120,G010,2024-01-15 18:55:01,211.02,BRL,bonus
EV0005057,E004938,P100083,G013,2024-05-28 21:54:15,591.38,BRL,tournament
EV0000090,E000090,P100015,G006,2024-01-17 11:08:56,19.71,EUR,gameplay
EV0006512,E006289,P100124,G017,2024-06-11 07:42:25,149.31,EUR,tournament
EV0004896,E004790,P100058,G014,2024-05-16 05:34:54,199.96,BRL,bonus
EV0004293,E004228,P100163,G003,2024-04-18 13:41:20,131.12,BRL,gameplay
EV0001772,E001772,P100117,G002,2024-02-01 04:49:55,12.96,GBP,bonus
EV0005661,E005490,P100182,G006,2024-05-07 13:37:37,12.44,EUR,gameplay
EV0001012,E001012,P100180,G018,2024-01-31 02:40:52,22.5,USD,gameplay
EV0000829,E000829,P100143,G008,2024-01-30 23:17:09,363.67,BRL,bonus
EV0005279,E005140,P100119,G014,2024-05-31 03:31:45,19.56,USD,gameplay
EV0006714,E006480,P100157,G014,2024-06-13 02:28:08,70.98,BRL,gameplay
EV0006716,E006482,P100158,G016,2024-06-13 13:27:06,114.45,BRL,bonus
EV0002425,E002425,P100032,G015,2024-03-20 11:15:55,52.23,USD,bonus
EV0000613,E000613,P100108,G016,2024-01-29 17:30:41,13.06,EUR,gameplay
EV0001439,E001439,P100060,G014,2024-02-14 11:51:31,19.88,EUR,gameplay
EV0003024,E003024,P100148,G013,2024-03-25 09:16:10,279.31,BRL,bonus
EV0003381,E003375,P100012,G004,2024-04-15 17:09:06,35.32,USD,gameplay
EV0000538,E000538,P100094,G010,2024-01-29 05:31:08,8.07,EUR,gameplay
EV0006545,E006319,P100129,G004,2024-06-05 10:05:56,62.59,BRL,gameplay
EV0000668,E000668,P100119,G014,2024-01-09 07:38:12,38.72,USD,gameplay
EV0000782,E000782,P100136,G004,2024-01-09 11:56:37,10.46,USD,gameplay
EV0002651,E002651,P100076,G010,2024-03-03 13:21:48,13.38,GBP,gameplay
EV0001869,E001869,P100134,G016,2024-02-04 11:39:06,1233.18,BRL,tournament
EV0004957,E004846,P100066,G015,2024-05-14 06:46:22,113.67,BRL,bonus
EV0002451,E002451,P100037,G017,2024-03-13 19:44:04,157.65,USD,tournament
EV0002935,E002935,P100130,G013,2024-03-26 02:14:03,62.91,BRL,gameplay
EV0005461,E005306,P100149,G016,2024-05-11 06:15:49,111.75,EUR,tournament
EV0006131,E005936,P100061,G003,2024-06-18 02:07:33,23.87,EUR,gameplay
EV0003134,E003134,P100169,G012,2024-03-24 12:48:55,55.05,GBP,bonus
EV0000677,E000677,P100121,G009,2024-01-03 17:59:11,33.74,USD,gameplay
EV0003493,E003479,P100030,G008,2024-04-27 21:05:20,25.59,GBP,gameplay
EV0003553,E003535,P100040,G007,2024-04-14 21:51:56,34.51,USD,gameplay
EV0000155,E000155,P100025,G016,2024-01-28 20:57:25,66.12,GBP,tournament
EV0001691,E001691,P100103,G016,2024-02-03 05:28:48,17.71,GBP,gameplay
EV0001798,E001798,P100120,G010,2024-02-22 18:39:09,39.13,BRL,gameplay
EV0004655,E004563,P100017,G008,2024-05-22 00:52:54,69.38,BRL,gameplay
EV0006718,E006484,P100158,G016,2024-06-02 04:04:22,107.42,BRL,gameplay
EV0003324,E003322,P100003,G012,2024-04-05 02:22:37,207.02,BRL,bonus
EV0002186,E002186,P100189,G009,2024-02-19 11:22:49,20.61,EUR,gameplay
EV0001604,E001604,P100088,G012,2024-02-03 22:58:55,42.96,BRL,gameplay
EV0004126,E004075,P100138,G008,2024-04-12 13:54:55,20.65,EUR,gameplay
EV0001592,E001592,P100087,G003,2024-02-24 18:06:43,4.1,GBP,gameplay
EV0005887,E005704,P100019,G014,2024-06-30 08:11:47,36.88,EUR,gameplay
EV0004760,E004664,P100036,G008,2024-05-17 10:04:43,17.32,EUR,gameplay
EV0005400,E005250,P100137,G010,2024-05-11 19:33:47,93.49,USD,tournament
EV0004598,E004509,P100008,G018,2024-05-13 05:20:41,30.06,EUR,gameplay
EV0001392,E001392,P100052,G011,2024-02-26 00:37:51,16.8,GBP,gameplay
EV0001062,E001062,P100190,G017,2024-01-29 09:10:50,124.52,BRL,gameplay
EV0004280,E004216,P100161,G012,2024-04-30 18:37:26,19.31,EUR,gameplay
EV0004241,E004180,P100154,G013,2024-04-01 11:16:38,127.49,EUR,tournament
EV0000692,E000692,P100122,G009,2024-01-25 11:23:54,18.2,EUR,gameplay
EV0003255,E003255,P100191,G004,2024-03-31 09:17:26,12.39,GBP,gameplay
EV0004675,E004583,P100020,G012,2024-05-15 13:05:59,82.23,BRL,gameplay
EV0006832,E006589,P100177,G012,2024-06-13 14:28:26,166.5,BRL,gameplay
EV0005492,E005334,P100153,G014,2024-05-26 02:55:32,35.22,EUR,gameplay
EV0004075,E004027,P100130,G013,2024-04-28 03:08:34,162.1,BRL,gameplay
EV0002468,E002468,P100041,G012,2024-03-06 00:35:28,38.36,USD,gameplay
EV0000793,E000793,P100138,G008,2024-01-05 04:21:05,30.09,EUR,gameplay
EV0005064,E004944,P100084,G001,2024-05-26 19:41:13,7.44,EUR,gameplay
EV0003437,E003426,P100021,G003,2024-04-04 00:41:43,32.45,USD,gameplay
EV0006698,E006466,P100155,G009,2024-06-12 20:04:36,33.21,EUR,gameplay
EV0003471,E003459,P100027,G011,2024-04-28 20:33:36,121.7,USD,tournament
EV0005855,E005673,P100015,G006,2024-06-16 02:16:57,5.65,EUR,gameplay
EV0000347,E000347,P100058,G014,2024-01-01 01:54:55,154.95,BRL,gameplay
EV0006537,E006311,P100128,G016,2024-06-17 18:36:09,27.83,GBP,gameplay
EV0005595,E005427,P100169,G012,2024-05-27 21:04:27,16.7,GBP,gameplay
EV0002523,E002523,P100054,G015,2024-03-18 09:18:54,35.54,EUR,bonus
EV0004489,E004413,P100192,G008,2024-04-25 05:53:51,23.77,GBP,gameplay
EV0001496,E001496,P100071,G004,2024-02-03 06:26:19,17.91,USD,gameplay
EV0000307,E000307,P100051,G005,2024-01-27 06:31:17,35.97,EUR,gameplay
EV0006177,E005981,P100069,G003,2024-06-08 14:13:03,43.47,GBP,tournament
EV0000681,E000681,P100121,G009,2024-01-20 11:09:49,13.74,USD,gameplay
EV0001029,E001029,P100182,G006,2024-01-11 07:56:18,10.17,EUR,gameplay
EV0006340,E006129,P100094,G010,2024-06-25 11:44:19,20.68,EUR,gameplay
EV0000671,E000671,P100120,G010,2024-01-19 08:44:28,335.27,BRL,bonus
EV0000102,E000102,P100017,G008,2024-01-15 13:30:29,35.56,BRL,gameplay
EV0000855,E000855,P100148,G013,2024-01-10 23:49:28,98.62,BRL,gameplay
EV0000896,E000896,P100155,G009,2024-01-02 21:54:38,14.7,EUR,gameplay
EV0003175,E003175,P100176,G008,2024-03-12 14:40:34,6.07,GBP,gameplay
EV0005578,E005412,P100166,G003,2024-05-06 23:25:25,9.07,USD,gameplay
EV0004848,E004747,P100049,G002,2024-05-18 14:05:41,7.73,EUR,gameplay
EV0004072,E004024,P100129,G004,2024-04-03 02:00:29,80.84,BRL,gameplay
EV0004877,E004772,P100054,G015,2024-05-11 01:23:59,195.06,EUR,tournament
EV0001230,E001230,P100017,G008,2024-02-16 14:31:07,151.04,BRL,gameplay
EV0000832,E000832,P100144,G016,2024-01-25 15:08:32,7.78,USD,gameplay
EV0006106,E005913,P100057,G004,2024-06-10 11:45:29,36.74,USD,bonus
EV0006661,E006430,P100149,G016,2024-06-22 22:00:18,36.83,EUR,gameplay
EV0000120,E000120,P100019,G014,2024-01-11 05:25:39,34.78,EUR,gameplay
EV0005221,E005086,P100108,G016,2024-05-29 01:31:25,24.78,EUR,gameplay
EV0005231,E005096,P100110,G018,2024-05-17 03:41:26,623.66,BRL,tournament
EV0001943,E001943,P100146,G015,2024-02-22 16:47:45,156.62,BRL,gameplay
EV0004522,E004443,P100196,G014,2024-04-24 20:37:24,61.58,BRL,bonus
EV0001802,E001802,P100121,G009,2024-02-27 04:40:28,20.77,USD,gameplay
EV0000231,E000231,P100037,G017,2024-01-12 01:06:27,22.53,USD,gameplay
EV0000144,E000144,P100023,G002,2024-01-01 17:59:10,29.58,EUR,gameplay
EV0004012,E003969,P100117,G002,2024-04-20 02:21:15,42.35,GBP,tournament
EV0000647,E000647,P100116,G013,2024-01-14 08:12:00,33.02,EUR,gameplay
EV0004150,E004096,P100141,G016,2024-04-14 03:28:51,184.5,BRL,gameplay
EV0005592,E005424,P100168,G004,2024-05-07 02:10:40,23.26,USD,gameplay
EV0006234,E006033,P100078,G014,2024-06-11 09:16:47,32.22,EUR,gameplay
EV0004602,E004513,P100009,G005,2024-05-17 21:05:42,19.5,GBP,gameplay
EV0006155,E005959,P100064,G006,2024-06-26 12:36:36,13.81,GBP,gameplay
EV0002734,E002734,P100094,G010,2024-03-21 17:06:26,27.48,EUR,gameplay
EV0006087,E005895,P100055,G007,2024-06-22 23:33:05,23.46,EUR,gameplay
EV0005135,E005008,P100095,G014,2024-05-02 13:19:43,16.94,USD,gameplay
EV0004335,E004266,P100169,G012,2024-04-07 21:54:58,11.95,GBP,bonus
EV0006842,E006598,P100178,G015,2024-06-11 22:30:57,25.54,EUR,gameplay
EV0000567,E000567,P100100,G011,2024-01-04 12:02:27,307.89,BRL,bonus
EV0000085,E000085,P100014,G004,2024-01-04 06:50:08,140.39,EUR,tournament
EV0006921,E006673,P100191,G004,2024-06-20 02:30:05,23.29,GBP,gameplay
EV0004426,E004353,P100183,G008,2024-04-28 14:09:12,64.69,EUR,bonus
EV0000512,E000512,P100089,G007,2024-01-05 21:41:10,9.88,EUR,bonus
EV0004099,E004049,P100133,G002,2024-04-16 16:38:56,5.4,GBP,gameplay
EV0006441,E006221,P100111,G005,2024-06-06 07:18:11,794.34,BRL,tournament
EV0000642,E000642,P100115,G008,2024-01-22 20:27:33,189.48,BRL,gameplay
EV0001332,E001332,P100038,G013,2024-02-10 15:01:50,91.72,BRL,gameplay
EV0004954,E004844,P100066,G015,2024-05-05 06:43:41,110.09,BRL,bonus
EV0006528,E006303,P100126,G009,2024-06-14 08:17:09,39.86,BRL,gameplay
EV0006209,E006010,P100073,G015,2024-06-08 23:05:27,39.51,USD,gameplay
EV0001786,E001786,P100119,G014,2024-02-11 10:38:31,16.51,USD,gameplay
EV0005341,E005196,P100127,G015,2024-05-02 01:50:24,23.39,GBP,gameplay
EV0004416,E004344,P100181,G001,2024-04-06 04:58:12,189.65,BRL,gameplay
EV0000686,E000686,P100122,G009,2024-01-17 13:30:34,69.99,EUR,tournament
EV0003314,E003312,P100001,G003,2024-04-13 08:48:05,43.43,BRL,gameplay
EV0006796,E006556,P100171,G015,2024-06-21 01:57:45,21.28,USD,gameplay
EV0006175,E005979,P100069,G003,2024-06-06 23:38:07,39.41,GBP,bonus
EV0004967,E004854,P100067,G011,2024-05-04 21:41:10,38.18,USD,gameplay
EV0001905,E001905,P100139,G017,2024-02-16 07:30:07,50.82,USD,bonus
EV0006927,E006679,P100192,G008,2024-06-30 13:31:29,30.5,GBP,gameplay
EV0001932,E001932,P100144,G016,2024-02-10 02:19:36,11.98,USD,gameplay
EV0002977,E002977,P100138,G008,2024-03-19 06:40:25,31.12,EUR,gameplay
EV0005439,E005286,P100146,G015,2024-05-02 23:48:41,191.87,BRL,gameplay
EV0006747,E006510,P100161,G012,2024-06-30 18:26:20,23.48,EUR,gameplay
EV0002038,E002038,P100165,G016,2024-02-10 04:01:20,18.54,EUR,gameplay
EV0001513,E001513,P100074,G016,2024-02-05 02:11:37,70.42,EUR,bonus
EV0001130,E001130,P100001,G003,2024-02-27 13:46:31,94.19,BRL,bonus
EV0005000,E004887,P100073,G015,2024-05-14 22:42:19,27.77,USD,gameplay
EV0005097,E004975,P100089,G007,2024-05-23 04:23:25,28.98,EUR,gameplay
EV0000848,E000848,P100147,G014,2024-01-01 05:29:37,16.32,USD,gameplay
EV0001525,E001525,P100076,G010,2024-02-19 02:26:56,21.15,GBP,gameplay
EV0004730,E004636,P100028,G006,2024-05-14 18:08:36,4.05,GBP,gameplay
EV0006417,E006199,P100107,G011,2024-06-19 16:54:04,99.97,USD,tournament
EV0002043,E002043,P100165,G016,2024-02-07 12:53:37,15.86,EUR,gameplay
EV0006465,E006244,P100116,G013,2024-06-18 09:36:18,28.67,EUR,gameplay
EV0000012,E000012,P100002,G004,2024-01-20 10:55:40,27.24,USD,gameplay
EV0004386,E004316,P100176,G008,2024-04-04 08:44:00,4.43,GBP,gameplay
EV0000091,E000091,P100015,G006,2024-01-19 05:49:08,148.27,EUR,tournament
EV0001350,E001350,P100043,G004,2024-02-10 13:43:10,8.14,USD,gameplay
EV0001550,E001550,P100081,G014,2024-02-11 10:52:15,146.23,BRL,gameplay
EV0001997,E001997,P100156,G018,2024-02-01 17:30:03,28.93,USD,gameplay
EV0001220,E001220,P100016,G016,2024-02-05 17:02:37,56.99,USD,bonus
EV0006379,E006166,P100101,G009,2024-06-04 18:05:36,169.01,BRL,gameplay
EV0003552,E003534,P100040,G007,2024-04-19 13:19:10,25.77,USD,gameplay
EV0002974,E002974,P100137,G010,2024-03-01 04:01:20,39.21,USD,gameplay
EV0003728,E003702,P100066,G015,2024-04-29 05:58:14,39.48,BRL,gameplay
EV0003070,E003070,P100155,G009,2024-03-01 07:44:24,145.23,EUR,tournament
EV0000213,E000213,P100034,G016,2024-01-21 07:04:45,49.16,BRL,gameplay
EV0006830,E006587,P100177,G012,2024-06-08 17:42:33,39.58,BRL,gameplay
EV0006567,E006339,P100132,G007,2024-06-14 00:24:36,5.33,GBP,gameplay
EV0000478,E000478,P100082,G009,2024-01-10 14:54:07,13.06,EUR,gameplay
EV0006051,E005859,P100047,G018,2024-06-12 00:22:10,36.74,EUR,gameplay
EV0002134,E002134,P100181,G001,2024-02-26 16:31:08,55.6,BRL,gameplay
EV0002444,E002444,P100036,G008,2024-03-28 15:54:05,31.47,EUR,gameplay
EV0002560,E002560,P100060,G014,2024-03-25 19:33:47,24.74,EUR,gameplay
EV0000924,E000924,P100161,G012,2024-01-29 18:57:48,31.08,EUR,gameplay
EV0005328,E005183,P100125,G011,2024-05-21 22:56:01,35.29,USD,gameplay
EV0000391,E000391,P100066,G015,2024-01-30 05:11:15,186.32,BRL,bonus
EV0006594,E006365,P100136,G004,2024-06-26 08:11:13,44.33,USD,bonus
EV0000564,E000564,P100100,G011,2024-01-23 22:41:23,1163.81,BRL,tournament
EV0001538,E001538,P100078,G014,2024-02-24 12:44:19,11.48,EUR,gameplay
EV0006050,E005858,P100047,G018,2024-06-21 03:36:48,56.06,EUR,bonus
EV0006126,E005932,P100061,G003,2024-06-01 09:46:49,11.27,EUR,gameplay
EV0006037,E005845,P100044,G007,2024-06-05 01:36:55,10.13,EUR,gameplay
EV0001429,E001429,P100058,G014,2024-02-21 08:55:08,69.15,BRL,gameplay
EV0003117,E003117,P100166,G003,2024-03-18 12:36:24,8.27,USD,gameplay
EV0001423,E001423,P100057,G004,2024-02-11 06:19:29,35.98,USD,gameplay
EV0002472,E002472,P100043,G004,2024-03-23 21:19:21,15.84,USD,gameplay
EV0001896,E001896,P100138,G008,2024-02-09 07:04:34,5.81,EUR,gameplay
EV0005359,E005212,P100129,G004,2024-05-06 23:45:41,103.41,BRL,bonus
EV0000188,E000188,P100030,G008,2024-01-14 09:17:03,36.12,GBP,bonus
EV0000462,E000462,P100079,G014,2024-01-31 22:41:17,111.09,USD,tournament
EV0002110,E002110,P100176,G008,2024-02-17 12:50:31,119.72,GBP,tournament
EV0001461,E001461,P100063,G010,2024-02-13 09:13:14,60.61,BRL,gameplay
EV0006086,E005894,P100055,G007,2024-06-17 04:14:05,37.73,EUR,bonus
EV0002502,E002502,P100049,G002,2024-03-16 00:31:06,17.08,EUR,gameplay
EV0001546,E001546,P100079,G014,2024-02-16 15:43:48,25.5,USD,gameplay
EV0006563,E006335,P100131,G004,2024-06-22 20:52:28,40.96,BRL,gameplay
EV0005762,E005585,P100200,G018,2024-05-07 13:56:58,27.39,EUR,gameplay
EV0005161,E005029,P100099,G015,2024-05-20 19:53:15,36.9,USD,gameplay
EV0004958,E004847,P100066,G015,2024-05-25 03:43:19,106.97,BRL,gameplay
EV0001356,E001356,P100044,G007,2024-02-29 00:17:35,25.29,EUR,gameplay
EV0006096,E005904,P100056,G017,2024-06-18 23:33:11,90.18,BRL,gameplay
EV0000429,E000429,P100074,G016,2024-01-19 07:35:03,36.06,EUR,gameplay
EV0000758,E000758,P100133,G002,2024-01-27 12:12:33,30.19,GBP,gameplay
EV0006587,E006358,P100135,G010,2024-06-28 21:58:08,11.64,EUR,gameplay
EV0001193,E001193,P100012,G004,2024-02-14 01:17:55,63.67,USD,bonus
EV0006189,E005991,P100070,G013,2024-06-17 08:37:56,14.63,EUR,gameplay
EV0006694,E006462,P100155,G009,2024-06-03 00:08:41,37.39,EUR,gameplay
EV0004940,E004830,P100064,G006,2024-05-16 07:47:24,29.46,GBP,gameplay
EV0006107,E005914,P100058,G014,2024-06-20 15:06:51,130.92,BRL,gameplay
EV0006098,E005906,P100057,G004,2024-06-18 17:31:19,23.63,USD,gameplay
EV0000811,E000811,P100141,G016,2024-01-28 03:01:18,281.6,BRL,bonus
EV0001502,E001502,P100072,G008,2024-02-19 22:00:14,10.12,GBP,gameplay
EV0000597,E000597,P100105,G012,2024-01-29 23:22:13,24.23,GBP,gameplay
EV0002331,E002331,P100014,G004,2024-03-16 01:49:42,28.38,EUR,gameplay
EV0003403,E003394,P100015,G006,2024-04-21 05:49:26,8.86,EUR,gameplay
EV0003041,E003041,P100151,G004,2024-03-30 07:33:12,44.89,USD,bonus
EV0002956,E002956,P100134,G016,2024-03-14 03:21:13,148.62,BRL,gameplay
EV0003187,E003187,P100178,G015,2024-03-22 14:36:02,25.04,EUR,gameplay
EV0000369,E000369,P100062,G010,2024-01-03 05:51:43,34.84,USD,gameplay
EV0003835,E003805,P100087,G003,2024-04-16 08:42:21,5.01,GBP,gameplay
EV0006105,E005912,P100057,G004,2024-06-30 09:22:09,66.32,USD,tournament
EV0004047,E004002,P100124,G017,2024-04-01 15:08:49,142.91,EUR,tournament
EV0005294,E005153,P100121,G009,2024-05-17 00:09:55,32.74,USD,gameplay
EV0000511,E000511,P100089,G007,2024-01-04 03:54:48,18.42,EUR,gameplay
EV0004886,E004780,P100056,G017,2024-05-09 21:43:43,108.2,BRL,gameplay
EV0005106,E004982,P100091,G006,2024-05-06 08:29:19,114.68,BRL,gameplay
EV0005951,E005764,P100031,G002,2024-06-25 08:50:14,42.3,USD,bonus
EV0002677,E002677,P100080,G013,2024-03-14 23:56:23,11.68,USD,gameplay
EV0006593,E006364,P100136,G004,2024-06-17 22:08:28,38.12,USD,gameplay
EV0004347,E004278,P100171,G015,2024-04-17 12:03:21,36.74,USD,gameplay
EV0000943,E000943,P100165,G016,2024-01-28 08:29:33,21.67,EUR,gameplay
EV0005803,E005625,P100006,G007,2024-06-09 23:42:27,29.17,GBP,gameplay
EV0004509,E004430,P100193,G004,2024-04-12 22:42:19,89.5,GBP,tournament
EV0003036,E003036,P100150,G010,2024-03-25 19:49:40,37.49,EUR,gameplay
EV0005862,E005680,P100016,G016,2024-06-28 14:01:00,19.86,USD,gameplay
EV0006737,E006500,P100160,G002,2024-06-07 01:00:02,24.35,GBP,gameplay
EV0006391,E006177,P100104,G008,2024-06-19 02:29:19,163.88,BRL,gameplay
EV0004566,E004479,P100001,G003,2024-05-05 05:42:37,199.73,BRL,gameplay
EV0004569,E004482,P100002,G004,2024-05-12 05:33:24,27.46,USD,gameplay
EV0000103,E000103,P100017,G008,2024-01-11 22:20:46,131.43,BRL,gameplay
EV0003537,E003520,P100037,G017,2024-04-13 22:28:30,7.58,USD,gameplay
EV0005206,E005073,P100106,G015,2024-05-16 14:21:55,28.97,BRL,gameplay
EV0005776,E005598,P100001,G003,2024-06-28 16:21:32,173.7,BRL,bonus
EV0002948,E002948,P100133,G002,2024-03-10 11:08:25,25.91,GBP,gameplay
EV0000996,E000996,P100176,G008,2024-01-17 14:43:55,21.67,GBP,gameplay
EV0006195,E005997,P100071,G004,2024-06-21 22:34:43,21.83,USD,gameplay
EV0000206,E000206,P100033,G010,2024-01-19 18:46:26,18.93,GBP,gameplay
EV0002139,E002139,P100181,G001,2024-02-15 06:59:21,69.88,BRL,gameplay
EV0000375,E000375,P100064,G006,2024-01-21 20:05:37,96.7,GBP,tournament
EV0004104,E004054,P100134,G016,2024-04-12 20:56:31,108.51,BRL,gameplay
EV0000781,E000781,P100136,G004,2024-01-19 04:06:02,24.97,USD,gameplay
EV0006957,E006707,P100198,G007,2024-06-22 09:00:47,8.42,USD,gameplay
EV0005916,E005731,P100025,G016,2024-06-27 17:12:40,31.05,GBP,gameplay
EV0004421,E004348,P100182,G006,2024-04-22 17:54:53,6.5,EUR,gameplay
EV0002931,E002931,P100130,G013,2024-03-24 09:26:01,113.56,BRL,gameplay
EV0003474,E003461,P100027,G011,2024-04-03 14:23:21,9.87,USD,gameplay
EV0006920,E006672,P100191,G004,2024-06-07 21:13:44,56.46,GBP,bonus
EV0004160,E004105,P100143,G008,2024-04-10 17:31:04,198.57,BRL,gameplay
EV0003448,E003437,P100023,G002,2024-04-02 03:00:11,9.34,EUR,gameplay
EV0002238,E002238,P100200,G018,2024-02-03 13:07:50,28.84,EUR,gameplay
EV0004914,E004808,P100060,G014,2024-05-02 21:41:54,14.92,EUR,bonus
EV0000171,E000171,P100027,G011,2024-01-22 09:46:01,24.56,USD,gameplay
EV0002066,E002066,P100169,G012,2024-02-12 21:41:29,39.74,GBP,bonus
EV0000786,E000786,P100137,G010,2024-01-10 01:46:51,51.67,USD,bonus
EV0004412,E004340,P100181,G001,2024-04-09 12:06:08,199.68,BRL,gameplay
EV0003529,E003512,P100036,G008,2024-04-10 21:39:13,36.43,EUR,gameplay
EV0003718,E003692,P100064,G006,2024-04-03 14:16:12,27.8,GBP,gameplay
EV0006408,E006194,P100106,G015,2024-06-11 09:26:10,592.32,BRL,tournament
EV0006192,E005994,P100071,G004,2024-06-28 10:01:51,25.65,USD,gameplay
EV0005380,E005232,P100133,G002,2024-05-19 13:10:24,167.65,GBP,tournament
EV0000340,E000340,P100057,G004,2024-01-06 03:00:45,28.03,USD,gameplay
EV0005837,E005656,P100012,G004,2024-06-14 00:05:35,32.74,USD,bonus
EV0001916,E001916,P100141,G016,2024-02-12 10:25:37,186.73,BRL,gameplay
EV0004766,E004669,P100037,G017,2024-05-30 21:06:25,21.19,USD,gameplay
EV0006983,E006733,P100209,G002,2024-06-07 00:13:48,20.01,EUR,bonus
EV0004194,E004137,P100147,G014,2024-04-04 16:35:28,35.04,USD,gameplay
EV0006020,E005829,P100042,G017,2024-06-23 02:40:36,151.46,BRL,gameplay
EV0005623,E005453,P100175,G009,2024-05-12 17:57:51,36.8,USD,gameplay
EV0001167,E001167,P100008,G018,2024-02-02 16:12:23,56.63,EUR,bonus
EV0001079,E001079,P100193,G004,2024-01-31 01:58:42,20.34,GBP,gameplay
EV0003564,E003545,P100041,G012,2024-04-30 07:30:34,204.63,USD,tournament
EV0005100,E004978,P100090,G004,2024-05-28 00:20:17,34.49,EUR,gameplay
EV0003750,E003722,P100069,G003,2024-04-28 09:09:09,4.43,GBP,gameplay
EV0005956,E005769,P100032,G015,2024-06-16 13:14:13,23.59,USD,bonus
EV0001207,E001207,P100014,G004,2024-02-14 19:16:09,17.71,EUR,gameplay
EV0002239,E002239,P100201,G009,2024-02-17 17:54:50,79.09,BRL,gameplay
EV0003266,E003266,P100193,G004,2024-03-28 01:35:12,24.99,GBP,gameplay
EV0004289,E004224,P100162,G002,2024-04-23 14:59:25,36.31,EUR,gameplay
EV0004243,E004182,P100155,G009,2024-04-26 22:43:52,175.25,EUR,tournament
EV0005201,E005068,P100105,G012,2024-05-07 12:59:44,12.96,GBP,gameplay
EV0002369,E002369,P100021,G003,2024-03-14 20:19:14,68.56,USD,bonus
EV0003268,E003268,P100194,G005,2024-03-15 16:32:32,947.38,BRL,tournament
EV0004110,E004060,P100135,G010,2024-04-03 01:27:34,20.66,EUR,gameplay
EV0005429,E005278,P100143,G008,2024-05-04 10:44:31,181.39,BRL,gameplay
EV0003789,E003760,P100077,G008,2024-04-23 05:59:26,17.43,USD,gameplay
EV0006604,E006374,P100138,G008,2024-06-20 06:53:14,12.88,EUR,bonus
EV0006273,E006068,P100084,G001,2024-06-15 13:25:15,125.27,EUR,tournament
EV0002249,E002249,P100001,G003,2024-03-10 09:48:20,119.11,BRL,gameplay
EV0003103,E003103,P100164,G018,2024-03-31 18:15:09,17.31,EUR,gameplay
EV0004112,E004061,P100135,G010,2024-04-25 00:58:13,33.23,EUR,gameplay
EV0005649,E005478,P100179,G011,2024-05-27 05:47:27,25.35,USD,gameplay
EV0005613,E005444,P100174,G005,2024-05-14 03:46:46,30.55,GBP,gameplay
EV0003355,E003350,P100008,G018,2024-04-19 08:50:10,52.91,EUR,bonus
EV0003496,E003482,P100030,G008,2024-04-22 00:00:30,129.86,GBP,tournament
EV0006424,E006205,P100107,G011,2024-06-01 04:33:21,30.58,USD,gameplay
EV0000909,E000909,P100158,G016,2024-01-15 03:29:19,1172.03,BRL,tournament
EV0000870,E000870,P100151,G004,2024-01-24 22:38:59,8.07,USD,gameplay
EV0004953,E004843,P100066,G015,2024-05-28 16:30:47,122.55,BRL,gameplay
EV0000406,E000406,P100070,G013,2024-01-08 20:36:06,71.91,EUR,bonus
EV0006460,E006240,P100115,G008,2024-06-15 20:14:05,185.67,BRL,gameplay
EV0000676,E000676,P100120,G010,2024-01-09 07:18:05,147.94,BRL,gameplay
EV0004763,E004666,P100036,G008,2024-05-12 16:03:14,19.72,EUR,gameplay
EV0004797,E004700,P100042,G017,2024-05-10 15:42:15,89.99,BRL,gameplay
EV0004484,E004408,P100191,G004,2024-04-18 04:24:35,7.8,GBP,gameplay
EV0006628,E006398,P100143,G008,2024-06-30 22:57:53,173.28,BRL,gameplay
EV0003149,E003149,P100171,G015,2024-03-09 09:03:15,16.62,USD,bonus
EV0000419,E000419,P100072,G008,2024-01-23 17:46:59,9.05,GBP,gameplay
EV0005292,E005152,P100121,G009,2024-05-19 23:59:48,8.96,USD,gameplay
EV0004400,E004328,P100179,G011,2024-04-27 01:40:30,7.97,USD,gameplay
EV0003132,E003132,P100168,G004,2024-03-09 08:01:57,12.72,USD,gameplay
EV0001401,E001401,P100054,G015,2024-02-29 19:39:06,30.55,EUR,gameplay
EV0000280,E000280,P100045,G009,2024-01-04 05:23:44,66.88,BRL,gameplay
EV0002892,E002892,P100122,G009,2024-03-17 18:39:59,17.52,EUR,gameplay
EV0004434,E004361,P100184,G014,2024-04-09 09:16:04,11.13,USD,gameplay
EV0004949,E004839,P100065,G007,2024-05-24 21:51:07,20.37,USD,gameplay
EV0004542,E004458,P100199,G018,2024-04-26 08:49:18,68.22,USD,bonus
EV0005094,E004972,P100089,G007,2024-05-14 02:32:41,20.12,EUR,gameplay
EV0002086,E002086,P100172,G002,2024-02-21 20:00:15,11.63,EUR,bonus
EV0001506,E001506,P100073,G015,2024-02-15 23:56:21,51.87,USD,bonus
EV0005384,E005236,P100135,G010,2024-05-07 20:56:21,25.53,EUR,gameplay
EV0005586,E005420,P100167,G018,2024-05-18 09:46:54,16.65,EUR,gameplay
EV0003618,E003597,P100050,G007,2024-04-12 05:09:59,23.58,USD,gameplay
EV0001127,E001127,P100212,G017,2024-01-22 03:25:28,143.26,BRL,gameplay
EV0002216,E002216,P100197,G002,2024-02-10 13:05:21,5.05,GBP,gameplay
EV0002242,E002242,P100207,G011,2024-02-14 21:08:17,5.26,EUR,gameplay
EV0000495,E000495,P100085,G009,2024-01-07 23:01:37,30.67,GBP,gameplay
EV0000982,E000982,P100173,G018,2024-01-05 20:40:00,36.38,USD,gameplay
EV0006348,E006137,P100096,G014,2024-06-25 18:15:01,197.04,BRL,gameplay
EV0000971,E000971,P100170,G018,2024-01-31 19:42:57,8.22,USD,gameplay
EV0000497,E000497,P100085,G009,2024-01-25 17:39:03,21.3,GBP,gameplay
EV0004544,E004460,P100199,G018,2024-04-16 07:14:04,5.03,USD,gameplay
EV0002550,E002550,P100059,G017,2024-03-24 16:13:15,14.5,GBP,gameplay
EV0001026,E001026,P100181,G001,2024-01-12 04:29:46,56.27,BRL,gameplay
EV0001751,E001751,P100114,G002,2024-02-19 16:19:45,26.23,GBP,gameplay
EV0002204,E002204,P100194,G005,2024-02-12 14:25:10,396.62,BRL,tournament
EV0002485,E002485,P100045,G009,2024-03-01 00:20:24,199.8,BRL,gameplay
EV0002547,E002547,P100058,G014,2024-03-18 07:25:08,151.18,BRL,gameplay
EV0002712,E002712,P100087,G003,2024-03-14 11:42:25,29.28,GBP,gameplay
EV0003893,E003862,P100098,G009,2024-04-04 01:18:20,17.38,GBP,gameplay
EV0005357,E005210,P100129,G004,2024-05-17 00:30:07,806.83,BRL,tournament
EV0001477,E001477,P100066,G015,2024-02-25 10:26:28,43.99,BRL,gameplay
EV0005734,E005558,P100195,G012,2024-05-15 13:50:48,13.04,USD,gameplay
EV0005890,E005707,P100020,G012,2024-06-19 11:43:26,85.29,BRL,gameplay
EV0004466,E004390,P100188,G015,2024-04-27 00:59:26,18.63,GBP,gameplay
EV0001623,E001623,P100091,G006,2024-02-09 03:34:07,138.42,BRL,bonus
EV0006157,E005961,P100065,G007,2024-06-22 14:39:12,17.67,USD,gameplay
EV0004231,E004171,P100152,G002,2024-04-30 21:57:56,10.7,USD,gameplay
EV0004640,E004549,P100015,G006,2024-05-13 06:23:23,26.45,EUR,gameplay
EV0002713,E002713,P100088,G012,2024-03-13 11:13:19,78.48,BRL,gameplay
EV0002732,E002732,P100094,G010,2024-03-31 19:36:01,29.01,EUR,gameplay
EV0004184,E004128,P100146,G015,2024-04-17 22:22:00,64.51,BRL,gameplay
EV0004242,E004181,P100154,G013,2024-04-18 16:47:49,26.83,EUR,bonus
EV0002402,E002402,P100028,G006,2024-03-31 02:55:32,15.5,GBP,gameplay
EV0006057,E005865,P100049,G002,2024-06-22 23:21:53,49.48,EUR,tournament
EV0005266,E005129,P100117,G002,2024-05-29 22:21:05,27.05,GBP,gameplay
EV0002126,E002126,P100179,G011,2024-02-24 18:48:14,21.57,USD,gameplay
EV0006110,E005917,P100058,G014,2024-06-26 20:19:14,1009.95,BRL,tournament
EV0000753,E000753,P100132,G007,2024-01-24 14:17:55,13.34,GBP,gameplay
EV0005673,E005502,P100184,G014,2024-05-06 04:58:34,36.71,USD,gameplay
EV0001535,E001535,P100078,G014,2024-02-18 21:56:24,14.49,EUR,gameplay
EV0003746,E003718,P100068,G007,2024-04-27 15:19:00,34.35,BRL,gameplay
EV0002858,E002858,P100117,G002,2024-03-12 03:19:15,25.52,GBP,bonus
EV0005297,E005156,P100122,G009,2024-05-28 02:30:19,31.05,EUR,gameplay
EV0003427,E003418,P100020,G012,2024-04-26 02:38:50,122.46,BRL,gameplay
EV0006469,E006248,P100116,G013,2024-06-24 11:17:47,151.79,EUR,tournament
EV0005656,E005485,P100180,G018,2024-05-17 09:52:13,18.24,USD,gameplay
EV0003308,E003308,P100211,G014,2024-03-20 02:23:28,24.88,GBP,gameplay
EV0005936,E005751,P100029,G018,2024-06-27 00:28:02,199.85,USD,tournament
EV0002837,E002837,P100114,G002,2024-03-19 16:04:09,149.69,GBP,tournament
EV0003573,E003554,P100042,G017,2024-04-02 08:59:45,138.73,BRL,gameplay
EV0001846,E001846,P100130,G013,2024-02-16 13:32:25,157.46,BRL,gameplay
EV0000891,E000891,P100155,G009,2024-01-30 02:28:32,190.17,EUR,tournament
EV0006208,E006009,P100073,G015,2024-06-27 16:15:50,48.79,USD,bonus
EV0000194,E000194,P100031,G002,2024-01-05 12:15:16,49.01,USD,bonus
EV0001228,E001228,P100017,G008,2024-02-16 08:10:45,57.8,BRL,gameplay
EV0004851,E004750,P100049,G002,2024-05-18 15:22:40,35.79,EUR,gameplay
EV0006231,E006030,P100078,G014,2024-06-28 11:23:41,16.09,EUR,gameplay
EV0004531,E004449,P100197,G002,2024-04-16 14:39:04,4.28,GBP,gameplay
EV0004806,E004709,P100043,G004,2024-05-29 06:05:31,10.45,USD,gameplay
EV0005528,E005366,P100159,G010,2024-05-22 00:52:13,222.13,BRL,bonus
EV0000140,E000140,P100022,G001,2024-01-16 06:12:52,12.93,EUR,gameplay
EV0006425,E006206,P100108,G016,2024-06-25 10:35:07,19.0,EUR,gameplay
EV0004358,E004289,P100173,G018,2024-04-10 10:14:32,29.71,USD,bonus
EV0000539,E000539,P100094,G010,2024-01-14 03:16:39,183.65,EUR,tournament
EV0004308,E004242,P100164,G018,2024-04-24 02:37:12,23.52,EUR,gameplay
EV0005944,E005758,P100030,G008,2024-06-22 08:05:49,14.66,GBP,gameplay
EV0006452,E006232,P100114,G002,2024-06-16 04:18:51,150.22,GBP,tournament
EV0000358,E000358,P100061,G003,2024-01-01 10:00:48,27.08,EUR,gameplay
EV0001966,E001966,P100149,G016,2024-02-19 11:37:39,15.21,EUR,gameplay
EV0001321,E001321,P100037,G017,2024-02-24 07:06:20,18.22,USD,gameplay
EV0002804,E002804,P100108,G016,2024-03-05 09:09:54,13.07,EUR,gameplay
EV0005252,E005116,P100114,G002,2024-05-14 14:49:52,23.71,GBP,gameplay
EV0006947,E006698,P100196,G014,2024-06-10 09:27:16,652.39,BRL,tournament
EV0001960,E001960,P100149,G016,2024-02-29 22:33:24,23.03,EUR,bonus
EV0000722,E000722,P100128,G016,2024-01-10 15:34:00,60.03,GBP,tournament
EV0001309,E001309,P100034,G016,2024-02-20 20:28:44,272.06,BRL,bonus
EV0003987,E003946,P100113,G016,2024-04-03 03:33:56,240.62,USD,tournament
EV0003042,E003042,P100151,G004,2024-03-17 20:04:25,31.73,USD,gameplay
EV0003272,E003272,P100195,G012,2024-03-30 12:41:05,15.57,USD,gameplay
EV0004478,E004402,P100190,G017,2024-04-13 21:06:11,67.97,BRL,gameplay
EV0002253,E002253,P100002,G004,2024-03-28 03:06:25,26.25,USD,gameplay
EV0006146,E005951,P100063,G010,2024-06-06 23:12:26,159.89,BRL,bonus
EV0005176,E005044,P100101,G009,2024-05-07 04:15:23,367.58,BRL,tournament
EV0005535,E005373,P100160,G002,2024-05-08 19:09:55,60.63,GBP,bonus
EV0006575,E006346,P100133,G002,2024-06-21 23:17:07,60.94,GBP,tournament
EV0003274,E003274,P100195,G012,2024-03-06 06:55:46,34.23,USD,gameplay
EV0004584,E004496,P100005,G002,2024-05-25 18:35:56,25.48,EUR,gameplay
EV0006075,E005883,P100053,G004,2024-06-17 10:47:53,31.35,BRL,gameplay
EV0002971,E002971,P100137,G010,2024-03-29 03:15:57,24.85,USD,gameplay
EV0003095,E003095,P100162,G002,2024-03-12 14:44:44,8.06,EUR,gameplay
EV0002930,E002930,P100130,G013,2024-03-28 13:04:33,150.03,BRL,bonus
EV0006531,E006306,P100127,G015,2024-06-06 10:29:49,74.89,GBP,tournament
EV0004959,E004848,P100066,G015,2024-05-10 16:14:07,92.26,BRL,gameplay
EV0005507,E005347,P100157,G014,2024-05-19 19:58:33,135.7,BRL,gameplay
EV0000475,E000475,P100081,G014,2024-01-09 23:51:35,47.49,BRL,gameplay
EV0004992,E004879,P100071,G004,2024-05-05 10:49:57,27.12,USD,gameplay
EV0006266,E006061,P100083,G013,2024-06-17 17:22:41,234.34,BRL,bonus
EV0004074,E004026,P100130,G013,2024-04-04 10:30:15,101.31,BRL,gameplay
EV0004813,E004714,P100044,G007,2024-05-01 10:06:00,17.06,EUR,gameplay
EV0002561,E002561,P100060,G014,2024-03-04 02:05:01,5.85,EUR,gameplay
EV0002085,E002085,P100172,G002,2024-02-27 17:42:53,105.62,EUR,tournament
EV0001937,E001937,P100145,G002,2024-02-25 04:39:58,36.72,EUR,bonus
EV0001510,E001510,P100073,G015,2024-02-26 21:44:46,79.19,USD,bonus
EV0006427,E006208,P100108,G016,2024-06-26 09:37:11,10.61,EUR,gameplay
EV0001880,E001880,P100135,G010,2024-02-27 07:42:41,16.15,EUR,gameplay
EV0001545,E001545,P100079,G014,2024-02-13 03:17:04,15.26,USD,gameplay
EV0002368,E002368,P100021,G003,2024-03-13 03:22:23,33.12,USD,gameplay
EV0006201,E006003,P100072,G008,2024-06-28 20:23:07,24.43,GBP,gameplay
EV0006666,E006435,P100150,G010,2024-06-13 15:58:50,19.3,EUR,gameplay
EV0001073,E001073,P100191,G004,2024-01-30 14:21:44,152.07,GBP,tournament
EV0000044,E000044,P100007,G013,2024-01-08 14:56:22,35.27,EUR,gameplay
EV0001989,E001989,P100153,G014,2024-02-29 01:08:13,11.18,EUR,gameplay
EV0001372,E001372,P100048,G005,2024-02-18 00:57:53,51.72,EUR,bonus
EV0003939,E003901,P100105,G012,2024-04-26 04:11:33,53.06,GBP,bonus
EV0004920,E004813,P100061,G003,2024-05-05 05:06:37,31.59,EUR,gameplay
EV0002679,E002679,P100081,G014,2024-03-30 06:07:58,71.84,BRL,gameplay
EV0000291,E000291,P100047,G018,2024-01-18 06:27:06,27.91,EUR,gameplay
EV0004244,E004183,P100155,G009,2024-04-14 15:32:55,22.07,EUR,gameplay
EV0002999,E002999,P100142,G018,2024-03-27 05:30:24,147.15,BRL,gameplay
EV0005054,E004935,P100083,G013,2024-05-08 15:21:37,166.5,BRL,gameplay
EV0002997,E002997,P100142,G018,2024-03-04 23:58:46,49.13,BRL,gameplay
EV0003561,E003543,P100041,G012,2024-04-11 18:47:29,25.6,USD,gameplay
EV0003271,E003271,P100195,G012,2024-03-02 01:12:01,18.8,USD,gameplay
EV0004191,E004134,P100147,G014,2024-04-17 11:30:26,36.32,USD,gameplay
EV0000875,E000875,P100152,G002,2024-01-07 19:26:26,197.49,USD,tournament
EV0002516,E002516,P100053,G004,2024-03-10 06:56:41,185.09,BRL,gameplay
EV0003563,E003544,P100041,G012,2024-04-04 12:35:38,29.64,USD,gameplay
EV0002586,E002586,P100066,G015,2024-03-15 21:05:51,40.06,BRL,gameplay
EV0000796,E000796,P100139,G017,2024-01-21 18:12:35,22.08,USD,gameplay
EV0000203,E000203,P100032,G015,2024-01-16 14:06:51,22.95,USD,gameplay
EV0006483,E006262,P100118,G003,2024-06-27 06:04:05,141.5,EUR,tournament
EV0004508,E004429,P100193,G004,2024-04-18 23:14:23,14.45,GBP,gameplay
EV0002061,E002061,P100169,G012,2024-02-29 10:37:38,28.07,GBP,gameplay
EV0006857,E006613,P100182,G006,2024-06-21 09:10:48,31.47,EUR,bonus
EV0004650,E004558,P100017,G008,2024-05-26 21:10:08,88.09,BRL,gameplay
EV0000356,E000356,P100060,G014,2024-01-24 17:48:50,59.5,EUR,bonus
EV0002466,E002466,P100041,G012,2024-03-18 07:29:17,29.58,USD,gameplay
EV0000965,E000965,P100169,G012,2024-01-09 08:51:06,11.3,GBP,gameplay
EV0005270,E005133,P100118,G003,2024-05-09 12:42:08,70.99,EUR,bonus
EV0006949,E006700,P100196,G014,2024-06-29 23:33:24,180.21,BRL,gameplay
EV0000045,E000045,P100007,G013,2024-01-13 16:23:15,36.12,EUR,bonus
EV0006004,E005815,P100039,G003,2024-06-13 13:22:58,21.86,GBP,gameplay
EV0004174,E004119,P100145,G002,2024-04-01 19:44:41,4.99,EUR,gameplay
EV0002529,E002529,P100055,G007,2024-03-17 06:49:13,171.32,EUR,tournament
EV0001394,E001394,P100053,G004,2024-02-26 07:04:49,84.48,BRL,gameplay
EV0006134,E005939,P100062,G010,2024-06-08 12:16:40,29.86,USD,gameplay
EV0003333,E003329,P100004,G008,2024-04-20 16:02:51,12.9,EUR,gameplay
EV0005802,E005624,P100005,G002,2024-06-11 12:38:00,233.9,EUR,tournament
EV0001201,E001201,P100013,G014,2024-02-26 10:28:30,948.08,BRL,tournament
EV0000133,E000133,P100021,G003,2024-01-24 21:41:51,32.02,USD,gameplay
EV0002135,E002135,P100181,G001,2024-02-13 00:18:07,122.33,BRL,gameplay
EV0003645,E003622,P100055,G007,2024-04-06 22:05:54,25.09,EUR,gameplay
EV0000861,E000861,P100149,G016,2024-01-21 11:02:09,9.43,EUR,gameplay
EV0000218,E000218,P100036,G008,2024-01-04 03:33:09,214.59,EUR,tournament
EV0006354,E006143,P100098,G009,2024-06-01 21:31:54,27.87,GBP,bonus
EV0005630,E005460,P100176,G008,2024-05-05 14:55:16,111.75,GBP,tournament
EV0004328,E004260,P100167,G018,2024-04-03 12:18:44,27.21,EUR,gameplay
EV0006943,E006694,P100195,G012,2024-06-12 17:11:34,8.91,USD,gameplay
EV0001077,E001077,P100192,G008,2024-01-09 06:01:05,29.33,GBP,gameplay
EV0004307,E004241,P100164,G018,2024-04-02 04:44:21,26.09,EUR,gameplay
EV0005580,E005414,P100166,G003,2024-05-22 19:37:36,16.18,USD,gameplay
EV0005555,E005391,P100163,G003,2024-05-30 06:04:03,60.53,BRL,gameplay
EV0006965,E006715,P100199,G018,2024-06-14 23:15:24,49.6,USD,bonus
EV0002010,E002010,P100158,G016,2024-02-05 16:14:19,61.42,BRL,gameplay
EV0002491,E002491,P100047,G018,2024-03-26 03:51:59,67.73,EUR,bonus
EV0003128,E003128,P100168,G004,2024-03-21 08:05:18,6.96,USD,gameplay
EV0001968,E001968,P100150,G010,2024-02-22 15:20:48,20.92,EUR,gameplay
EV0000211,E000211,P100033,G010,2024-01-29 17:41:03,8.89,GBP,gameplay
EV0002857,E002857,P100117,G002,2024-03-14 04:26:30,14.69,GBP,gameplay
EV0006746,E006509,P100161,G012,2024-06-16 12:36:43,206.78,EUR,tournament
EV0006895,E006648,P100186,G002,2024-06-20 20:24:27,137.45,GBP,tournament
EV0002911,E002911,P100125,G011,2024-03-31 08:11:07,208.89,USD,tournament
EV0003262,E003262,P100192,G008,2024-03-30 15:46:07,24.16,GBP,gameplay
EV0005723,E005547,P100193,G004,2024-05-19 00:03:43,29.13,GBP,gameplay
EV0005573,E005407,P100165,G016,2024-05-01 19:46:10,18.67,EUR,gameplay
EV0006176,E005980,P100069,G003,2024-06-24 16:02:44,12.15,GBP,gameplay
EV0001865,E001865,P100133,G002,2024-02-18 16:02:21,9.71,GBP,bonus
EV0004353,E004284,P100172,G002,2024-04-25 11:36:29,35.14,EUR,gameplay
EV0000585,E000585,P100104,G008,2024-01-03 01:11:50,31.69,BRL,gameplay
EV0004368,E004299,P100174,G005,2024-04-19 01:23:08,18.03,GBP,gameplay
EV0001688,E001688,P100103,G016,2024-02-26 00:10:38,29.55,GBP,gameplay
EV0001229,E001229,P100017,G008,2024-02-29 15:02:28,45.9,BRL,gameplay
EV0002416,E002416,P100030,G008,2024-03-31 08:08:57,9.88,GBP,gameplay
EV0002449,E002449,P100037,G017,2024-03-11 00:07:12,241.86,USD,tournament
EV0003466,E003455,P100026,G014,2024-04-17 20:36:07,18.88,GBP,gameplay
EV0002247,E002247,P100001,G003,2024-03-02 21:54:36,70.59,BRL,gameplay
EV0006071,E005879,P100053,G004,2024-06-13 11:24:10,33.5,BRL,gameplay
EV0001973,E001973,P100150,G010,2024-02-13 04:40:36,27.41,EUR,gameplay
EV0005138,E005010,P100095,G014,2024-05-13 22:39:40,39.38,USD,gameplay
EV0001939,E001939,P100146,G015,2024-02-05 12:42:00,175.17,BRL,gameplay
EV0002326,E002326,P100014,G004,2024-03-15 08:01:52,31.14,EUR,gameplay
EV0001594,E001594,P100087,G003,2024-02-12 15:11:03,5.37,GBP,gameplay
EV0005291,E005151,P100121,G009,2024-05-05 10:10:25,18.93,USD,gameplay
EV0003767,E003739,P100073,G015,2024-04-04 06:13:46,24.29,USD,gameplay
EV0001614,E001614,P100089,G007,2024-02-18 16:13:44,32.24,EUR,bonus
EV0002344,E002344,P100016,G016,2024-03-12 00:36:27,39.64,USD,gameplay
EV0003482,E003469,P100028,G006,2024-04-05 00:54:36,24.85,GBP,gameplay
EV0001250,E001250,P100021,G003,2024-02-16 16:40:41,29.98,USD,gameplay
EV0006298,E006092,P100088,G012,2024-06-12 06:56:16,196.02,BRL,gameplay
EV0006419,E006200,P100107,G011,2024-06-13 06:21:08,35.02,USD,bonus
EV0002604,E002604,P100068,G007,2024-03-03 15:22:57,318.48,BRL,tournament
EV0002876,E002876,P100120,G010,2024-03-29 03:09:06,35.71,BRL,gameplay
EV0004847,E004746,P100049,G002,2024-05-05 18:55:22,35.97,EUR,gameplay
EV0002511,E002511,P100051,G005,2024-03-21 19:00:02,11.48,EUR,gameplay
EV0001674,E001674,P100101,G009,2024-02-02 09:07:17,101.05,BRL,gameplay
EV0002292,E002292,P100007,G013,2024-03-16 20:10:55,33.11,EUR,gameplay
EV0004647,E004555,P100016,G016,2024-05-04 00:00:40,32.23,USD,gameplay
EV0003080,E003080,P100157,G014,2024-03-28 23:18:08,296.96,BRL,bonus
EV0000323,E000323,P100053,G004,2024-01-07 02:57:06,102.62,BRL,gameplay
EV0001769,E001769,P100117,G002,2024-02-10 11:39:54,7.39,GBP,gameplay
EV0001724,E001724,P100108,G016,2024-02-12 02:39:21,35.78,EUR,gameplay
EV0002322,E002322,P100013,G014,2024-03-08 08:30:59,153.98,BRL,gameplay
EV0003299,E003299,P100200,G018,2024-03-18 11:24:19,45.49,EUR,bonus
EV0002209,E002209,P100196,G014,2024-02-27 14:45:15,287.69,BRL,bonus
EV0002149,E002149,P100184,G014,2024-02-19 19:17:51,32.02,USD,gameplay
EV0000124,E000124,P100020,G012,2024-01-21 00:38:30,355.95,BRL,bonus
EV0003085,E003085,P100159,G010,2024-03-07 11:24:25,234.91,BRL,bonus
EV0005731,E005555,P100195,G012,2024-05-10 02:25:18,10.8,USD,gameplay
EV0004209,E004149,P100150,G010,2024-04-10 07:29:32,28.48,EUR,gameplay
EV0003938,E003901,P100105,G012,2024-04-26 04:11:18,53.06,GBP,bonus
EV0004122,E004071,P100137,G010,2024-04-27 13:03:08,32.03,USD,gameplay
EV0002562,E002562,P100061,G003,2024-03-11 02:20:59,66.49,EUR,bonus
EV0005026,E004911,P100077,G008,2024-05-09 20:40:54,111.11,USD,tournament
EV0006719,E006484,P100158,G016,2024-06-02 04:04:30,107.42,BRL,gameplay
EV0002455,E002455,P100038,G013,2024-03-19 02:20:14,154.73,BRL,bonus
EV0005433,E005281,P100144,G016,2024-05-28 02:42:42,9.69,USD,gameplay
EV0002715,E002715,P100089,G007,2024-03-16 10:22:01,36.78,EUR,gameplay
EV0001448,E001448,P100061,G003,2024-02-05 12:14:14,36.87,EUR,gameplay
EV0001281,E001281,P100027,G011,2024-02-23 12:26:53,15.27,USD,gameplay
EV0001082,E001082,P100193,G004,2024-01-29 14:47:26,9.75,GBP,gameplay
EV0006596,E006367,P100136,G004,2024-06-05 22:28:33,30.6,USD,gameplay
EV0006914,E006666,P100189,G009,2024-06-29 10:14:53,15.32,EUR,gameplay
EV0006359,E006148,P100099,G015,2024-06-01 19:56:50,61.77,USD,bonus
EV0006707,E006473,P100156,G018,2024-06-10 16:19:12,9.94,USD,gameplay
EV0000329,E000329,P100054,G015,2024-01-13 03:15:31,90.54,EUR,tournament
EV0005976,E005788,P100035,G003,2024-06-27 21:26:22,24.54,GBP,gameplay
EV0001405,E001405,P100054,G015,2024-02-16 23:39:28,16.23,EUR,gameplay
EV0006770,E006532,P100167,G018,2024-06-22 08:29:11,6.54,EUR,gameplay
EV0002535,E002535,P100056,G017,2024-03-31 10:03:07,50.7,BRL,gameplay
EV0000442,E000442,P100076,G010,2024-01-21 15:36:38,22.14,GBP,bonus
EV0005841,E005660,P100012,G004,2024-06-03 05:31:15,24.14,USD,gameplay
EV0001158,E001158,P100006,G007,2024-02-27 17:13:18,159.89,GBP,tournament
EV0006079,E005887,P100054,G015,2024-06-11 19:53:39,18.42,EUR,gameplay
EV0000684,E000684,P100121,G009,2024-01-29 18:55:17,16.04,USD,gameplay
EV0002595,E002595,P100067,G011,2024-03-21 16:12:30,18.54,USD,gameplay
EV0000007,E000007,P100001,G003,2024-01-17 20:07:33,54.53,BRL,gameplay
EV0005136,E005009,P100095,G014,2024-05-04 00:26:06,30.68,USD,gameplay
EV0005025,E004910,P100077,G008,2024-05-25 06:38:59,23.96,USD,gameplay
EV0001413,E001413,P100056,G017,2024-02-20 09:26:21,196.09,BRL,gameplay
EV0006077,E005885,P100053,G004,2024-06-25 04:00:40,70.75,BRL,bonus
EV0001696,E001696,P100104,G008,2024-02-02 17:15:18,55.67,BRL,gameplay
EV0002957,E002957,P100134,G016,2024-03-21 03:55:23,51.34,BRL,gameplay
EV0004229,E004169,P100152,G002,2024-04-03 17:55:25,29.51,USD,gameplay
EV0000840,E000840,P100145,G002,2024-01-18 16:41:56,46.29,EUR,bonus
EV0001379,E001379,P100049,G002,2024-02-21 12:07:55,36.71,EUR,gameplay
EV0002938,E002938,P100131,G004,2024-03-04 12:48:59,283.67,BRL,bonus
EV0006749,E006512,P100161,G012,2024-06-27 12:47:17,10.77,EUR,gameplay
EV0004816,E004717,P100044,G007,2024-05-13 19:45:48,217.39,EUR,tournament
EV0000970,E000970,P100170,G018,2024-01-10 08:12:02,12.68,USD,gameplay
EV0006959,E006709,P100198,G007,2024-06-16 11:18:41,34.51,USD,gameplay
EV0001371,E001371,P100048,G005,2024-02-13 17:05:50,20.58,EUR,gameplay
EV0006256,E006052,P100081,G014,2024-06-12 10:35:15,85.48,BRL,gameplay
EV0005390,E005241,P100135,G010,2024-05-28 13:03:45,20.14,EUR,gameplay
EV0002351,E002351,P100017,G008,2024-03-19 10:29:33,57.48,BRL,gameplay
EV0003110,E003110,P100165,G016,2024-03-18 23:14:33,11.78,EUR,gameplay
EV0006825,E006582,P100176,G008,2024-06-11 02:04:43,5.02,GBP,gameplay
EV0002132,E002132,P100181,G001,2024-02-25 00:10:33,91.94,BRL,gameplay
EV0004664,E004572,P100019,G014,2024-05-17 21:35:59,7.48,EUR,gameplay
EV0001529,E001529,P100076,G010,2024-02-08 07:30:02,15.29,GBP,gameplay
EV0000548,E000548,P100096,G014,2024-01-10 14:51:08,194.02,BRL,gameplay
EV0002225,E002225,P100198,G007,2024-02-18 12:55:43,246.15,USD,tournament
EV0001005,E001005,P100178,G015,2024-01-05 13:10:44,8.54,EUR,gameplay
EV0005273,E005136,P100118,G003,2024-05-01 16:30:56,10.12,EUR,bonus
EV0005268,E005131,P100117,G002,2024-05-21 17:06:44,26.39,GBP,gameplay
EV0000798,E000798,P100139,G017,2024-01-30 18:05:07,114.68,USD,tournament
EV0002063,E002063,P100169,G012,2024-02-14 20:28:47,15.96,GBP,gameplay
EV0000271,E000271,P100043,G004,2024-01-18 13:29:14,10.6,USD,gameplay
EV0003943,E003905,P100105,G012,2024-04-20 10:49:50,4.8,GBP,gameplay
EV0003794,E003765,P100079,G014,2024-04-29 20:34:58,27.22,USD,gameplay
EV0000939,E000939,P100165,G016,2024-01-14 19:00:36,11.94,EUR,gameplay
EV0002601,E002601,P100068,G007,2024-03-20 13:32:40,130.22,BRL,gameplay
EV0003131,E003131,P100168,G004,2024-03-14 20:09:03,20.52,USD,gameplay
EV0002102,E002102,P100175,G009,2024-02-15 13:14:36,6.6,USD,gameplay
EV0003072,E003072,P100156,G018,2024-03-24 13:58:00,18.38,USD,bonus
EV0006940,E006691,P100194,G005,2024-06-23 18:29:54,49.43,BRL,gameplay
EV0001272,E001272,P100025,G016,2024-02-14 13:54:31,26.72,GBP,gameplay
EV0006284,E006079,P100086,G013,2024-06-19 12:17:49,1111.9,BRL,tournament
EV0004021,E003977,P100119,G014,2024-04-06 18:03:40,7.82,USD,gameplay
EV0006847,E006603,P100179,G011,2024-06-18 23:35:26,26.1,USD,gameplay
EV0003828,E003798,P100086,G013,2024-04-13 21:25:06,87.1,BRL,gameplay
EV0006001,E005812,P100039,G003,2024-06-27 09:16:58,30.09,GBP,gameplay
EV0003603,E003583,P100048,G005,2024-04-15 23:24:58,16.6,EUR,gameplay
EV0005466,E005310,P100149,G016,2024-05-12 09:21:25,9.23,EUR,gameplay
EV0000578,E000578,P100102,G014,2024-01-18 23:18:01,37.01,USD,bonus
EV0004580,E004492,P100004,G008,2024-05-10 03:17:30,18.35,EUR,gameplay
EV0002068,E002068,P100170,G018,2024-02-11 01:36:33,15.41,USD,gameplay
EV0005790,E005612,P100004,G008,2024-06-08 08:40:40,12.26,EUR,gameplay
EV0001428,E001428,P100058,G014,2024-02-28 17:18:50,848.35,BRL,tournament
EV0006555,E006327,P100130,G013,2024-06-24 04:26:50,80.53,BRL,gameplay
EV0003009,E003009,P100143,G008,2024-03-29 01:14:47,148.32,BRL,gameplay
EV0002219,E002219,P100198,G007,2024-02-15 02:22:43,34.2,USD,gameplay
EV0002383,E002383,P100024,G007,2024-03-01 09:30:30,337.35,BRL,bonus
EV0000114,E000114,P100018,G018,2024-01-12 17:18:04,19.16,GBP,gameplay
EV0005655,E005484,P100180,G018,2024-05-16 10:26:42,234.39,USD,tournament
EV0001736,E001736,P100111,G005,2024-02-03 18:45:26,66.13,BRL,gameplay
EV0001918,E001918,P100141,G016,2024-02-20 03:27:50,86.19,BRL,gameplay
EV0004154,E004100,P100142,G018,2024-04-04 18:40:06,163.35,BRL,gameplay
EV0003621,E003600,P100050,G007,2024-04-09 08:54:43,65.83,USD,bonus
EV0002883,E002883,P100121,G009,2024-03-28 10:28:08,64.86,USD,bonus
EV0003044,E003044,P100151,G004,2024-03-06 16:36:41,15.33,USD,gameplay
EV0002480,E002480,P100045,G009,2024-03-04 09:22:11,86.11,BRL,gameplay
EV0004521,E004442,P100196,G014,2024-04-05 13:54:40,284.36,BRL,tournament
EV0001690,E001690,P100103,G016,2024-02-24 12:31:43,145.5,GBP,tournament
EV0001878,E001878,P100135,G010,2024-02-22 15:17:20,23.47,EUR,gameplay
EV0000986,E000986,P100173,G018,2024-01-27 15:07:36,38.4,USD,gameplay
EV0002004,E002004,P100157,G014,2024-02-08 09:08:38,141.5,BRL,gameplay
EV0002638,E002638,P100074,G016,2024-03-29 06:33:51,6.68,EUR,gameplay
EV0001608,E001608,P100089,G007,2024-02-06 00:35:28,24.16,EUR,gameplay
EV0000569,E000569,P100100,G011,2024-01-30 04:02:09,106.82,BRL,gameplay
EV0001753,E001753,P100114,G002,2024-02-07 12:39:03,14.46,GBP,bonus
EV0006459,E006239,P100115,G008,2024-06-30 01:17:11,199.86,BRL,gameplay
EV0006466,E006245,P100116,G013,2024-06-13 06:50:22,30.96,EUR,gameplay
EV0000096,E000096,P100015,G006,2024-01-06 18:37:09,20.9,EUR,gameplay
EV0000994,E000994,P100176,G008,2024-01-26 14:01:02,30.13,GBP,gameplay
EV0003456,E003445,P100025,G016,2024-04-25 00:29:53,9.2,GBP,gameplay
EV0002151,E002151,P100184,G014,2024-02-03 19:09:09,247.82,USD,tournament
EV0005089,E004967,P100087,G003,2024-05-01 01:17:07,44.36,GBP,bonus
EV0001336,E001336,P100039,G003,2024-02-26 12:30:53,28.14,GBP,gameplay
EV0004114,E004063,P100136,G004,2024-04-07 06:11:26,30.38,USD,bonus
EV0001915,E001915,P100141,G016,2024-02-29 14:56:33,291.37,BRL,bonus
EV0005923,E005738,P100026,G014,2024-06-03 09:59:25,15.24,GBP,gameplay
EV0005745,E005568,P100196,G014,2024-05-31 17:16:26,1132.55,BRL,tournament
EV0000436,E000436,P100075,G017,2024-01-30 23:58:51,508.9,BRL,tournament
EV0006437,E006217,P100111,G005,2024-06-22 10:38:06,106.42,BRL,gameplay
EV0004337,E004268,P100169,G012,2024-04-13 07:11:42,8.24,GBP,gameplay
EV0000894,E000894,P100155,G009,2024-01-27 16:43:08,32.85,EUR,gameplay
EV0003122,E003122,P100167,G018,2024-03-17 08:40:57,105.23,EUR,tournament
EV0005910,E005726,P100024,G007,2024-06-03 21:43:54,111.63,BRL,gameplay
EV0000768,E000768,P100135,G010,2024-01-17 03:06:46,11.62,EUR,gameplay
EV0005401,E005251,P100137,G010,2024-05-19 17:40:15,82.72,USD,tournament
EV0000054,E000054,P100009,G005,2024-01-01 19:22:15,11.81,GBP,gameplay
EV0000240,E000240,P100038,G013,2024-01-20 10:55:24,41.37,BRL,gameplay
EV0006503,E006280,P100121,G009,2024-06-16 23:28:58,148.22,USD,tournament
EV0000653,E000653,P100118,G003,2024-01-12 22:25:47,14.56,EUR,gameplay
EV0005995,E005806,P100038,G013,2024-06-10 09:59:48,105.41,BRL,bonus
EV0003058,E003058,P100154,G013,2024-03-07 11:12:53,34.79,EUR,gameplay
EV0001541,E001541,P100078,G014,2024-02-06 22:08:12,10.4,EUR,gameplay
EV0000862,E000862,P100149,G016,2024-01-27 19:19:21,52.45,EUR,bonus
EV0002563,E002563,P100061,G003,2024-03-05 06:19:53,22.72,EUR,bonus
EV0004973,E004860,P100068,G007,2024-05-09 18:30:57,785.17,BRL,tournament
EV0005372,E005225,P100132,G007,2024-05-02 03:54:35,19.46,GBP,gameplay
EV0006673,E006442,P100151,G004,2024-06-23 17:23:44,7.7,USD,gameplay
EV0001977,E001977,P100151,G004,2024-02-01 11:49:26,9.92,USD,gameplay
EV0005285,E005146,P100120,G010,2024-05-31 18:46:45,834.57,BRL,tournament
EV0002786,E002786,P100103,G016,2024-03-15 19:10:57,72.04,GBP,tournament
EV0006725,E006490,P100159,G010,2024-06-23 11:20:29,68.35,BRL,gameplay
EV0003783,E003755,P100077,G008,2024-04-21 05:32:44,23.44,USD,gameplay
EV0005713,E005540,P100192,G008,2024-05-09 02:53:25,44.42,GBP,bonus
EV0006631,E006401,P100144,G016,2024-06-15 17:39:57,27.86,USD,gameplay
EV0004004,E003962,P100115,G008,2024-04-14 13:01:03,35.4,BRL,gameplay
EV0000232,E000232,P100037,G017,2024-01-20 19:38:25,7.66,USD,gameplay
EV0002964,E002964,P100135,G010,2024-03-01 15:50:48,18.69,EUR,gameplay
EV0001252,E001252,P100021,G003,2024-02-05 21:57:19,10.2,USD,gameplay
EV0001329,E001329,P100038,G013,2024-02-24 05:35:23,109.26,BRL,gameplay
EV0001348,E001348,P100042,G017,2024-02-17 10:24:16,29.59,BRL,gameplay
EV0006789,E006550,P100170,G018,2024-06-01 07:06:42,17.17,USD,gameplay
EV0000702,E000702,P100125,G011,2024-01-18 05:49:18,27.75,USD,gameplay
EV0004196,E004138,P100147,G014,2024-04-20 18:12:11,148.88,USD,tournament
EV0000519,E000519,P100090,G004,2024-01-20 00:55:43,29.86,EUR,gameplay
EV0004228,E004168,P100152,G002,2024-04-15 01:16:41,9.13,USD,gameplay
EV0005232,E005097,P100110,G018,2024-05-17 08:40:40,185.57,BRL,gameplay
EV0000336,E000336,P100056,G017,2024-01-07 04:34:20,114.71,BRL,gameplay
EV0006228,E006027,P100078,G014,2024-06-08 16:53:06,27.24,EUR,gameplay
EV0003281,E003281,P100197,G002,2024-03-07 05:07:55,7.89,GBP,gameplay
EV0005302,E005161,P100122,G009,2024-05-20 14:06:31,29.57,EUR,gameplay
EV0001232,E001232,P100018,G018,2024-02-09 18:57:42,17.58,GBP,gameplay
EV0000247,E000247,P100039,G003,2024-01-26 10:28:21,20.75,GBP,gameplay
EV0003651,E003628,P100056,G017,2024-04-13 01:24:11,196.64,BRL,gameplay
EV0000168,E000168,P100027,G011,2024-01-28 16:28:07,10.76,USD,gameplay
EV0005537,E005375,P100160,G002,2024-05-19 06:50:07,20.94,GBP,bonus
EV0006916,E006668,P100189,G009,2024-06-20 09:26:04,15.78,EUR,gameplay
EV0006502,E006279,P100121,G009,2024-06-18 15:45:35,238.19,USD,tournament
EV0005096,E004974,P100089,G007,2024-05-28 12:35:56,26.71,EUR,gameplay
EV0000820,E000820,P100142,G018,2024-01-22 19:55:40,116.36,BRL,gameplay
EV0006953,E006704,P100196,G014,2024-06-25 20:21:57,112.28,BRL,gameplay
EV0001422,E001422,P100057,G004,2024-02-27 21:08:24,8.54,USD,gameplay
EV0000871,E000871,P100152,G002,2024-01-09 16:36:39,34.67,USD,gameplay
EV0004476,E004400,P100190,G017,2024-04-18 06:32:16,97.83,BRL,gameplay
EV0003937,E003900,P100105,G012,2024-04-14 06:11:11,28.99,GBP,gameplay
EV0004098,E004048,P100133,G002,2024-04-11 06:43:41,49.53,GBP,bonus
EV0003760,E003732,P100071,G004,2024-04-05 00:26:05,17.55,USD,gameplay
EV0003742,E003715,P100067,G011,2024-04-26 05:06:08,37.92,USD,gameplay
EV0006428,E006209,P100109,G007,2024-06-10 05:36:37,6.69,GBP,gameplay
EV0002361,E002361,P100019,G014,2024-03-05 14:07:53,16.36,EUR,gameplay
EV0004601,E004512,P100008,G018,2024-05-26 18:40:57,23.88,EUR,gameplay
EV0001103,E001103,P100196,G014,2024-01-10 11:49:31,49.06,BRL,gameplay
EV0002901,E002901,P100123,G010,2024-03-26 08:34:52,38.78,BRL,gameplay
EV0005533,E005371,P100159,G010,2024-05-17 15:45:46,53.07,BRL,gameplay
EV0003407,E003398,P100016,G016,2024-04-05 10:39:04,15.87,USD,gameplay
EV0005362,E005215,P100130,G013,2024-05-28 14:20:41,99.47,BRL,gameplay
EV0000931,E000931,P100163,G003,2024-01-14 22:37:25,30.52,BRL,gameplay
EV0001102,E001102,P100196,G014,2024-01-18 18:22:52,88.62,BRL,gameplay
EV0004687,E004595,P100022,G001,2024-05-17 12:14:02,31.28,EUR,gameplay
EV0005152,E005022,P100098,G009,2024-05-05 20:33:25,23.14,GBP,gameplay
EV0004025,E003981,P100119,G014,2024-04-04 04:05:21,10.33,USD,gameplay
EV0000229,E000229,P100037,G017,2024-01-19 12:43:57,24.74,USD,gameplay
EV0000719,E000719,P100127,G015,2024-01-21 17:19:58,18.12,GBP,gameplay
EV0006279,E006074,P100086,G013,2024-06-27 09:17:39,109.49,BRL,gameplay
EV0002662,E002662,P100078,G014,2024-03-20 09:17:35,25.31,EUR,gameplay
EV0005378,E005230,P100133,G002,2024-05-01 14:21:53,20.28,GBP,gameplay
EV0000509,E000509,P100088,G012,2024-01-10 08:29:03,105.14,BRL,gameplay
EV0000659,E000659,P100118,G003,2024-01-20 01:46:24,16.63,EUR,gameplay
EV0002108,E002108,P100176,G008,2024-02-06 11:21:26,11.68,GBP,gameplay
EV0005667,E005496,P100183,G008,2024-05-08 22:22:20,5.78,EUR,gameplay
EV0005035,E004920,P100080,G013,2024-05-29 19:55:27,19.94,USD,gameplay
EV0000422,E000422,P100072,G008,2024-01-10 21:40:38,15.51,GBP,gameplay
EV0006840,E006596,P100178,G015,2024-06-18 15:50:15,22.08,EUR,gameplay
EV0000963,E000963,P100169,G012,2024-01-31 01:06:58,18.31,GBP,gameplay
EV0001172,E001172,P100008,G018,2024-02-10 14:31:35,30.61,EUR,gameplay
EV0006044,E005852,P100045,G009,2024-06-03 17:05:57,172.84,BRL,gameplay
EV0006639,E006409,P100145,G002,2024-06-03 04:54:15,75.02,EUR,bonus
EV0006926,E006678,P100191,G004,2024-06-22 02:02:37,23.82,GBP,gameplay
EV0002955,E002955,P100134,G016,2024-03-01 20:13:45,45.25,BRL,gameplay
EV0005779,E005601,P100002,G004,2024-06-17 22:34:24,74.04,USD,bonus
EV0005542,E005379,P100160,G002,2024-05-29 11:48:16,9.01,GBP,gameplay
EV0004565,E004479,P100001,G003,2024-05-05 05:42:11,199.73,BRL,gameplay
EV0001308,E001308,P100034,G016,2024-02-13 14:41:13,51.37,BRL,gameplay
EV0006813,E006570,P100174,G005,2024-06-11 06:41:56,29.26,GBP,gameplay
EV0000814,E000814,P100141,G016,2024-01-15 17:59:45,112.84,BRL,gameplay
EV0000980,E000980,P100173,G018,2024-01-30 14:45:16,27.52,USD,gameplay
EV0002866,E002866,P100118,G003,2024-03-29 09:21:06,6.02,EUR,gameplay
EV0002255,E002255,P100002,G004,2024-03-24 12:35:26,32.21,USD,gameplay
EV0006803,E006561,P100172,G002,2024-06-09 22:04:34,23.67,EUR,bonus
EV0005788,E005610,P100004,G008,2024-06-05 00:32:58,57.28,EUR,bonus
EV0002208,E002208,P100195,G012,2024-02-18 21:25:44,8.5,USD,gameplay
EV0000038,E000038,P100006,G007,2024-01-16 06:23:43,25.88,GBP,gameplay
EV0005167,E005035,P100100,G011,2024-05-11 23:15:35,202.05,BRL,gameplay
EV0001013,E001013,P100180,G018,2024-01-01 17:15:12,119.57,USD,tournament
EV0006525,E006300,P100125,G011,2024-06-10 15:48:04,31.46,USD,gameplay
EV0006588,E006359,P100135,G010,2024-06-27 08:45:01,18.26,EUR,gameplay
EV0005672,E005501,P100184,G014,2024-05-01 13:20:01,31.45,USD,gameplay
EV0006167,E005971,P100067,G011,2024-06-20 08:52:37,18.55,USD,gameplay
EV0002751,E002751,P100097,G014,2024-03-15 19:53:55,13.83,GBP,gameplay
EV0003221,E003221,P100184,G014,2024-03-17 10:47:57,29.71,USD,gameplay
EV0001534,E001534,P100077,G008,2024-02-07 13:10:53,15.62,USD,bonus
EV0006434,E006214,P100110,G018,2024-06-17 20:19:44,135.2,BRL,gameplay
EV0002941,E002941,P100131,G004,2024-03-16 11:25:34,109.79,BRL,gameplay
EV0001188,E001188,P100011,G015,2024-02-02 22:58:50,32.96,USD,gameplay
EV0005985,E005796,P100036,G008,2024-06-20 19:16:39,18.45,EUR,gameplay
EV0001988,E001988,P100153,G014,2024-02-21 00:02:21,73.46,EUR,bonus
EV0005424,E005273,P100142,G018,2024-05-11 12:19:04,78.81,BRL,gameplay
EV0004684,E004592,P100021,G003,2024-05-13 00:10:17,162.62,USD,tournament
EV0000830,E000830,P100144,G016,2024-01-25 19:39:17,11.47,USD,gameplay
EV0005207,E005074,P100106,G015,2024-05-13 05:26:16,188.47,BRL,gameplay
EV0003547,E003529,P100039,G003,2024-04-27 21:02:22,27.89,GBP,gameplay
EV0004220,E004160,P100151,G004,2024-04-16 22:50:56,33.61,USD,gameplay
EV0002633,E002633,P100072,G008,2024-03-26 08:45:09,24.63,GBP,gameplay
EV0005004,E004891,P100074,G016,2024-05-07 06:39:30,6.87,EUR,gameplay
EV0006232,E006031,P100078,G014,2024-06-17 21:46:05,22.2,EUR,gameplay
EV0004801,E004704,P100043,G004,2024-05-22 08:54:29,30.12,USD,gameplay
EV0006251,E006048,P100081,G014,2024-06-09 19:46:50,690.24,BRL,tournament
EV0006930,E006682,P100192,G008,2024-06-28 22:16:12,12.91,GBP,gameplay
EV0003105,E003105,P100164,G018,2024-03-28 06:11:56,30.71,EUR,gameplay
EV0006445,E006225,P100113,G016,2024-06-15 15:24:01,6.38,USD,gameplay
EV0003975,E003935,P100112,G015,2024-04-24 15:43:47,122.2,BRL,bonus
EV0006018,E005827,P100042,G017,2024-06-04 10:02:48,58.38,BRL,gameplay
EV0005693,E005521,P100188,G015,2024-05-11 15:47:34,20.8,GBP,gameplay
EV0005911,E005726,P100024,G007,2024-06-03 21:44:01,111.63,BRL,gameplay
EV0001227,E001227,P100017,G008,2024-02-15 01:12:09,276.42,BRL,bonus
EV0001091,E001091,P100194,G005,2024-01-21 15:07:41,137.37,BRL,gameplay
EV0006905,E006658,P100188,G015,2024-06-03 05:10:21,16.22,GBP,bonus
EV0001330,E001330,P100038,G013,2024-02-28 13:07:07,92.77,BRL,bonus
EV0004313,E004246,P100165,G016,2024-04-30 00:44:53,36.56,EUR,gameplay
EV0002843,E002843,P100115,G008,2024-03-16 02:14:29,144.66,BRL,bonus
EV0006880,E006635,P100184,G014,2024-06-03 08:47:44,18.69,USD,gameplay
EV0003620,E003599,P100050,G007,2024-04-09 23:57:11,38.93,USD,gameplay
EV0006370,E006159,P100100,G011,2024-06-20 05:22:02,164.14,BRL,gameplay
EV0005912,E005727,P100024,G007,2024-06-04 04:43:45,107.85,BRL,gameplay
EV0001819,E001819,P100124,G017,2024-02-27 13:43:15,26.53,EUR,bonus
EV0002673,E002673,P100079,G014,2024-03-20 09:50:42,43.61,USD,bonus
EV0004665,E004573,P100019,G014,2024-05-12 15:58:35,11.97,EUR,gameplay
EV0000276,E000276,P100044,G007,2024-01-09 21:55:31,19.44,EUR,gameplay
EV0006794,E006554,P100171,G015,2024-06-26 16:58:49,39.69,USD,gameplay
EV0005229,E005094,P100109,G007,2024-05-05 17:23:23,10.37,GBP,gameplay
EV0000345,E000345,P100058,G014,2024-01-16 18:10:23,88.2,BRL,gameplay
EV0005345,E005200,P100127,G015,2024-05-01 10:15:28,36.64,GBP,bonus
EV0006438,E006218,P100111,G005,2024-06-21 18:07:58,73.79,BRL,gameplay
EV0000738,E000738,P100130,G013,2024-01-24 01:12:29,694.35,BRL,tournament
EV0003531,E003514,P100036,G008,2024-04-07 13:02:32,5.64,EUR,gameplay
EV0005455,E005300,P100148,G013,2024-05-13 15:17:05,39.63,BRL,gameplay
EV0006569,E006341,P100132,G007,2024-06-12 06:31:29,13.82,GBP,gameplay
EV0005074,E004953,P100085,G009,2024-05-05 12:15:25,15.16,GBP,gameplay
EV0004084,E004035,P100131,G004,2024-04-24 01:13:06,746.08,BRL,tournament
EV0004153,E004099,P100142,G018,2024-04-11 11:00:20,66.63,BRL,gameplay
EV0004156,E004102,P100142,G018,2024-04-20 04:23:44,72.1,BRL,gameplay
EV0006239,E006038,P100079,G014,2024-06-26 06:23:55,170.27,USD,tournament
EV0000409,E000409,P100070,G013,2024-01-11 14:00:16,28.24,EUR,gameplay
EV0002389,E002389,P100026,G014,2024-03-19 16:33:36,16.19,GBP,gameplay
EV0004546,E004462,P100199,G018,2024-04-05 11:05:07,34.03,USD,gameplay
EV0004237,E004176,P100153,G014,2024-04-23 22:37:34,5.6,EUR,gameplay
EV0002780,E002780,P100102,G014,2024-03-24 08:18:27,39.19,USD,gameplay
EV0004473,E004397,P100190,G017,2024-04-20 21:02:53,245.54,BRL,bonus
EV0006022,E005831,P100042,G017,2024-06-28 17:26:45,91.48,BRL,gameplay
EV0003434,E003423,P100021,G003,2024-04-12 05:17:16,68.98,USD,bonus
EV0001879,E001879,P100135,G010,2024-02-03 08:49:18,136.36,EUR,tournament
EV0000499,E000499,P100086,G013,2024-01-13 03:35:16,98.13,BRL,gameplay
EV0004881,E004775,P100055,G007,2024-05-16 04:54:37,34.7,EUR,gameplay
EV0003421,E003412,P100020,G012,2024-04-07 02:07:08,51.52,BRL,gameplay
EV0000937,E000937,P100164,G018,2024-01-29 22:38:59,205.41,EUR,tournament
EV0000164,E000164,P100027,G011,2024-01-25 17:51:42,36.95,USD,gameplay
EV0000416,E000416,P100072,G008,2024-01-31 02:21:38,5.92,GBP,gameplay
EV0002711,E002711,P100087,G003,2024-03-27 21:04:04,9.37,GBP,gameplay
EV0001587,E001587,P100085,G009,2024-02-13 12:04:33,13.25,GBP,gameplay
EV0002190,E002190,P100191,G004,2024-02-18 23:50:17,29.98,GBP,gameplay
EV0005671,E005500,P100184,G014,2024-05-22 19:05:40,13.72,USD,gameplay
EV0001125,E001125,P100205,G007,2024-01-15 19:47:19,18.47,USD,gameplay
EV0001773,E001773,P100117,G002,2024-02-26 02:31:06,27.26,GBP,gameplay
EV0000292,E000292,P100047,G018,2024-01-08 09:55:02,25.79,EUR,gameplay
EV0001052,E001052,P100188,G015,2024-01-27 03:30:45,17.52,GBP,gameplay
EV0006249,E006047,P100081,G014,2024-06-19 07:21:57,83.86,BRL,gameplay
EV0000290,E000290,P100047,G018,2024-01-12 17:52:48,22.21,EUR,gameplay
EV0003331,E003327,P100004,G008,2024-04-19 22:54:45,31.19,EUR,gameplay
EV0004978,E004865,P100068,G007,2024-05-31 22:20:26,147.55,BRL,gameplay
EV0001386,E001386,P100051,G005,2024-02-28 13:17:07,30.34,EUR,bonus
EV0000446,E000446,P100077,G008,2024-01-09 15:54:44,110.61,USD,tournament
EV0002641,E002641,P100074,G016,2024-03-14 02:23:29,25.84,EUR,gameplay
EV0001263,E001263,P100023,G002,2024-02-20 23:31:19,72.21,EUR,bonus
EV0005448,E005294,P100147,G014,2024-05-23 15:11:29,38.22,USD,gameplay
EV0003612,E003592,P100049,G002,2024-04-25 22:37:07,12.38,EUR,gameplay
EV0001508,E001508,P100073,G015,2024-02-10 00:14:54,55.36,USD,bonus
EV0000482,E000482,P100083,G013,2024-01-30 14:09:20,124.9,BRL,gameplay
EV0004264,E004201,P100159,G010,2024-04-06 21:56:23,101.95,BRL,bonus
EV0002859,E002859,P100117,G002,2024-03-30 12:37:13,30.53,GBP,gameplay
EV0000725,E000725,P100128,G016,2024-01-29 17:27:25,9.01,GBP,gameplay
EV0005403,E005253,P100137,G010,2024-05-26 02:22:15,32.56,USD,gameplay
EV0001574,E001574,P100083,G013,2024-02-13 18:47:00,80.89,BRL,gameplay
EV0002897,E002897,P100123,G010,2024-03-08 14:16:19,346.34,BRL,bonus
EV0004852,E004751,P100050,G007,2024-05-25 04:37:12,27.49,USD,gameplay
EV0003090,E003090,P100160,G002,2024-03-25 17:41:57,16.81,GBP,gameplay
EV0004334,E004265,P100168,G004,2024-04-20 02:34:53,25.98,USD,gameplay
EV0002803,E002803,P100107,G011,2024-03-23 17:03:16,16.47,USD,bonus
EV0003136,E003136,P100169,G012,2024-03-16 23:40:52,152.32,GBP,tournament
EV0001358,E001358,P100045,G009,2024-02-03 20:32:13,97.45,BRL,gameplay
EV0001928,E001928,P100143,G008,2024-02-26 21:40:24,88.21,BRL,gameplay
EV0004429,E004356,P100183,G008,2024-04-14 08:21:31,26.78,EUR,gameplay
EV0000789,E000789,P100138,G008,2024-01-21 20:24:03,218.09,EUR,tournament
EV0006711,E006477,P100157,G014,2024-06-20 00:29:30,29.61,BRL,gameplay
EV0003217,E003217,P100183,G008,2024-03-25 11:25:10,23.01,EUR,gameplay
EV0005621,E005452,P100175,G009,2024-05-15 08:34:37,12.74,USD,gameplay
EV0004795,E004698,P100042,G017,2024-05-15 19:12:44,60.47,BRL,gameplay
EV0003686,E003662,P100060,G014,2024-04-24 00:11:23,23.84,EUR,gameplay
EV0000552,E000552,P100097,G014,2024-01-17 17:44:40,29.95,GBP,gameplay
EV0006455,E006235,P100114,G002,2024-06-25 23:48:45,26.89,GBP,gameplay
EV0001624,E001624,P100092,G001,2024-02-12 10:49:17,138.84,BRL,gameplay
EV0006732,E006496,P100159,G010,2024-06-23 22:00:40,51.48,BRL,gameplay
EV0004044,E003999,P100124,G017,2024-04-27 16:21:55,163.92,EUR,tournament
EV0001156,E001156,P100006,G007,2024-02-25 21:21:10,17.42,GBP,gameplay
EV0006477,E006256,P100118,G003,2024-06-26 14:55:02,32.64,EUR,gameplay
EV0003661,E003638,P100057,G004,2024-04-24 08:04:04,19.98,USD,gameplay
EV0001480,E001480,P100066,G015,2024-02-02 00:16:07,59.8,BRL,gameplay
EV0003479,E003466,P100028,G006,2024-04-15 01:51:45,19.68,GBP,gameplay
EV0001438,E001438,P100059,G017,2024-02-02 14:32:39,10.06,GBP,gameplay
EV0001806,E001806,P100121,G009,2024-02-29 09:32:52,53.24,USD,tournament
EV0003082,E003082,P100158,G016,2024-03-16 12:27:27,594.63,BRL,tournament
EV0002426,E002426,P100032,G015,2024-03-23 13:26:03,148.91,USD,tournament
EV0006814,E006571,P100174,G005,2024-06-20 16:17:49,9.27,GBP,gameplay
EV0001893,E001893,P100137,G010,2024-02-14 06:18:12,30.62,USD,gameplay
EV0001032,E001032,P100183,G008,2024-01-16 14:17:00,23.27,EUR,bonus
EV0001470,E001470,P100064,G006,2024-02-29 14:22:44,11.62,GBP,gameplay
EV0005773,E005595,P100214,G016,2024-05-26 03:08:40,36.64,BRL,gameplay
EV0005396,E005246,P100136,G004,2024-05-04 21:21:09,7.05,USD,gameplay
EV0005514,E005354,P100157,G014,2024-05-08 12:02:24,423.58,BRL,tournament
EV0004955,E004845,P100066,G015,2024-05-13 02:19:19,548.84,BRL,tournament
EV0000154,E000154,P100025,G016,2024-01-11 09:36:43,4.27,GBP,gameplay
EV0002765,E002765,P100100,G011,2024-03-29 04:51:49,161.39,BRL,gameplay
EV0004166,E004111,P100144,G016,2024-04-26 15:08:25,20.3,USD,gameplay
EV0004033,E003989,P100121,G009,2024-04-03 05:52:56,6.53,USD,gameplay
EV0000201,E000201,P100032,G015,2024-01-13 07:35:20,29.63,USD,gameplay
EV0000023,E000023,P100004,G008,2024-01-21 20:21:04,6.32,EUR,gameplay
EV0002176,E002176,P100188,G015,2024-02-06 20:47:53,17.49,GBP,gameplay
EV0002400,E002400,P100028,G006,2024-03-04 07:29:53,18.37,GBP,gameplay
EV0005399,E005249,P100137,G010,2024-05-03 16:17:08,5.4,USD,gameplay
EV0001472,E001472,P100065,G007,2024-02-20 23:27:29,11.29,USD,gameplay
EV0001776,E001776,P100118,G003,2024-02-09 14:41:59,20.07,EUR,gameplay
EV0005820,E005641,P100008,G018,2024-06-03 14:07:19,28.23,EUR,gameplay
EV0001044,E001044,P100185,G012,2024-01-20 17:36:50,147.33,GBP,tournament
EV0005178,E005046,P100101,G009,2024-05-30 13:40:31,201.57,BRL,bonus
EV0000079,E000079,P100013,G014,2024-01-30 17:07:16,115.84,BRL,gameplay
EV0001961,E001961,P100149,G016,2024-02-05 11:41:46,10.34,EUR,gameplay
EV0006655,E006424,P100148,G013,2024-06-25 17:46:31,51.82,BRL,gameplay
EV0003066,E003066,P100155,G009,2024-03-04 14:32:54,74.5,EUR,bonus
EV0006492,E006271,P100120,G010,2024-06-05 00:17:12,125.06,BRL,bonus
EV0004689,E004597,P100022,G001,2024-05-06 03:31:18,7.66,EUR,gameplay
EV0005767,E005589,P100202,G012,2024-05-04 02:23:26,119.89,USD,tournament
EV0000322,E000322,P100053,G004,2024-01-24 04:58:26,62.41,BRL,gameplay
EV0005541,E005378,P100160,G002,2024-05-04 12:09:00,27.89,GBP,gameplay
EV0005529,E005367,P100159,G010,2024-05-29 01:19:39,187.17,BRL,gameplay
EV0000294,E000294,P100048,G005,2024-01-26 23:37:44,90.1,EUR,tournament
EV0006491,E006270,P100120,G010,2024-06-19 19:36:30,36.74,BRL,gameplay
EV0004850,E004749,P100049,G002,2024-05-06 08:17:38,28.26,EUR,gameplay
EV0000995,E000995,P100176,G008,2024-01-24 01:25:07,13.07,GBP,gameplay
EV0001295,E001295,P100030,G008,2024-02-24 03:09:41,17.5,GBP,gameplay
EV0003408,E003399,P100016,G016,2024-04-23 03:05:23,11.19,USD,gameplay
EV0003119,E003119,P100166,G003,2024-03-22 21:56:09,19.91,USD,gameplay
EV0002972,E002972,P100137,G010,2024-03-25 21:59:35,33.34,USD,gameplay
EV0000199,E000199,P100031,G002,2024-01-31 00:13:59,33.31,USD,bonus
EV0002986,E002986,P100139,G017,2024-03-21 18:56:28,39.7,USD,gameplay
EV0003409,E003400,P100016,G016,2024-04-09 17:51:33,67.07,USD,bonus
EV0003150,E003150,P100171,G015,2024-03-27 03:25:30,28.87,USD,gameplay
EV0001984,E001984,P100152,G002,2024-02-10 08:24:45,12.84,USD,gameplay
EV0001720,E001720,P100108,G016,2024-02-14 04:00:58,33.52,EUR,gameplay
EV0001335,E001335,P100039,G003,2024-02-14 15:36:19,27.34,GBP,gameplay
EV0003557,E003539,P100041,G012,2024-04-23 05:06:41,11.62,USD,gameplay
EV0000348,E000348,P100059,G017,2024-01-13 04:11:59,16.71,GBP,gameplay
EV0002919,E002919,P100127,G015,2024-03-20 20:30:49,8.31,GBP,gameplay
EV0005746,E005569,P100196,G014,2024-05-22 23:20:38,268.36,BRL,bonus
EV0004946,E004836,P100064,G006,2024-05-25 18:48:05,6.89,GBP,gameplay
EV0002691,E002691,P100083,G013,2024-03-27 15:34:10,90.36,BRL,gameplay
EV0000138,E000138,P100021,G003,2024-01-13 11:49:51,36.35,USD,gameplay
EV0004039,E003994,P100123,G010,2024-04-02 00:13:19,169.72,BRL,gameplay
EV0005772,E005594,P100212,G017,2024-05-06 09:19:29,138.82,BRL,gameplay
EV0001080,E001080,P100193,G004,2024-01-28 13:23:24,7.91,GBP,gameplay
EV0004409,E004337,P100181,G001,2024-04-17 13:02:37,188.71,BRL,gameplay
EV0000326,E000326,P100054,G015,2024-01-10 22:01:54,27.98,EUR,gameplay
EV0006262,E006057,P100082,G009,2024-06-03 15:05:23,14.45,EUR,gameplay
EV0006153,E005957,P100064,G006,2024-06-02 18:43:25,16.21,GBP,gameplay
EV0004824,E004724,P100046,G011,2024-05-21 00:32:50,120.65,BRL,gameplay
EV0002324,E002324,P100013,G014,2024-03-15 09:27:36,157.3,BRL,gameplay
EV0006885,E006639,P100185,G012,2024-06-23 17:58:51,65.33,GBP,tournament
EV0002845,E002845,P100115,G008,2024-03-11 19:46:23,169.07,BRL,gameplay
EV0001698,E001698,P100104,G008,2024-02-21 07:52:13,165.51,BRL,gameplay
EV0002854,E002854,P100116,G013,2024-03-17 11:26:47,55.19,EUR,bonus
EV0002201,E002201,P100194,G005,2024-02-01 05:32:10,192.77,BRL,bonus
EV0000046,E000046,P100007,G013,2024-01-08 00:20:59,7.27,EUR,gameplay
EV0002343,E002343,P100016,G016,2024-03-16 01:53:33,18.87,USD,gameplay
EV0001286,E001286,P100027,G011,2024-02-12 08:22:43,39.97,USD,gameplay
EV0000960,E000960,P100168,G004,2024-01-16 23:48:59,21.67,USD,gameplay
EV0000093,E000093,P100015,G006,2024-01-30 22:14:22,9.87,EUR,gameplay
EV0006609,E006379,P100139,G017,2024-06-05 05:01:35,7.06,USD,gameplay
EV0004413,E004341,P100181,G001,2024-04-30 17:51:41,130.1,BRL,gameplay
EV0006829,E006586,P100177,G012,2024-06-22 19:01:19,707.38,BRL,tournament
EV0005893,E005710,P100021,G003,2024-06-23 03:41:54,58.09,USD,bonus
EV0001845,E001845,P100130,G013,2024-02-12 22:35:41,194.34,BRL,gameplay
EV0000100,E000100,P100016,G016,2024-01-21 17:18:41,22.43,USD,gameplay
EV0004699,E004606,P100024,G007,2024-05-11 12:45:45,58.31,BRL,gameplay
EV0003589,E003569,P100046,G011,2024-04-09 09:41:02,161.77,BRL,gameplay
EV0002933,E002933,P100130,G013,2024-03-20 03:23:07,118.29,BRL,gameplay
EV0006216,E006016,P100074,G016,2024-06-13 12:12:14,53.05,EUR,bonus
EV0000897,E000897,P100155,G009,2024-01-29 01:06:33,30.84,EUR,bonus
EV0001374,E001374,P100048,G005,2024-02-06 22:00:07,113.14,EUR,tournament
EV0004336,E004267,P100169,G012,2024-04-11 17:17:35,6.55,GBP,gameplay
EV0005966,E005778,P100033,G010,2024-06-08 14:06:37,22.47,GBP,bonus
EV0006127,E005933,P100061,G003,2024-06-19 05:42:48,32.49,EUR,gameplay
EV0003114,E003114,P100165,G016,2024-03-29 21:07:09,72.44,EUR,bonus
EV0000249,E000249,P100039,G003,2024-01-07 15:20:11,29.65,GBP,gameplay
EV0003761,E003733,P100071,G004,2024-04-26 19:08:01,7.93,USD,gameplay
EV0003077,E003077,P100156,G018,2024-03-25 13:12:10,167.31,USD,tournament
EV0006934,E006686,P100192,G008,2024-06-10 20:33:20,30.69,GBP,gameplay
EV0003518,E003502,P100034,G016,2024-04-23 14:43:24,169.34,BRL,gameplay
EV0003051,E003051,P100153,G014,2024-03-07 23:01:42,10.83,EUR,gameplay
EV0003894,E003862,P100098,G009,2024-04-04 01:18:30,17.38,GBP,gameplay
EV0001768,E001768,P100116,G013,2024-02-06 16:33:46,29.69,EUR,gameplay
EV0002245,E002245,P100213,G004,2024-02-01 10:21:20,37.55,USD,gameplay
EV0000521,E000521,P100091,G006,2024-01-01 22:55:43,139.9,BRL,gameplay
EV0005389,E005241,P100135,G010,2024-05-28 13:03:40,20.14,EUR,gameplay
EV0002958,E002958,P100135,G010,2024-03-17 21:17:28,34.26,EUR,bonus
EV0002693,E002693,P100083,G013,2024-03-14 05:37:25,138.54,BRL,gameplay
EV0000748,E000748,P100132,G007,2024-01-26 03:08:31,22.96,GBP,gameplay
EV0005960,E005773,P100032,G015,2024-06-23 22:56:03,31.84,USD,gameplay
EV0005040,E004924,P100081,G014,2024-05-21 12:42:24,155.58,BRL,gameplay
EV0002512,E002512,P100051,G005,2024-03-23 03:59:18,22.92,EUR,bonus
EV0006625,E006395,P100143,G008,2024-06-28 18:57:18,179.64,BRL,gameplay
EV0003812,E003783,P100082,G009,2024-04-15 18:39:25,13.32,EUR,bonus
EV0000531,E000531,P100092,G001,2024-01-13 13:02:35,28.17,BRL,gameplay
EV0002325,E002325,P100014,G004,2024-03-31 12:03:26,47.98,EUR,tournament
EV0004862,E004759,P100052,G011,2024-05-23 02:51:41,27.98,GBP,gameplay
EV0005055,E004936,P100083,G013,2024-05-14 02:30:53,334.58,BRL,bonus
EV0000060,E000060,P100010,G005,2024-01-06 21:29:44,33.47,USD,gameplay
EV0004768,E004671,P100038,G013,2024-05-14 03:05:36,167.9,BRL,gameplay
EV0004200,E004142,P100148,G013,2024-04-12 09:49:34,266.1,BRL,tournament
EV0002206,E002206,P100195,G012,2024-02-14 02:46:15,35.02,USD,gameplay
EV0000400,E000400,P100069,G003,2024-01-05 05:46:27,12.09,GBP,gameplay
EV0002903,E002903,P100124,G017,2024-03-16 18:13:34,171.4,EUR,tournament
EV0005304,E005163,P100122,G009,2024-05-19 09:04:08,6.56,EUR,gameplay
EV0004088,E004039,P100132,G007,2024-04-05 14:11:35,14.7,GBP,gameplay
EV0001990,E001990,P100153,G014,2024-02-25 21:58:56,28.55,EUR,gameplay
EV0005261,E005124,P100116,G013,2024-05-13 02:59:06,9.91,EUR,gameplay
EV0005237,E005102,P100111,G005,2024-05-12 22:20:36,95.33,BRL,bonus
EV0001911,E001911,P100140,G017,2024-02-04 08:43:33,39.85,GBP,bonus
EV0002980,E002980,P100138,G008,2024-03-25 07:34:21,32.83,EUR,bonus
EV0006156,E005960,P100065,G007,2024-06-20 15:06:42,73.78,USD,bonus
EV0005889,E005706,P100020,G012,2024-06-10 21:17:40,30.19,BRL,gameplay
EV0000944,E000944,P100165,G016,2024-01-03 07:30:40,33.44,EUR,gameplay
EV0004206,E004147,P100149,G016,2024-04-20 00:53:51,29.88,EUR,gameplay
EV0003454,E003443,P100025,G016,2024-04-26 17:41:08,81.02,GBP,tournament
EV0002965,E002965,P100136,G004,2024-03-21 07:28:12,17.17,USD,gameplay
EV0003857,E003826,P100091,G006,2024-04-17 17:01:14,66.83,BRL,gameplay
EV0002577,E002577,P100064,G006,2024-03-17 08:33:57,10.59,GBP,gameplay
EV0005984,E005795,P100036,G008,2024-06-08 21:28:18,29.87,EUR,gameplay
EV0001004,E001004,P100178,G015,2024-01-07 01:37:11,35.86,EUR,gameplay
EV0000105,E000105,P100017,G008,2024-01-08 14:07:17,43.67,BRL,gameplay
EV0005192,E005060,P100103,G016,2024-05-22 19:10:30,12.21,GBP,gameplay
EV0002880,E002880,P100120,G010,2024-03-07 15:41:02,191.35,BRL,gameplay
EV0005479,E005322,P100151,G004,2024-05-31 03:11:23,34.68,USD,gameplay
EV0006343,E006132,P100095,G014,2024-06-24 08:28:03,52.14,USD,tournament
EV0005339,E005194,P100126,G009,2024-05-12 20:08:12,193.16,BRL,bonus
EV0001765,E001765,P100116,G013,2024-02-16 18:55:54,30.58,EUR,gameplay
EV0000283,E000283,P100045,G009,2024-01-06 15:18:08,110.85,BRL,bonus
EV0006654,E006423,P100148,G013,2024-06-09 11:53:32,1002.59,BRL,tournament
EV0002806,E002806,P100108,G016,2024-03-28 02:39:03,6.88,EUR,gameplay
EV0004248,E004187,P100156,G018,2024-04-15 01:07:30,11.99,USD,gameplay
EV0002817,E002817,P100111,G005,2024-03-22 12:35:34,166.8,BRL,gameplay
EV0005516,E005356,P100158,G016,2024-05-27 16:37:17,902.85,BRL,tournament
EV0005883,E005700,P100019,G014,2024-06-23 09:45:13,22.74,EUR,gameplay
EV0006636,E006406,P100145,G002,2024-06-06 13:57:44,30.76,EUR,gameplay
EV0005701,E005529,P100191,G004,2024-05-18 17:16:00,16.68,GBP,gameplay
EV0003606,E003586,P100048,G005,2024-04-16 08:25:24,16.63,EUR,gameplay
EV0002564,E002564,P100062,G010,2024-03-19 14:30:21,36.82,USD,gameplay
EV0000067,E000067,P100011,G015,2024-01-30 16:17:51,22.41,USD,gameplay
EV0001828,E001828,P100125,G011,2024-02-01 20:49:37,5.9,USD,gameplay
EV0006476,E006255,P100118,G003,2024-06-05 07:16:08,69.42,EUR,bonus
EV0000887,E000887,P100154,G013,2024-01-06 19:07:55,24.24,EUR,gameplay
EV0003078,E003078,P100157,G014,2024-03-17 04:04:15,265.48,BRL,bonus
EV0002660,E002660,P100077,G008,2024-03-01 11:44:05,25.4,USD,gameplay
EV0006623,E006393,P100143,G008,2024-06-11 01:43:44,161.13,BRL,gameplay
EV0002898,E002898,P100123,G010,2024-03-27 07:42:57,352.49,BRL,bonus
EV0003867,E003836,P100093,G007,2024-04-07 12:08:37,14.67,EUR,gameplay
EV0006806,E006564,P100172,G002,2024-06-24 09:10:33,23.4,EUR,gameplay
EV0000288,E000288,P100047,G018,2024-01-25 14:36:47,13.97,EUR,gameplay
EV0002863,E002863,P100118,G003,2024-03-26 22:41:09,7.72,EUR,gameplay
EV0005644,E005474,P100179,G011,2024-05-29 18:00:41,29.91,USD,gameplay
EV0006053,E005861,P100048,G005,2024-06-23 17:49:00,194.07,EUR,tournament
EV0004239,E004178,P100154,G013,2024-04-04 09:22:49,27.04,EUR,gameplay
EV0002112,E002112,P100176,G008,2024-02-24 03:52:50,4.77,GBP,gameplay
EV0005738,E005561,P100196,G014,2024-05-15 09:39:07,1078.28,BRL,tournament
EV0004878,E004773,P100054,G015,2024-05-06 23:52:00,17.84,EUR,gameplay
EV0002267,E002267,P100004,G008,2024-03-28 07:11:30,16.81,EUR,gameplay
EV0004829,E004729,P100046,G011,2024-05-08 00:55:39,164.5,BRL,gameplay
EV0006824,E006581,P100176,G008,2024-06-03 19:38:02,122.11,GBP,tournament
EV0001149,E001149,P100004,G008,2024-02-04 13:22:22,31.53,EUR,bonus
EV0005735,E005559,P100195,G012,2024-05-20 14:24:34,32.42,USD,gameplay
EV0000559,E000559,P100098,G009,2024-01-04 19:55:43,26.02,GBP,gameplay
EV0000238,E000238,P100038,G013,2024-01-05 02:11:27,72.35,BRL,gameplay
EV0002340,E002340,P100015,G006,2024-03-24 06:11:20,30.07,EUR,gameplay
EV0006333,E006123,P100094,G010,2024-06-28 03:45:33,10.96,EUR,gameplay
EV0000952,E000952,P100167,G018,2024-01-05 19:17:17,27.25,EUR,bonus
EV0004267,E004204,P100159,G010,2024-04-20 12:41:48,72.02,BRL,bonus
EV0000734,E000734,P100130,G013,2024-01-26 01:21:05,212.71,BRL,bonus
EV0003598,E003578,P100047,G018,2024-04-22 12:16:14,24.07,EUR,gameplay
EV0000113,E000113,P100018,G018,2024-01-13 11:02:25,13.83,GBP,gameplay
EV0004692,E004600,P100022,G001,2024-05-07 15:54:53,34.47,EUR,bonus
EV0000510,E000510,P100089,G007,2024-01-28 09:23:51,208.0,EUR,tournament
EV0002504,E002504,P100049,G002,2024-03-23 01:33:53,191.58,EUR,tournament
EV0003947,E003909,P100106,G015,2024-04-20 14:05:12,107.9,BRL,gameplay
EV0002828,E002828,P100113,G016,2024-03-10 11:03:22,74.59,USD,bonus
EV0000838,E000838,P100145,G002,2024-01-14 12:49:02,66.73,EUR,bonus
EV0000534,E000534,P100094,G010,2024-01-28 14:21:35,197.35,EUR,tournament
EV0002125,E002125,P100179,G011,2024-02-08 02:09:25,44.29,USD,bonus
EV0002080,E002080,P100172,G002,2024-02-28 04:17:46,13.22,EUR,gameplay
EV0004864,E004761,P100053,G004,2024-05-24 12:34:57,142.13,BRL,bonus
EV0001459,E001459,P100062,G010,2024-02-19 14:40:57,8.8,USD,gameplay
EV0005727,E005551,P100194,G005,2024-05-29 19:50:38,218.78,BRL,bonus
EV0001315,E001315,P100035,G003,2024-02-14 16:07:46,85.4,GBP,tournament
EV0000064,E000064,P100011,G015,2024-01-10 11:55:49,27.64,USD,gameplay
EV0000063,E000063,P100011,G015,2024-01-13 17:30:16,15.85,USD,gameplay
EV0005620,E005451,P100174,G005,2024-05-22 13:53:11,88.65,GBP,tournament
EV0004625,E004535,P100012,G004,2024-05-10 02:07:08,27.93,USD,gameplay
EV0000128,E000128,P100020,G012,2024-01-07 00:28:20,147.89,BRL,gameplay
EV0006729,E006493,P100159,G010,2024-06-11 19:05:21,306.72,BRL,bonus
EV0004403,E004331,P100179,G011,2024-04-30 00:53:59,17.99,USD,gameplay
EV0003369,E003364,P100010,G005,2024-04-17 14:38:36,39.56,USD,gameplay
EV0001255,E001255,P100022,G001,2024-02-27 08:22:16,28.11,EUR,gameplay
EV0005594,E005426,P100169,G012,2024-05-20 14:54:01,4.07,GBP,gameplay
EV0003176,E003176,P100176,G008,2024-03-25 01:44:41,29.58,GBP,gameplay
EV0004995,E004882,P100072,G008,2024-05-04 22:11:45,57.08,GBP,bonus
EV0005203,E005070,P100106,G015,2024-05-24 20:59:43,196.71,BRL,bonus
EV0002951,E002951,P100133,G002,2024-03-04 12:37:12,3.86,GBP,gameplay
EV0000251,E000251,P100040,G007,2024-01-11 12:17:52,64.74,USD,bonus
EV0001825,E001825,P100124,G017,2024-02-06 13:14:06,15.01,EUR,gameplay
EV0003527,E003510,P100036,G008,2024-04-18 01:59:22,132.02,EUR,tournament
EV0000915,E000915,P100160,G002,2024-01-04 10:35:41,23.31,GBP,gameplay
EV0003294,E003294,P100199,G018,2024-03-12 11:46:24,29.52,USD,gameplay
EV0006688,E006456,P100154,G013,2024-06-05 10:43:24,22.4,EUR,gameplay
EV0004272,E004209,P100160,G002,2024-04-18 04:07:22,176.84,GBP,tournament
EV0000948,E000948,P100166,G003,2024-01-10 05:02:44,65.88,USD,bonus
EV0003008,E003008,P100143,G008,2024-03-15 02:55:37,162.14,BRL,gameplay
EV0004175,E004120,P100145,G002,2024-04-02 04:26:25,27.08,EUR,gameplay
EV0003508,E003492,P100032,G015,2024-04-28 08:34:56,7.12,USD,gameplay
EV0005750,E005573,P100197,G002,2024-05-12 19:31:42,22.21,GBP,bonus
EV0003914,E003878,P100101,G009,2024-04-17 03:16:40,192.23,BRL,gameplay
EV0002214,E002214,P100197,G002,2024-02-11 16:52:00,95.45,GBP,tournament
EV0003507,E003492,P100032,G015,2024-04-28 08:34:27,7.12,USD,gameplay
EV0003959,E003921,P100110,G018,2024-04-27 09:46:35,108.66,BRL,gameplay
EV0005579,E005413,P100166,G003,2024-05-17 09:04:34,11.66,USD,gameplay
EV0001106,E001106,P100197,G002,2024-01-18 22:35:44,120.54,GBP,tournament
EV0005549,E005385,P100161,G012,2024-05-22 02:50:50,9.84,EUR,bonus
EV0004447,E004372,P100186,G002,2024-04-25 22:31:19,24.59,GBP,gameplay
EV0001840,E001840,P100129,G004,2024-02-11 11:30:39,92.22,BRL,bonus
EV0000306,E000306,P100051,G005,2024-01-28 02:50:34,27.2,EUR,gameplay
EV0000950,E000950,P100166,G003,2024-01-19 01:42:18,25.23,USD,gameplay
EV0005822,E005643,P100008,G018,2024-06-05 23:54:42,55.12,EUR,bonus
EV0004833,E004733,P100047,G018,2024-05-16 22:55:06,20.63,EUR,gameplay
EV0005876,E005693,P100017,G008,2024-06-07 12:56:36,151.37,BRL,gameplay
EV0005766,E005588,P100200,G018,2024-05-09 16:18:50,9.71,EUR,gameplay
EV0000857,E000857,P100148,G013,2024-01-15 15:54:31,69.43,BRL,gameplay
EV0000027,E000027,P100005,G002,2024-01-03 09:35:24,27.58,EUR,gameplay
EV0002113,E002113,P100176,G008,2024-02-27 23:56:17,14.67,GBP,gameplay
EV0000222,E000222,P100036,G008,2024-01-13 12:24:35,5.65,EUR,gameplay
EV0002658,E002658,P100077,G008,2024-03-16 00:42:45,31.79,USD,gameplay
EV0000576,E000576,P100101,G009,2024-01-29 20:39:58,103.2,BRL,gameplay
EV0005588,E005421,P100168,G004,2024-05-02 11:25:49,5.5,USD,gameplay
EV0006185,E005988,P100070,G013,2024-06-11 19:09:50,13.48,EUR,gameplay
EV0006089,E005897,P100055,G007,2024-06-12 14:33:49,36.95,EUR,gameplay
EV0006095,E005903,P100056,G017,2024-06-18 00:21:02,159.67,BRL,gameplay
EV0006727,E006492,P100159,G010,2024-06-06 01:53:59,117.02,BRL,bonus
EV0003476,E003463,P100027,G011,2024-04-13 19:11:50,22.09,USD,gameplay
EV0000695,E000695,P100123,G010,2024-01-26 23:09:30,118.86,BRL,bonus
EV0006548,E006321,P100129,G004,2024-06-29 00:40:10,173.64,BRL,gameplay
EV0005320,E005177,P100124,G017,2024-05-27 03:06:06,20.35,EUR,gameplay
EV0003628,E003606,P100052,G011,2024-04-22 01:02:01,21.33,GBP,gameplay
EV0005929,E005744,P100027,G011,2024-06-18 03:40:09,21.41,USD,gameplay
EV0002302,E002302,P100009,G005,2024-03-06 01:38:17,23.03,GBP,gameplay
EV0004653,E004561,P100017,G008,2024-05-03 01:46:48,25.7,BRL,gameplay
EV0005684,E005512,P100185,G012,2024-05-04 14:50:09,4.53,GBP,gameplay
EV0003358,E003353,P100009,G005,2024-04-04 08:57:50,10.03,GBP,gameplay
EV0003197,E003197,P100180,G018,2024-03-31 18:14:55,22.03,USD,bonus
EV0004252,E004189,P100156,G018,2024-04-17 20:57:55,23.88,USD,gameplay
EV0005256,E005119,P100115,G008,2024-05-01 16:11:54,651.89,BRL,tournament
EV0004446,E004371,P100186,G002,2024-04-01 09:21:13,11.13,GBP,gameplay
EV0003347,E003343,P100007,G013,2024-04-21 18:18:59,22.02,EUR,gameplay
EV0006781,E006543,P100168,G004,2024-06-16 15:38:50,233.69,USD,tournament
EV0004430,E004357,P100184,G014,2024-04-12 15:22:06,31.31,USD,gameplay
EV0004876,E004772,P100054,G015,2024-05-11 01:23:46,195.06,EUR,tournament
EV0001944,E001944,P100146,G015,2024-02-05 17:47:31,61.69,BRL,gameplay
EV0006614,E006384,P100140,G017,2024-06-06 06:00:52,43.53,GBP,tournament
EV0005945,E005759,P100030,G008,2024-06-19 08:31:30,6.7,GBP,gameplay
EV0002855,E002855,P100117,G002,2024-03-03 07:10:39,12.69,GBP,gameplay
EV0004956,E004846,P100066,G015,2024-05-14 06:46:13,113.67,BRL,bonus
EV0005015,E004901,P100075,G017,2024-05-14 08:00:39,200.18,BRL,gameplay
EV0003961,E003922,P100110,G018,2024-04-23 11:37:34,87.11,BRL,gameplay
EV0006787,E006548,P100170,G018,2024-06-03 05:31:02,24.37,USD,gameplay
EV0000935,E000935,P100164,G018,2024-01-21 00:09:46,5.0,EUR,gameplay
EV0006589,E006360,P100135,G010,2024-06-24 12:21:42,6.07,EUR,gameplay
EV0006495,E006273,P100121,G009,2024-06-01 09:53:25,6.57,USD,gameplay
EV0004349,E004280,P100171,G015,2024-04-17 20:05:41,9.52,USD,gameplay
EV0003762,E003734,P100072,G008,2024-04-03 10:59:55,11.55,GBP,gameplay
EV0003983,E003942,P100113,G016,2024-04-13 00:34:50,26.62,USD,gameplay
EV0002716,E002716,P100089,G007,2024-03-26 12:48:34,20.25,EUR,gameplay
EV0004950,E004840,P100065,G007,2024-05-25 04:54:27,22.52,USD,gameplay
EV0002152,E002152,P100184,G014,2024-02-11 02:57:03,35.61,USD,gameplay
EV0006149,E005953,P100063,G010,2024-06-13 03:51:59,236.8,BRL,bonus
EV0002363,E002363,P100019,G014,2024-03-15 12:12:13,6.31,EUR,gameplay
EV0001659,E001659,P100098,G009,2024-02-29 01:10:42,23.92,GBP,gameplay
EV0005159,E005027,P100099,G015,2024-05-14 04:14:32,34.43,USD,gameplay
EV0000730,E000730,P100129,G004,2024-01-20 15:12:20,72.77,BRL,gameplay
EV0000182,E000182,P100029,G018,2024-01-30 00:15:13,26.52,USD,gameplay
EV0001528,E001528,P100076,G010,2024-02-12 22:03:41,20.99,GBP,gameplay
EV0000769,E000769,P100135,G010,2024-01-07 16:42:15,17.1,EUR,gameplay
EV0005349,E005204,P100128,G016,2024-05-02 02:39:45,57.76,GBP,bonus
EV0002961,E002961,P100135,G010,2024-03-02 08:00:27,13.69,EUR,gameplay
EV0000121,E000121,P100019,G014,2024-01-11 16:53:32,14.32,EUR,gameplay
EV0004014,E003970,P100117,G002,2024-04-07 23:19:31,25.36,GBP,gameplay
EV0000208,E000208,P100033,G010,2024-01-31 21:21:16,18.86,GBP,gameplay
EV0003307,E003307,P100209,G002,2024-03-31 15:36:58,34.42,EUR,gameplay
EV0002925,E002925,P100129,G004,2024-03-18 03:37:08,854.91,BRL,tournament
EV0002940,E002940,P100131,G004,2024-03-03 03:37:00,34.52,BRL,gameplay
EV0006870,E006625,P100183,G008,2024-06-06 09:13:53,119.91,EUR,tournament
EV0002794,E002794,P100105,G012,2024-03-13 05:50:25,22.53,GBP,gameplay
EV0001314,E001314,P100035,G003,2024-02-18 18:16:15,27.87,GBP,gameplay
EV0004557,E004472,P100208,G005,2024-04-09 05:45:47,64.42,USD,tournament
EV0000349,E000349,P100059,G017,2024-01-26 22:47:41,9.69,GBP,bonus
EV0002542,E002542,P100058,G014,2024-03-22 15:39:16,157.81,BRL,gameplay
EV0002388,E002388,P100026,G014,2024-03-24 21:19:21,10.53,GBP,gameplay
EV0000523,E000523,P100091,G006,2024-01-23 22:39:06,232.15,BRL,bonus
EV0000293,E000293,P100047,G018,2024-01-27 02:28:55,15.91,EUR,gameplay
EV0004969,E004856,P100067,G011,2024-05-22 04:37:06,31.0,USD,gameplay
EV0000408,E000408,P100070,G013,2024-01-29 02:52:45,20.12,EUR,bonus
EV0003999,E003958,P100115,G008,2024-04-03 05:39:06,27.01,BRL,gameplay
EV0000912,E000912,P100159,G010,2024-01-26 10:29:31,141.69,BRL,gameplay
EV0005721,E005546,P100193,G004,2024-05-10 13:05:42,21.55,GBP,gameplay
EV0005452,E005298,P100148,G013,2024-05-25 19:37:40,183.14,BRL,gameplay
EV0005902,E005718,P100021,G003,2024-06-19 10:45:42,22.05,USD,gameplay
EV0002397,E002397,P100027,G011,2024-03-11 05:16:21,234.78,USD,tournament
EV0002548,E002548,P100058,G014,2024-03-31 12:26:56,610.26,BRL,tournament
EV0005014,E004900,P100075,G017,2024-05-03 03:42:47,184.95,BRL,gameplay
EV0003406,E003397,P100016,G016,2024-04-25 14:27:56,15.29,USD,gameplay
EV0000747,E000747,P100131,G004,2024-01-25 20:03:03,195.08,BRL,gameplay
EV0005329,E005184,P100125,G011,2024-05-18 15:02:39,19.34,USD,gameplay
EV0001620,E001620,P100091,G006,2024-02-21 22:41:12,155.24,BRL,gameplay
EV0002678,E002678,P100080,G013,2024-03-01 09:49:02,19.61,USD,gameplay
EV0002025,E002025,P100161,G012,2024-02-02 19:17:23,23.25,EUR,gameplay
EV0006979,E006729,P100205,G007,2024-06-26 04:11:12,50.89,USD,tournament
EV0003511,E003495,P100032,G015,2024-04-21 09:25:58,65.85,USD,bonus
EV0001471,E001471,P100064,G006,2024-02-13 19:52:51,160.69,GBP,tournament
EV0001492,E001492,P100070,G013,2024-02-18 20:12:39,15.31,EUR,gameplay
EV0002354,E002354,P100017,G008,2024-03-09 07:37:43,100.96,BRL,gameplay
EV0004578,E004490,P100003,G012,2024-05-13 12:23:52,148.2,BRL,gameplay
EV0000927,E000927,P100163,G003,2024-01-10 13:45:58,185.18,BRL,gameplay
EV0001352,E001352,P100044,G007,2024-02-14 10:16:24,15.08,EUR,gameplay
EV0005559,E005395,P100163,G003,2024-05-03 16:46:25,63.51,BRL,gameplay
EV0002321,E002321,P100013,G014,2024-03-16 20:38:50,116.78,BRL,gameplay
EV0003144,E003144,P100170,G018,2024-03-08 13:15:52,18.29,USD,gameplay
EV0005045,E004928,P100082,G009,2024-05-07 16:16:50,36.29,EUR,gameplay
EV0001403,E001403,P100054,G015,2024-02-04 00:38:45,10.92,EUR,gameplay
EV0003228,E003228,P100186,G002,2024-03-03 06:00:20,171.07,GBP,tournament
EV0002890,E002890,P100122,G009,2024-03-16 16:12:13,4.78,EUR,gameplay
EV0004865,E004762,P100053,G004,2024-05-09 11:14:16,140.64,BRL,gameplay
EV0006790,E006551,P100171,G015,2024-06-19 22:44:00,18.96,USD,gameplay
EV0006007,E005818,P100040,G007,2024-06-13 16:20:39,26.22,USD,gameplay
EV0005257,E005120,P100115,G008,2024-05-08 23:30:51,289.64,BRL,bonus
EV0004735,E004641,P100029,G018,2024-05-28 21:23:57,15.54,USD,gameplay
EV0005648,E005477,P100179,G011,2024-05-10 08:07:54,35.43,USD,gameplay
EV0001971,E001971,P100150,G010,2024-02-02 23:04:28,12.81,EUR,gameplay
EV0005190,E005058,P100103,G016,2024-05-11 18:30:41,24.56,GBP,gameplay
EV0002433,E002433,P100033,G010,2024-03-31 03:36:06,25.07,GBP,gameplay
EV0001800,E001800,P100121,G009,2024-02-05 15:55:20,36.38,USD,gameplay
EV0003710,E003684,P100063,G010,2024-04-13 12:14:05,149.75,BRL,gameplay
EV0005171,E005039,P100100,G011,2024-05-11 23:14:08,171.69,BRL,gameplay
EV0005241,E005105,P100111,G005,2024-05-22 00:43:02,87.51,BRL,gameplay
EV0005582,E005416,P100166,G003,2024-05-11 11:04:36,69.69,USD,bonus
EV0004135,E004082,P100139,G017,2024-04-11 22:43:57,16.82,USD,gameplay
EV0005314,E005172,P100124,G017,2024-05-28 10:08:25,26.7,EUR,bonus
EV0005286,E005147,P100120,G010,2024-05-05 10:52:42,66.39,BRL,gameplay
EV0004905,E004799,P100059,G017,2024-05-15 07:43:51,23.61,GBP,gameplay
EV0000737,E000737,P100130,G013,2024-01-25 22:15:24,372.71,BRL,tournament
EV0004141,E004087,P100139,G017,2024-04-25 08:05:10,207.73,USD,tournament
EV0002008,E002008,P100158,G016,2024-02-11 22:34:32,183.66,BRL,gameplay
EV0000953,E000953,P100167,G018,2024-01-04 19:11:58,10.17,EUR,bonus
EV0002015,E002015,P100159,G010,2024-02-15 01:14:13,93.16,BRL,gameplay
EV0004227,E004167,P100152,G002,2024-04-01 21:40:19,32.59,USD,bonus
EV0000826,E000826,P100143,G008,2024-01-31 23:07:11,122.78,BRL,gameplay
EV0004519,E004440,P100196,G014,2024-04-01 23:08:37,105.82,BRL,gameplay
EV0005879,E005696,P100018,G018,2024-06-23 08:06:25,24.0,GBP,gameplay
EV0003356,E003351,P100009,G005,2024-04-15 23:48:25,17.44,GBP,gameplay
EV0002035,E002035,P100163,G003,2024-02-28 11:34:45,175.14,BRL,gameplay
EV0000715,E000715,P100127,G015,2024-01-06 00:02:42,18.21,GBP,gameplay
EV0004322,E004254,P100166,G003,2024-04-23 09:20:57,66.08,USD,bonus
EV0005095,E004973,P100089,G007,2024-05-01 08:46:29,20.66,EUR,gameplay
EV0000377,E000377,P100064,G006,2024-01-05 02:57:54,31.89,GBP,bonus
EV0006170,E005974,P100068,G007,2024-06-12 07:28:31,29.51,BRL,gameplay
EV0002871,E002871,P100119,G014,2024-03-04 15:38:14,29.5,USD,gameplay
EV0004554,E004469,P100204,G001,2024-04-20 21:25:40,6.47,GBP,gameplay
EV0000717,E000717,P100127,G015,2024-01-15 04:44:34,11.29,GBP,gameplay
EV0004901,E004795,P100058,G014,2024-05-20 01:27:36,27.99,BRL,gameplay
EV0006866,E006622,P100183,G008,2024-06-15 17:10:16,15.97,EUR,gameplay
EV0001757,E001757,P100114,G002,2024-02-03 11:38:49,6.78,GBP,gameplay
EV0001410,E001410,P100055,G007,2024-02-02 13:22:12,150.64,EUR,tournament
EV0002127,E002127,P100179,G011,2024-02-14 09:47:21,22.27,USD,gameplay
EV0003218,E003218,P100184,G014,2024-03-30 13:26:03,49.02,USD,bonus
EV0003503,E003488,P100031,G002,2024-04-29 23:49:27,66.53,USD,tournament
EV0003792,E003763,P100078,G014,2024-04-29 06:56:55,22.62,EUR,gameplay
EV0005027,E004912,P100077,G008,2024-05-06 16:47:12,19.86,USD,gameplay
EV0002642,E002642,P100075,G017,2024-03-06 19:28:48,92.97,BRL,gameplay
EV0003773,E003745,P100074,G016,2024-04-09 17:34:03,21.81,EUR,gameplay
EV0001599,E001599,P100088,G012,2024-02-13 08:40:41,170.4,BRL,gameplay
EV0004061,E004014,P100126,G009,2024-04-12 22:47:56,1188.15,BRL,tournament
EV0005163,E005031,P100099,G015,2024-05-03 03:51:46,54.61,USD,tournament
EV0000334,E000334,P100055,G007,2024-01-17 13:27:44,24.98,EUR,gameplay
EV0003370,E003364,P100010,G005,2024-04-17 14:38:39,39.56,USD,gameplay
EV0003848,E003818,P100090,G004,2024-04-06 05:37:42,22.56,EUR,gameplay
EV0000657,E000657,P100118,G003,2024-01-21 00:51:05,17.23,EUR,gameplay
EV0004796,E004699,P100042,G017,2024-05-25 08:15:39,845.09,BRL,tournament
EV0002271,E002271,P100004,G008,2024-03-27 10:55:58,31.09,EUR,gameplay
EV0000572,E000572,P100100,G011,2024-01-08 05:33:04,569.0,BRL,tournament
EV0004217,E004157,P100151,G004,2024-04-12 13:48:56,39.17,USD,gameplay
EV0004523,E004444,P100196,G014,2024-04-07 13:24:28,125.12,BRL,gameplay
EV0002387,E002387,P100025,G016,2024-03-13 09:56:39,6.36,GBP,gameplay
EV0005532,E005370,P100159,G010,2024-05-31 18:55:19,106.5,BRL,gameplay
EV0005340,E005195,P100126,G009,2024-05-25 04:38:19,95.33,BRL,gameplay
EV0004274,E004211,P100160,G002,2024-04-07 04:14:27,7.95,GBP,gameplay
EV0000503,E000503,P100087,G003,2024-01-26 03:31:12,11.57,GBP,gameplay
EV0000365,E000365,P100062,G010,2024-01-27 23:20:20,37.51,USD,bonus
EV0003354,E003349,P100008,G018,2024-04-21 21:05:59,7.59,EUR,gameplay
EV0006248,E006046,P100080,G013,2024-06-07 21:36:21,19.92,USD,gameplay
EV0002867,E002867,P100118,G003,2024-03-02 19:00:52,23.83,EUR,gameplay
EV0005489,E005331,P100153,G014,2024-05-03 03:58:45,12.11,EUR,gameplay
EV0004749,E004653,P100032,G015,2024-05-22 18:24:01,34.72,USD,gameplay
EV0005274,E005137,P100118,G003,2024-05-16 01:46:36,40.13,EUR,bonus
EV0006361,E006150,P100099,G015,2024-06-15 01:03:55,63.45,USD,tournament
EV0002505,E002505,P100049,G002,2024-03-10 18:47:57,35.79,EUR,gameplay
EV0002101,E002101,P100175,G009,2024-02-16 23:14:21,6.91,USD,gameplay
EV0006554,E006326,P100130,G013,2024-06-22 10:42:48,363.58,BRL,tournament
EV0000728,E000728,P100129,G004,2024-01-26 08:26:12,155.32,BRL,gameplay
EV0001562,E001562,P100082,G009,2024-02-10 21:35:55,30.6,EUR,gameplay
EV0003714,E003688,P100063,G010,2024-04-15 22:37:26,66.94,BRL,gameplay
EV0004180,E004124,P100146,G015,2024-04-10 14:05:05,49.52,BRL,gameplay
EV0001419,E001419,P100056,G017,2024-02-25 11:02:01,129.17,BRL,gameplay
EV0005464,E005309,P100149,G016,2024-05-05 00:54:06,20.45,EUR,gameplay
EV0004646,E004554,P100016,G016,2024-05-14 05:16:02,38.45,USD,gameplay
EV0004147,E004093,P100141,G016,2024-04-04 15:23:14,151.04,BRL,gameplay
EV0006278,E006073,P100086,G013,2024-06-26 20:20:33,103.81,BRL,gameplay
EV0000316,E000316,P100052,G011,2024-01-03 04:37:14,9.69,GBP,gameplay
EV0004558,E004473,P100209,G002,2024-04-07 01:11:32,6.33,EUR,gameplay
EV0005021,E004907,P100076,G010,2024-05-02 20:11:15,30.87,GBP,gameplay
EV0006328,E006118,P100093,G007,2024-06-06 02:44:33,60.61,EUR,bonus
EV0004963,E004851,P100066,G015,2024-05-18 17:49:14,128.13,BRL,bonus
EV0003415,E003406,P100018,G018,2024-04-08 23:48:56,18.09,GBP,gameplay
EV0001625,E001625,P100092,G001,2024-02-09 00:06:24,166.84,BRL,gameplay
EV0006467,E006246,P100116,G013,2024-06-14 04:49:04,28.05,EUR,gameplay
EV0005878,E005695,P100018,G018,2024-06-10 13:26:57,13.81,GBP,gameplay
EV0005872,E005689,P100017,G008,2024-06-27 22:09:43,374.73,BRL,bonus
EV0001600,E001600,P100088,G012,2024-02-04 02:07:31,27.39,BRL,gameplay
EV0003689,E003665,P100061,G003,2024-04-10 13:42:27,15.91,EUR,gameplay
EV0006704,E006470,P100156,G018,2024-06-13 04:20:15,30.61,USD,gameplay
EV0005783,E005605,P100003,G012,2024-06-20 17:35:55,423.28,BRL,tournament
EV0006219,E006018,P100075,G017,2024-06-20 20:37:07,61.1,BRL,bonus
EV0000277,E000277,P100044,G007,2024-01-20 12:39:25,25.32,EUR,gameplay
EV0003212,E003212,P100182,G006,2024-03-28 20:51:06,19.22,EUR,bonus
EV0000628,E000628,P100112,G015,2024-01-11 23:07:30,97.75,BRL,gameplay
EV0002337,E002337,P100015,G006,2024-03-18 21:16:35,15.46,EUR,gameplay
EV0001979,E001979,P100151,G004,2024-02-17 15:12:53,60.98,USD,bonus
EV0006853,E006609,P100181,G001,2024-06-14 05:56:13,788.83,BRL,tournament
EV0006568,E006340,P100132,G007,2024-06-10 17:27:08,7.59,GBP,gameplay
EV0003413,E003404,P100018,G018,2024-04-05 22:26:50,22.41,GBP,bonus
EV0001452,E001452,P100062,G010,2024-02-12 04:36:55,24.55,USD,gameplay
EV0002945,E002945,P100132,G007,2024-03-28 21:32:15,29.45,GBP,gameplay
EV0005250,E005114,P100114,G002,2024-05-15 09:10:31,5.18,GBP,gameplay
EV0003675,E003651,P100059,G017,2024-04-26 18:40:21,43.91,GBP,bonus
EV0000693,E000693,P100122,G009,2024-01-19 04:36:43,19.22,EUR,gameplay
EV0001469,E001469,P100063,G010,2024-02-19 15:29:29,83.64,BRL,gameplay
EV0002541,E002541,P100058,G014,2024-03-10 21:39:24,279.02,BRL,bonus
EV0006353,E006142,P100098,G009,2024-06-27 04:47:21,55.21,GBP,bonus
EV0001101,E001101,P100196,G014,2024-01-22 09:17:43,340.07,BRL,bonus
EV0003876,E003845,P100094,G010,2024-04-05 02:28:47,55.74,EUR,tournament
EV0002345,E002345,P100016,G016,2024-03-28 10:50:34,77.19,USD,bonus
EV0003465,E003454,P100026,G014,2024-04-20 14:50:00,8.14,GBP,gameplay
EV0006601,E006372,P100138,G008,2024-06-04 00:22:11,41.0,EUR,bonus
EV0002546,E002546,P100058,G014,2024-03-14 09:09:02,156.38,BRL,gameplay
EV0001342,E001342,P100041,G012,2024-02-03 06:39:34,27.54,USD,gameplay
EV0002717,E002717,P100090,G004,2024-03-29 11:43:31,23.97,EUR,gameplay
EV0003002,E003002,P100142,G018,2024-03-08 22:52:10,44.51,BRL,gameplay
EV0003151,E003151,P100171,G015,2024-03-29 14:47:50,37.47,USD,gameplay
EV0003003,E003003,P100142,G018,2024-03-18 21:33:57,117.46,BRL,gameplay
EV0001941,E001941,P100146,G015,2024-02-21 03:21:38,73.23,BRL,gameplay
EV0000878,E000878,P100153,G014,2024-01-04 21:21:21,29.46,EUR,gameplay
EV0006337,E006126,P100094,G010,2024-06-21 02:20:45,33.07,EUR,gameplay
EV0005352,E005207,P100129,G004,2024-05-23 02:16:51,172.81,BRL,gameplay
EV0001041,E001041,P100184,G014,2024-01-05 22:25:11,42.46,USD,bonus
EV0006510,E006287,P100124,G017,2024-06-21 20:50:06,6.05,EUR,gameplay
EV0005486,E005329,P100152,G002,2024-05-09 22:35:09,32.97,USD,gameplay
EV0003315,E003313,P100002,G004,2024-04-17 03:51:46,24.05,USD,gameplay
EV0004502,E004425,P100193,G004,2024-04-28 13:19:52,103.63,GBP,tournament
EV0003976,E003936,P100112,G015,2024-04-01 06:48:13,186.7,BRL,gameplay
EV0003752,E003724,P100069,G003,2024-04-07 23:47:00,68.09,GBP,tournament
EV0002966,E002966,P100136,G004,2024-03-16 12:17:10,14.65,USD,gameplay
EV0001476,E001476,P100066,G015,2024-02-25 17:07:23,196.5,BRL,bonus
EV0003673,E003649,P100058,G014,2024-04-21 06:40:43,67.87,BRL,gameplay
EV0001748,E001748,P100113,G016,2024-02-23 00:18:07,32.35,USD,gameplay
EV0000385,E000385,P100066,G015,2024-01-18 15:22:58,610.33,BRL,tournament
EV0004739,E004644,P100030,G008,2024-05-17 09:44:41,7.06,GBP,gameplay
EV0001958,E001958,P100149,G016,2024-02-05 14:56:46,34.19,EUR,gameplay
EV0003514,E003498,P100033,G010,2024-04-27 00:38:02,8.77,GBP,gameplay
EV0005659,E005488,P100182,G006,2024-05-21 00:31:32,5.52,EUR,gameplay
EV0004613,E004524,P100011,G015,2024-05-25 00:03:54,28.02,USD,gameplay
EV0001921,E001921,P100142,G018,2024-02-18 21:10:19,76.71,BRL,gameplay
EV0002494,E002494,P100048,G005,2024-03-18 12:50:28,70.38,EUR,bonus
EV0001521,E001521,P100075,G017,2024-02-09 12:29:19,154.17,BRL,gameplay
EV0003657,E003634,P100057,G004,2024-04-25 12:11:25,15.02,USD,bonus
EV0001096,E001096,P100195,G012,2024-01-06 18:03:09,34.58,USD,gameplay
EV0002709,E002709,P100086,G013,2024-03-08 12:19:52,193.59,BRL,gameplay
EV0005832,E005651,P100010,G005,2024-06-06 18:12:49,30.79,USD,gameplay
EV0002881,E002881,P100121,G009,2024-03-03 01:02:53,11.7,USD,gameplay
EV0001256,E001256,P100022,G001,2024-02-01 03:47:42,29.69,EUR,gameplay
EV0004077,E004029,P100130,G013,2024-04-04 10:23:16,763.01,BRL,tournament
EV0001162,E001162,P100007,G013,2024-02-27 09:32:51,7.15,EUR,gameplay
EV0003605,E003585,P100048,G005,2024-04-24 20:21:12,36.68,EUR,gameplay
EV0001140,E001140,P100002,G004,2024-02-14 03:24:28,12.21,USD,bonus
EV0004464,E004388,P100188,G015,2024-04-17 02:29:34,30.29,GBP,gameplay
EV0005404,E005254,P100138,G008,2024-05-25 05:47:19,78.02,EUR,tournament
EV0000437,E000437,P100075,G017,2024-01-13 17:20:54,93.1,BRL,gameplay
EV0005019,E004905,P100076,G010,2024-05-03 21:57:52,98.96,GBP,tournament
EV0003667,E003643,P100058,G014,2024-04-03 04:19:04,155.68,BRL,gameplay
EV0000932,E000932,P100163,G003,2024-01-13 12:27:34,149.86,BRL,gameplay
EV0006454,E006234,P100114,G002,2024-06-18 18:42:13,25.99,GBP,gameplay
EV0002284,E002284,P100006,G007,2024-03-17 09:01:14,7.57,GBP,gameplay
EV0000457,E000457,P100079,G014,2024-01-13 01:10:54,14.98,USD,gameplay
EV0003682,E003658,P100060,G014,2024-04-01 13:15:22,15.33,EUR,gameplay
EV0001540,E001540,P100078,G014,2024-02-14 20:18:46,124.28,EUR,tournament
EV0005249,E005113,P100113,G016,2024-05-27 03:48:12,33.03,USD,gameplay
EV0003895,E003863,P100099,G015,2024-04-13 02:57:21,21.14,USD,gameplay
EV0005405,E005255,P100138,G008,2024-05-01 01:46:12,122.36,EUR,tournament
EV0001755,E001755,P100114,G002,2024-02-16 10:41:41,22.54,GBP,gameplay
EV0005050,E004933,P100083,G013,2024-05-14 18:33:20,139.52,BRL,gameplay
EV0004648,E004556,P100017,G008,2024-05-22 08:51:48,132.36,BRL,gameplay
EV0003224,E003224,P100185,G012,2024-03-20 03:05:51,11.98,GBP,gameplay
EV0004068,E004021,P100128,G016,2024-04-08 01:09:06,87.18,GBP,tournament
EV0006247,E006045,P100080,G013,2024-06-29 08:59:46,19.56,USD,gameplay
EV0002226,E002226,P100198,G007,2024-02-23 18:16:12,5.24,USD,gameplay
EV0003194,E003194,P100179,G011,2024-03-11 12:10:16,75.42,USD,bonus
EV0003900,E003867,P100099,G015,2024-04-25 13:05:23,39.14,USD,gameplay
EV0000431,E000431,P100074,G016,2024-01-08 15:19:05,46.34,EUR,bonus
EV0006326,E006116,P100093,G007,2024-06-12 23:54:53,34.17,EUR,gameplay
EV0004576,E004488,P100003,G012,2024-05-09 21:36:35,343.69,BRL,bonus
EV0003952,E003914,P100108,G016,2024-04-16 00:29:16,224.64,EUR,tournament
EV0005896,E005713,P100021,G003,2024-06-26 18:12:16,5.75,USD,gameplay
EV0002762,E002762,P100099,G015,2024-03-08 10:59:57,51.61,USD,bonus
EV0004365,E004296,P100174,G005,2024-04-26 02:23:32,9.15,GBP,gameplay
EV0000917,E000917,P100160,G002,2024-01-06 15:24:04,10.51,GBP,gameplay
EV0000427,E000427,P100074,G016,2024-01-09 18:03:09,11.95,EUR,gameplay
EV0006721,E006486,P100158,G016,2024-06-28 23:34:39,109.17,BRL,gameplay
EV0005654,E005483,P100180,G018,2024-05-12 16:54:20,243.23,USD,tournament
EV0004875,E004771,P100054,G015,2024-05-23 10:55:37,37.39,EUR,gameplay
EV0004586,E004498,P100005,G002,2024-05-11 15:05:10,14.46,EUR,gameplay
EV0003978,E003937,P100112,G015,2024-04-08 09:47:45,118.19,BRL,gameplay
EV0001180,E001180,P100010,G005,2024-02-17 08:31:56,32.13,USD,gameplay
EV0002645,E002645,P100075,G017,2024-03-18 15:23:09,179.0,BRL,gameplay
EV0001326,E001326,P100038,G013,2024-02-23 15:46:26,202.02,BRL,gameplay
EV0003803,E003774,P100081,G014,2024-04-20 14:26:07,48.27,BRL,gameplay
EV0003699,E003674,P100062,G010,2024-04-25 18:28:21,79.84,USD,bonus
EV0005426,E005275,P100142,G018,2024-05-16 16:04:37,290.98,BRL,tournament
EV0005310,E005169,P100123,G010,2024-05-27 07:53:05,138.69,BRL,gameplay
EV0005778,E005600,P100002,G004,2024-06-22 16:11:21,34.91,USD,gameplay
EV0004667,E004575,P100019,G014,2024-05-27 21:39:46,7.88,EUR,gameplay
EV0005047,E004930,P100082,G009,2024-05-01 20:21:04,28.57,EUR,gameplay
EV0006011,E005821,P100040,G007,2024-06-08 09:49:55,14.28,USD,gameplay
EV0000957,E000957,P100168,G004,2024-01-14 12:15:42,22.36,USD,gameplay
EV0005150,E005020,P100097,G014,2024-05-05 19:22:05,29.49,GBP,gameplay
EV0001331,E001331,P100038,G013,2024-02-17 04:07:23,76.68,BRL,gameplay
EV0001054,E001054,P100188,G015,2024-01-23 02:12:57,22.2,GBP,gameplay
EV0006736,E006499,P100160,G002,2024-06-16 03:03:38,25.2,GBP,bonus
EV0001175,E001175,P100009,G005,2024-02-24 15:50:01,4.99,GBP,gameplay
EV0002029,E002029,P100161,G012,2024-02-07 13:03:37,32.15,EUR,gameplay
EV0005518,E005358,P100158,G016,2024-05-29 14:51:29,35.02,BRL,gameplay
EV0000602,E000602,P100107,G011,2024-01-22 20:15:06,35.0,USD,bonus
EV0003913,E003877,P100101,G009,2024-04-01 08:09:31,200.53,BRL,gameplay
EV0001602,E001602,P100088,G012,2024-02-23 23:06:50,220.69,BRL,bonus
EV0001731,E001731,P100110,G018,2024-02-27 02:07:36,1242.49,BRL,tournament
EV0001144,E001144,P100003,G012,2024-02-18 21:34:36,112.31,BRL,gameplay
EV0000976,E000976,P100171,G015,2024-01-22 10:16:10,188.44,USD,tournament
EV0000610,E000610,P100107,G011,2024-01-09 23:56:40,23.85,USD,gameplay
EV0002513,E002513,P100052,G011,2024-03-30 10:11:24,42.96,GBP,bonus
EV0001385,E001385,P100050,G007,2024-02-14 20:43:41,20.89,USD,gameplay
EV0002572,E002572,P100063,G010,2024-03-19 11:56:21,385.94,BRL,bonus
EV0004656,E004564,P100018,G018,2024-05-31 14:59:09,30.25,GBP,gameplay
EV0006006,E005817,P100039,G003,2024-06-18 16:15:28,29.03,GBP,gameplay
EV0002448,E002448,P100037,G017,2024-03-26 14:57:23,17.27,USD,gameplay
EV0006261,E006056,P100082,G009,2024-06-19 02:01:32,31.33,EUR,gameplay
EV0000919,E000919,P100161,G012,2024-01-06 21:42:04,27.1,EUR,gameplay
EV0000225,E000225,P100036,G008,2024-01-08 06:57:55,68.78,EUR,bonus
EV0006963,E006713,P100199,G018,2024-06-04 22:20:23,31.0,USD,gameplay
EV0004102,E004052,P100134,G016,2024-04-05 14:46:13,318.73,BRL,bonus
EV0004659,E004567,P100018,G018,2024-05-08 00:08:59,16.55,GBP,gameplay
EV0003178,E003178,P100177,G012,2024-03-25 21:11:01,60.02,BRL,gameplay
EV0000325,E000325,P100054,G015,2024-01-21 02:15:35,92.11,EUR,tournament
EV0000301,E000301,P100049,G002,2024-01-27 21:25:31,12.64,EUR,gameplay
EV0004411,E004339,P100181,G001,2024-04-25 13:18:13,172.57,BRL,gameplay
EV0001204,E001204,P100014,G004,2024-02-29 18:14:01,70.84,EUR,bonus
EV0004594,E004505,P100006,G007,2024-05-05 12:03:30,9.57,GBP,gameplay
EV0004195,E004137,P100147,G014,2024-04-04 16:35:35,35.04,USD,gameplay
EV0000256,E000256,P100040,G007,2024-01-09 21:09:45,15.6,USD,gameplay
EV0004305,E004239,P100164,G018,2024-04-01 01:31:31,17.73,EUR,gameplay
EV0005817,E005638,P100008,G018,2024-06-23 18:42:57,16.91,EUR,gameplay
EV0000598,E000598,P100105,G012,2024-01-17 04:10:11,21.45,GBP,gameplay
EV0002164,E002164,P100186,G002,2024-02-16 12:02:44,11.27,GBP,gameplay
EV0001126,E001126,P100208,G005,2024-01-14 06:54:04,39.47,USD,gameplay
EV0005847,E005666,P100014,G004,2024-06-22 06:12:20,9.83,EUR,gameplay
EV0001788,E001788,P100119,G014,2024-02-05 20:13:20,38.2,USD,gameplay
EV0005127,E005001,P100094,G010,2024-05-07 07:05:21,17.86,EUR,gameplay
EV0002699,E002699,P100084,G001,2024-03-24 05:54:51,25.47,EUR,gameplay
EV0003079,E003079,P100157,G014,2024-03-14 02:05:16,84.67,BRL,gameplay
EV0006112,E005919,P100059,G017,2024-06-17 16:05:53,23.89,GBP,gameplay
EV0003979,E003938,P100112,G015,2024-04-20 00:00:33,131.54,BRL,gameplay
EV0001039,E001039,P100183,G008,2024-01-03 00:30:42,12.37,EUR,gameplay
EV0002808,E002808,P100109,G007,2024-03-23 02:04:49,68.12,GBP,tournament
EV0006433,E006213,P100110,G018,2024-06-01 03:28:19,1085.44,BRL,tournament
EV0002707,E002707,P100086,G013,2024-03-07 22:00:57,1159.14,BRL,tournament
EV0004481,E004405,P100191,G004,2024-04-04 16:49:08,159.18,GBP,tournament
EV0005675,E005504,P100184,G014,2024-05-01 08:23:23,13.69,USD,gameplay
EV0001111,E001111,P100197,G002,2024-01-08 09:08:13,15.51,GBP,bonus
EV0000843,E000843,P100146,G015,2024-01-21 01:12:18,115.55,BRL,gameplay
EV0003043,E003043,P100151,G004,2024-03-03 04:44:25,10.42,USD,gameplay
EV0005363,E005216,P100131,G004,2024-05-22 18:28:16,97.82,BRL,gameplay
EV0003453,E003442,P100025,G016,2024-04-21 02:37:32,42.71,GBP,bonus
EV0000308,E000308,P100051,G005,2024-01-18 18:08:36,13.81,EUR,gameplay
EV0004109,E004059,P100135,G010,2024-04-01 03:56:17,60.7,EUR,bonus
EV0004714,E004621,P100026,G014,2024-05-12 13:14:58,21.53,GBP,gameplay
EV0004009,E003967,P100116,G013,2024-04-09 09:24:46,36.14,EUR,gameplay
EV0003677,E003653,P100059,G017,2024-04-13 08:18:36,113.34,GBP,tournament
EV0000235,E000235,P100038,G013,2024-01-26 07:45:04,133.52,BRL,gameplay
EV0006683,E006451,P100153,G014,2024-06-23 16:13:20,32.39,EUR,bonus
EV0000532,E000532,P100093,G007,2024-01-31 19:40:19,192.76,EUR,tournament
EV0003917,E003881,P100102,G014,2024-04-22 19:40:44,35.12,USD,gameplay
EV0003956,E003918,P100109,G007,2024-04-09 09:47:52,4.31,GBP,gameplay
EV0005322,E005178,P100124,G017,2024-05-15 11:18:43,14.75,EUR,gameplay
EV0002727,E002727,P100094,G010,2024-03-27 02:12:30,9.78,EUR,gameplay
EV0004399,E004327,P100178,G015,2024-04-11 05:39:32,108.22,EUR,tournament
EV0002334,E002334,P100015,G006,2024-03-16 04:56:47,14.03,EUR,gameplay
EV0000261,E000261,P100041,G012,2024-01-21 21:41:25,24.71,USD,gameplay
EV0006978,E006728,P100204,G001,2024-06-27 16:23:42,43.3,GBP,bonus
EV0003607,E003587,P100049,G002,2024-04-07 08:08:05,13.37,EUR,bonus
EV0001064,E001064,P100190,G017,2024-01-20 05:45:34,192.72,BRL,gameplay
EV0001729,E001729,P100109,G007,2024-02-03 00:55:59,148.2,GBP,tournament
EV0005884,E005701,P100019,G014,2024-06-18 12:07:06,14.27,EUR,bonus
EV0004151,E004097,P100141,G016,2024-04-06 21:47:56,127.49,BRL,gameplay
EV0005338,E005193,P100126,G009,2024-05-13 18:16:45,1224.59,BRL,tournament
EV0006722,E006487,P100158,G016,2024-06-10 14:30:12,57.44,BRL,gameplay
EV0001303,E001303,P100032,G015,2024-02-14 01:25:48,32.03,USD,gameplay
EV0001002,E001002,P100177,G012,2024-01-03 06:27:21,133.0,BRL,gameplay
EV0000122,E000122,P100019,G014,2024-01-10 15:52:01,27.58,EUR,gameplay
EV0000665,E000665,P100119,G014,2024-01-13 11:42:25,14.66,USD,gameplay
EV0001864,E001864,P100133,G002,2024-02-15 09:08:53,61.02,GBP,bonus
EV0000360,E000360,P100061,G003,2024-01-16 01:09:45,12.34,EUR,gameplay
EV0002663,E002663,P100078,G014,2024-03-27 06:48:38,17.45,EUR,gameplay
EV0002587,E002587,P100066,G015,2024-03-17 03:01:51,81.74,BRL,gameplay
EV0002140,E002140,P100182,G006,2024-02-16 00:20:26,27.94,EUR,gameplay
EV0006246,E006044,P100080,G013,2024-06-20 09:35:53,72.49,USD,bonus
EV0006712,E006478,P100157,G014,2024-06-11 22:44:15,67.14,BRL,gameplay
EV0004350,E004281,P100172,G002,2024-04-19 03:00:55,161.64,EUR,tournament
EV0002181,E002181,P100189,G009,2024-02-03 23:15:19,16.85,EUR,gameplay
EV0004770,E004673,P100038,G013,2024-05-03 15:55:02,53.97,BRL,gameplay
EV0004788,E004691,P100041,G012,2024-05-07 21:03:22,15.16,USD,gameplay
EV0000515,E000515,P100090,G004,2024-01-13 22:54:30,26.86,EUR,bonus
EV0004404,E004332,P100180,G018,2024-04-23 12:12:51,6.4,USD,gameplay
EV0000425,E000425,P100073,G015,2024-01-21 17:24:11,28.55,USD,bonus
EV0006904,E006657,P100188,G015,2024-06-18 23:51:46,27.32,GBP,gameplay
EV0003577,E003558,P100043,G004,2024-04-27 01:22:45,5.1,USD,gameplay
EV0002664,E002664,P100078,G014,2024-03-29 08:25:07,11.12,EUR,gameplay
EV0005281,E005142,P100119,G014,2024-05-02 07:56:52,25.1,USD,gameplay
EV0003685,E003661,P100060,G014,2024-04-23 12:14:20,9.07,EUR,gameplay
EV0001585,E001585,P100085,G009,2024-02-27 21:58:54,11.92,GBP,gameplay
EV0002942,E002942,P100131,G004,2024-03-31 17:57:50,53.43,BRL,gameplay
EV0001891,E001891,P100137,G010,2024-02-05 12:32:27,20.1,USD,gameplay
EV0005740,E005563,P100196,G014,2024-05-02 06:52:51,31.69,BRL,gameplay
EV0006820,E006577,P100174,G005,2024-06-29 05:28:10,12.38,GBP,bonus
EV0005155,E005024,P100098,G009,2024-05-16 08:28:51,12.08,GBP,gameplay
EV0005215,E005080,P100107,G011,2024-05-06 16:48:43,53.39,USD,bonus
EV0003748,E003720,P100068,G007,2024-04-29 03:31:06,82.36,BRL,gameplay
EV0005999,E005810,P100038,G013,2024-06-25 22:42:42,187.71,BRL,gameplay
EV0000031,E000031,P100005,G002,2024-01-25 15:12:14,31.38,EUR,bonus
EV0003522,E003505,P100035,G003,2024-04-26 18:22:55,28.12,GBP,gameplay
EV0005769,E005591,P100205,G007,2024-05-17 00:55:20,26.47,USD,gameplay
EV0006878,E006633,P100184,G014,2024-06-30 19:34:26,21.55,USD,bonus
EV0001949,E001949,P100148,G013,2024-02-10 12:30:11,189.52,BRL,gameplay
EV0001442,E001442,P100060,G014,2024-02-26 08:59:14,25.61,EUR,gameplay
EV0002224,E002224,P100198,G007,2024-02-28 17:23:07,192.4,USD,tournament
EV0005058,E004939,P100083,G013,2024-05-14 23:11:48,407.18,BRL,bonus
EV0002682,E002682,P100082,G009,2024-03-18 08:17:01,47.47,EUR,bonus
EV0004923,E004816,P100061,G003,2024-05-15 20:18:22,20.68,EUR,gameplay
EV0003785,E003756,P100077,G008,2024-04-08 13:27:38,5.7,USD,gameplay
EV0001316,E001316,P100035,G003,2024-02-21 16:22:07,13.92,GBP,gameplay
EV0003278,E003278,P100196,G014,2024-03-20 06:58:00,59.46,BRL,gameplay
EV0006529,E006304,P100127,G015,2024-06-16 01:44:16,85.74,GBP,tournament
EV0001679,E001679,P100101,G009,2024-02-18 04:21:23,27.75,BRL,gameplay
EV0005036,E004921,P100080,G013,2024-05-27 15:25:21,26.03,USD,gameplay
EV0000003,E000003,P100001,G003,2024-01-04 12:01:20,98.29,BRL,gameplay
EV0006109,E005916,P100058,G014,2024-06-14 19:29:01,109.09,BRL,bonus
EV0000379,E000379,P100065,G007,2024-01-16 00:24:43,30.36,USD,gameplay
EV0002917,E002917,P100127,G015,2024-03-12 00:21:54,48.19,GBP,bonus
EV0005385,E005237,P100135,G010,2024-05-16 05:38:55,19.86,EUR,gameplay
EV0005147,E005017,P100097,G014,2024-05-05 17:40:43,7.42,GBP,gameplay
EV0004903,E004797,P100059,G017,2024-05-02 09:21:02,17.36,GBP,gameplay
EV0000836,E000836,P100145,G002,2024-01-07 02:11:59,11.19,EUR,gameplay
EV0005665,E005494,P100183,G008,2024-05-20 22:03:12,9.8,EUR,gameplay
EV0000305,E000305,P100050,G007,2024-01-28 23:05:46,35.41,USD,gameplay
EV0004041,E003996,P100124,G017,2024-04-02 23:06:56,148.87,EUR,tournament
EV0006687,E006455,P100153,G014,2024-06-29 23:34:27,114.52,EUR,tournament
EV0001706,E001706,P100106,G015,2024-02-13 04:28:14,177.5,BRL,gameplay
EV0001251,E001251,P100021,G003,2024-02-14 02:58:51,15.17,USD,gameplay
EV0004450,E004375,P100186,G002,2024-04-14 00:10:45,7.63,GBP,gameplay
EV0001277,E001277,P100026,G014,2024-02-16 19:41:22,16.62,GBP,gameplay
EV0003276,E003276,P100196,G014,2024-03-19 23:22:42,991.67,BRL,tournament
EV0006765,E006527,P100165,G016,2024-06-29 23:01:33,58.68,EUR,bonus
EV0004683,E004591,P100021,G003,2024-05-28 18:59:01,21.05,USD,gameplay
EV0005687,E005515,P100186,G002,2024-05-30 03:24:11,28.25,GBP,gameplay
EV0001078,E001078,P100193,G004,2024-01-17 12:12:31,29.93,GBP,gameplay
EV0004733,E004639,P100029,G018,2024-05-11 22:01:39,13.1,USD,gameplay
EV0001058,E001058,P100189,G009,2024-01-14 14:47:41,39.94,EUR,bonus
EV0005043,E004926,P100082,G009,2024-05-21 00:55:55,32.68,EUR,gameplay
EV0005760,E005583,P100200,G018,2024-05-29 14:48:18,21.51,EUR,gameplay
EV0000465,E000465,P100080,G013,2024-01-31 11:35:41,39.98,USD,gameplay
EV0001300,E001300,P100032,G015,2024-02-29 14:54:33,37.13,USD,gameplay
EV0000434,E000434,P100074,G016,2024-01-06 06:51:12,35.36,EUR,gameplay
EV0001956,E001956,P100148,G013,2024-02-10 14:07:36,403.41,BRL,tournament
EV0000405,E000405,P100069,G003,2024-01-31 18:02:11,30.92,GBP,gameplay
EV0001022,E001022,P100181,G001,2024-01-07 23:43:57,82.21,BRL,gameplay
EV0006205,E006007,P100073,G015,2024-06-23 21:00:55,56.2,USD,bonus
EV0001643,E001643,P100095,G014,2024-02-29 16:43:38,67.64,USD,bonus
EV0005725,E005549,P100193,G004,2024-05-22 09:36:30,7.94,GBP,gameplay
EV0003521,E003504,P100035,G003,2024-04-06 00:57:05,6.09,GBP,gameplay
EV0006385,E006171,P100102,G014,2024-06-16 08:30:32,32.14,USD,gameplay
EV0005965,E005777,P100033,G010,2024-06-12 20:31:57,51.77,GBP,tournament
EV0006121,E005927,P100060,G014,2024-06-25 11:25:30,18.34,EUR,gameplay
EV0006118,E005925,P100059,G017,2024-06-24 16:13:51,29.56,GBP,gameplay
EV0005615,E005446,P100174,G005,2024-05-26 17:59:03,7.52,GBP,gameplay
EV0004081,E004032,P100131,G004,2024-04-14 14:29:15,326.63,BRL,bonus
EV0000500,E000500,P100086,G013,2024-01-23 21:40:00,51.9,BRL,gameplay
EV0003763,E003735,P100072,G008,2024-04-05 18:20:20,72.1,GBP,tournament
EV0000669,E000669,P100119,G014,2024-01-01 08:11:26,19.14,USD,gameplay
EV0001425,E001425,P100057,G004,2024-02-29 22:04:07,71.72,USD,bonus
EV0002776,E002776,P100101,G009,2024-03-05 05:07:23,80.77,BRL,gameplay
EV0006117,E005924,P100059,G017,2024-06-10 14:13:43,31.71,GBP,bonus
EV0004988,E004875,P100071,G004,2024-05-27 01:15:30,29.12,USD,gameplay
EV0002995,E002995,P100141,G016,2024-03-02 23:11:12,490.1,BRL,tournament
EV0002557,E002557,P100060,G014,2024-03-09 23:43:36,26.6,EUR,gameplay
EV0006890,E006644,P100185,G012,2024-06-07 12:28:27,27.02,GBP,gameplay
EV0006771,E006533,P100167,G018,2024-06-21 08:56:56,12.71,EUR,gameplay
EV0004016,E003972,P100118,G003,2024-04-24 21:08:52,58.25,EUR,bonus
EV0004406,E004334,P100180,G018,2024-04-19 14:17:20,7.48,USD,gameplay
EV0000785,E000785,P100137,G010,2024-01-23 22:36:52,33.9,USD,gameplay
EV0001381,E001381,P100049,G002,2024-02-20 18:11:04,26.54,EUR,gameplay
EV0002042,E002042,P100165,G016,2024-02-23 23:32:50,14.85,EUR,gameplay
EV0006386,E006172,P100102,G014,2024-06-19 21:37:12,10.52,USD,gameplay
EV0003420,E003411,P100019,G014,2024-04-14 08:19:41,5.64,EUR,gameplay
EV0001505,E001505,P100072,G008,2024-02-13 06:41:02,9.3,GBP,gameplay
EV0000180,E000180,P100029,G018,2024-01-08 14:22:09,33.82,USD,gameplay
EV0003844,E003814,P100089,G007,2024-04-29 19:03:00,31.46,EUR,gameplay
EV0003804,E003775,P100081,G014,2024-04-19 13:37:54,45.27,BRL,gameplay
EV0004213,E004153,P100150,G010,2024-04-26 02:23:42,67.6,EUR,bonus
EV0000333,E000333,P100055,G007,2024-01-02 01:50:25,13.12,EUR,gameplay
EV0005083,E004962,P100086,G013,2024-05-02 20:45:02,35.85,BRL,gameplay
EV0004632,E004542,P100013,G014,2024-05-02 13:38:42,128.61,BRL,bonus
EV0004401,E004329,P100179,G011,2024-04-29 15:17:01,6.88,USD,gameplay
EV0004388,E004317,P100176,G008,2024-04-17 08:18:08,25.35,GBP,gameplay
EV0001501,E001501,P100072,G008,2024-02-19 14:24:32,20.27,GBP,gameplay
EV0005539,E005377,P100160,G002,2024-05-28 07:52:20,6.65,GBP,gameplay
EV0000687,E000687,P100122,G009,2024-01-28 21:49:11,15.87,EUR,gameplay
EV0003030,E003030,P100149,G016,2024-03-17 08:33:09,16.56,EUR,gameplay
EV0001208,E001208,P100014,G004,2024-02-19 03:00:45,16.63,EUR,gameplay
EV0000691,E000691,P100122,G009,2024-01-11 11:11:31,35.66,EUR,gameplay
EV0005729,E005553,P100194,G005,2024-05-11 19:55:47,132.3,BRL,gameplay
EV0003283,E003283,P100197,G002,2024-03-20 23:43:05,5.26,GBP,gameplay
EV0005785,E005607,P100003,G012,2024-06-13 16:27:18,179.23,BRL,gameplay
EV0003543,E003526,P100039,G003,2024-04-18 08:11:37,6.7,GBP,gameplay
EV0003915,E003879,P100102,G014,2024-04-19 07:37:20,23.51,USD,gameplay
EV0003029,E003029,P100149,G016,2024-03-08 12:22:40,13.27,EUR,gameplay
EV0000401,E000401,P100069,G003,2024-01-21 10:11:45,188.14,GBP,tournament
EV0001962,E001962,P100149,G016,2024-02-28 04:17:50,19.62,EUR,gameplay
EV0005596,E005428,P100170,G018,2024-05-25 06:40:25,29.44,USD,gameplay
EV0002160,E002160,P100185,G012,2024-02-20 17:56:58,15.3,GBP,gameplay
EV0004468,E004392,P100189,G009,2024-04-05 05:14:30,23.38,EUR,gameplay
EV0002886,E002886,P100121,G009,2024-03-09 13:05:31,21.49,USD,bonus
EV0005084,E004963,P100086,G013,2024-05-14 11:25:22,31.44,BRL,gameplay
EV0004006,E003964,P100116,G013,2024-04-19 23:59:40,33.89,EUR,gameplay
EV0002672,E002672,P100079,G014,2024-03-13 19:48:10,16.46,USD,gameplay
EV0004976,E004863,P100068,G007,2024-05-24 03:35:39,177.87,BRL,bonus
EV0006395,E006181,P100104,G008,2024-06-07 12:37:44,155.39,BRL,gameplay
EV0001081,E001081,P100193,G004,2024-01-12 09:28:55,11.63,GBP,gameplay
EV0000746,E000746,P100131,G004,2024-01-16 02:43:39,499.72,BRL,tournament
EV0001481,E001481,P100067,G011,2024-02-16 14:04:05,31.2,USD,gameplay
EV0000978,E000978,P100172,G002,2024-01-15 02:31:59,26.39,EUR,bonus
EV0001771,E001771,P100117,G002,2024-02-03 04:36:40,20.32,GBP,gameplay
EV0004879,E004773,P100054,G015,2024-05-06 23:52:14,17.84,EUR,gameplay
EV0005081,E004960,P100086,G013,2024-05-20 14:22:12,39.83,BRL,gameplay
EV0003538,E003521,P100038,G013,2024-04-23 21:08:45,229.93,BRL,bonus
EV0004487,E004411,P100191,G004,2024-04-17 19:26:55,12.68,GBP,gameplay
EV0003643,E003620,P100055,G007,2024-04-07 12:02:15,199.73,EUR,tournament
EV0003990,E003949,P100113,G016,2024-04-01 02:23:13,34.68,USD,gameplay
EV0006778,E006540,P100168,G004,2024-06-28 17:34:14,14.56,USD,gameplay
EV0000645,E000645,P100115,G008,2024-01-27 22:36:06,1160.18,BRL,tournament
EV0001467,E001467,P100063,G010,2024-02-15 08:12:00,152.42,BRL,gameplay
EV0004082,E004033,P100131,G004,2024-04-07 01:52:32,30.39,BRL,gameplay
EV0000954,E000954,P100167,G018,2024-01-15 11:51:11,9.52,EUR,gameplay
EV0001807,E001807,P100122,G009,2024-02-15 13:26:22,25.79,EUR,gameplay
EV0001692,E001692,P100103,G016,2024-02-13 12:38:17,19.03,GBP,gameplay
EV0001363,E001363,P100046,G011,2024-02-27 20:13:37,202.5,BRL,gameplay
EV0000024,E000024,P100004,G008,2024-01-13 09:16:46,22.69,EUR,gameplay
EV0006772,E006534,P100167,G018,2024-06-12 03:59:19,8.22,EUR,gameplay
EV0002908,E002908,P100124,G017,2024-03-06 13:13:46,13.14,EUR,gameplay
EV0002450,E002450,P100037,G017,2024-03-23 20:35:18,36.81,USD,gameplay
EV0005323,E005179,P100125,G011,2024-05-19 14:09:10,10.25,USD,gameplay
EV0004367,E004298,P100174,G005,2024-04-14 15:51:06,29.47,GBP,gameplay
EV0000119,E000119,P100019,G014,2024-01-05 19:57:32,142.35,EUR,tournament
EV0003441,E003430,P100022,G001,2024-04-23 04:53:30,40.41,EUR,bonus
EV0004846,E004745,P100048,G005,2024-05-25 12:21:30,33.95,EUR,gameplay
EV0004501,E004424,P100193,G004,2024-04-16 18:51:34,14.95,GBP,gameplay
EV0005209,E005075,P100107,G011,2024-05-09 09:48:02,27.45,USD,gameplay
EV0003340,E003336,P100006,G007,2024-04-15 00:04:45,61.34,GBP,bonus
EV0004027,E003983,P100119,G014,2024-04-13 21:44:17,53.44,USD,tournament
EV0001370,E001370,P100048,G005,2024-02-06 13:35:57,4.96,EUR,gameplay
EV0000190,E000190,P100030,G008,2024-01-12 20:42:24,17.36,GBP,gameplay
EV0001025,E001025,P100181,G001,2024-01-14 04:13:59,34.58,BRL,gameplay
EV0001906,E001906,P100139,G017,2024-02-22 09:53:14,5.61,USD,gameplay
EV0001297,E001297,P100031,G002,2024-02-11 09:32:10,33.32,USD,gameplay
EV0006958,E006708,P100198,G007,2024-06-24 02:24:56,33.07,USD,gameplay
EV0002385,E002385,P100025,G016,2024-03-28 18:12:08,23.86,GBP,gameplay
EV0002467,E002467,P100041,G012,2024-03-20 14:31:37,6.86,USD,gameplay
EV0006950,E006701,P100196,G014,2024-06-29 00:50:04,70.69,BRL,gameplay
EV0003120,E003120,P100167,G018,2024-03-11 03:16:53,105.79,EUR,tournament
EV0002831,E002831,P100113,G016,2024-03-03 11:21:12,69.3,USD,bonus
EV0000352,E000352,P100060,G014,2024-01-17 01:25:04,11.85,EUR,gameplay
EV0003064,E003064,P100155,G009,2024-03-14 01:46:04,11.96,EUR,bonus
EV0000262,E000262,P100041,G012,2024-01-26 13:06:00,33.21,USD,bonus
EV0004285,E004221,P100162,G002,2024-04-28 08:57:38,6.21,EUR,gameplay
EV0003291,E003291,P100198,G007,2024-03-22 12:40:33,32.64,USD,gameplay
EV0003562,E003544,P100041,G012,2024-04-04 12:35:33,29.64,USD,gameplay
EV0006041,E005849,P100045,G009,2024-06-06 13:50:47,184.34,BRL,gameplay
EV0002252,E002252,P100002,G004,2024-03-08 12:58:34,22.18,USD,gameplay
EV0000215,E000215,P100035,G003,2024-01-16 21:31:01,20.65,GBP,gameplay
EV0006843,E006599,P100178,G015,2024-06-09 00:57:52,27.9,EUR,gameplay
EV0006303,E006096,P100089,G007,2024-06-08 07:20:56,25.5,EUR,gameplay
EV0004827,E004727,P100046,G011,2024-05-28 11:58:45,1117.48,BRL,tournament
EV0000480,E000480,P100082,G009,2024-01-04 21:24:33,10.93,EUR,gameplay
EV0004536,E004453,P100198,G007,2024-04-05 12:13:04,22.14,USD,gameplay
EV0004199,E004141,P100148,G013,2024-04-27 12:36:16,60.58,BRL,gameplay
EV0005941,E005755,P100029,G018,2024-06-14 15:46:19,29.33,USD,gameplay
EV0001583,E001583,P100085,G009,2024-02-28 23:59:51,23.19,GBP,gameplay
EV0000535,E000535,P100094,G010,2024-01-23 21:23:45,157.27,EUR,tournament
EV0001132,E001132,P100001,G003,2024-02-13 11:30:42,905.6,BRL,tournament
EV0006490,E006269,P100120,G010,2024-06-18 14:41:50,122.94,BRL,gameplay
EV0003199,E003199,P100180,G018,2024-03-17 03:35:45,39.7,USD,gameplay
EV0004757,E004661,P100034,G016,2024-05-29 22:41:03,306.05,BRL,bonus
EV0002323,E002323,P100013,G014,2024-03-05 09:21:46,158.16,BRL,bonus
EV0004722,E004628,P100027,G011,2024-05-07 16:08:02,33.86,USD,bonus
EV0005411,E005261,P100140,G017,2024-05-31 18:14:39,27.41,GBP,gameplay
EV0001570,E001570,P100083,G013,2024-02-24 23:24:41,152.54,BRL,gameplay
EV0004811,E004713,P100044,G007,2024-05-01 17:26:03,26.27,EUR,gameplay
EV0000682,E000682,P100121,G009,2024-01-22 21:31:39,37.21,USD,gameplay
EV0001781,E001781,P100118,G003,2024-02-21 01:47:50,12.08,EUR,bonus
EV0003130,E003130,P100168,G004,2024-03-21 16:12:55,11.2,USD,gameplay
EV0000761,E000761,P100134,G016,2024-01-02 06:06:31,112.75,BRL,bonus
EV0001339,E001339,P100040,G007,2024-02-13 10:34:02,13.15,USD,gameplay
EV0000856,E000856,P100148,G013,2024-01-29 04:12:00,56.74,BRL,gameplay
EV0006901,E006654,P100187,G016,2024-06-26 08:41:15,16.77,USD,gameplay
EV0002774,E002774,P100101,G009,2024-03-19 13:12:17,74.38,BRL,gameplay
EV0004761,E004665,P100036,G008,2024-05-21 03:17:32,21.83,EUR,gameplay
EV0000372,E000372,P100063,G010,2024-01-06 00:25:54,70.67,BRL,gameplay
EV0000127,E000127,P100020,G012,2024-01-05 21:15:02,172.55,BRL,gameplay
EV0001662,E001662,P100099,G015,2024-02-27 12:08:07,37.32,USD,gameplay
EV0005708,E005536,P100191,G004,2024-05-23 12:34:32,14.44,GBP,gameplay
EV0000342,E000342,P100058,G014,2024-01-25 08:46:56,47.31,BRL,gameplay
EV0000200,E000200,P100032,G015,2024-01-25 15:58:15,18.21,USD,bonus
EV0003542,E003525,P100038,G013,2024-04-16 06:24:20,27.48,BRL,gameplay
EV0005315,E005173,P100124,G017,2024-05-02 18:19:44,22.18,EUR,gameplay
EV0001084,E001084,P100193,G004,2024-01-27 18:38:05,15.15,GBP,gameplay
EV0005472,E005315,P100150,G010,2024-05-19 02:18:14,5.59,EUR,gameplay
EV0003770,E003742,P100074,G016,2024-04-26 02:23:47,31.46,EUR,gameplay
EV0006070,E005878,P100052,G011,2024-06-18 19:58:40,101.22,GBP,tournament
EV0003534,E003517,P100037,G017,2024-04-08 11:43:36,31.6,USD,gameplay
EV0004208,E004148,P100150,G010,2024-04-14 01:19:31,13.1,EUR,gameplay
EV0000451,E000451,P100077,G008,2024-01-17 12:08:49,15.89,USD,gameplay
EV0000969,E000969,P100170,G018,2024-01-04 16:06:43,52.39,USD,tournament
EV0005737,E005561,P100196,G014,2024-05-15 09:38:42,1078.28,BRL,tournament
EV0004970,E004857,P100068,G007,2024-05-09 15:07:33,117.04,BRL,gameplay
EV0001159,E001159,P100006,G007,2024-02-19 12:51:14,11.88,GBP,gameplay
EV0006093,E005901,P100055,G007,2024-06-05 10:19:18,64.01,EUR,bonus
EV0006677,E006445,P100151,G004,2024-06-07 18:02:15,38.6,USD,gameplay
EV0006506,E006283,P100122,G009,2024-06-17 15:14:02,55.18,EUR,tournament
EV0005699,E005527,P100190,G017,2024-05-31 08:28:09,183.46,BRL,gameplay
EV0004301,E004235,P100163,G003,2024-04-20 13:26:06,26.01,BRL,gameplay
EV0000930,E000930,P100163,G003,2024-01-18 11:07:55,50.4,BRL,bonus
EV0000319,E000319,P100052,G011,2024-01-26 03:06:20,6.31,GBP,gameplay
EV0005628,E005458,P100176,G008,2024-05-16 19:38:54,12.64,GBP,gameplay
EV0005843,E005662,P100013,G014,2024-06-08 01:05:18,114.48,BRL,gameplay
EV0000594,E000594,P100105,G012,2024-01-26 23:41:23,28.75,GBP,gameplay
EV0001818,E001818,P100124,G017,2024-02-08 16:18:17,16.85,EUR,gameplay
EV0003664,E003641,P100058,G014,2024-04-16 00:51:08,58.52,BRL,gameplay
EV0000772,E000772,P100135,G010,2024-01-04 05:50:11,18.45,EUR,gameplay
EV0002998,E002998,P100142,G018,2024-03-29 09:53:43,136.38,BRL,gameplay
EV0004136,E004082,P100139,G017,2024-04-11 22:44:24,16.82,USD,gameplay
EV0004702,E004609,P100025,G016,2024-05-07 04:47:14,152.11,GBP,tournament
EV0002528,E002528,P100055,G007,2024-03-24 04:28:38,16.87,EUR,gameplay
EV0004961,E004849,P100066,G015,2024-05-07 13:16:48,313.8,BRL,bonus
EV0001904,E001904,P100139,G017,2024-02-28 00:38:22,28.77,USD,gameplay
EV0002048,E002048,P100166,G003,2024-02-08 10:15:51,25.13,USD,gameplay
EV0000056,E000056,P100009,G005,2024-01-17 16:35:01,18.19,GBP,gameplay
EV0000159,E000159,P100026,G014,2024-01-12 22:15:03,11.0,GBP,gameplay
EV0005388,E005240,P100135,G010,2024-05-30 17:41:01,89.31,EUR,tournament
EV0004470,E004394,P100189,G009,2024-04-21 14:03:42,146.53,EUR,tournament
EV0006373,E006161,P100100,G011,2024-06-18 04:46:07,121.37,BRL,gameplay
EV0005871,E005688,P100017,G008,2024-06-19 15:11:09,26.27,BRL,gameplay
EV0006217,E006016,P100074,G016,2024-06-13 12:12:54,53.05,EUR,bonus
EV0001378,E001378,P100048,G005,2024-02-02 08:31:57,72.31,EUR,bonus
EV0003601,E003581,P100048,G005,2024-04-02 22:15:04,70.71,EUR,bonus
EV0006423,E006204,P100107,G011,2024-06-04 06:13:43,33.5,USD,bonus
EV0002656,E002656,P100077,G008,2024-03-08 07:09:55,6.48,USD,gameplay
EV0001498,E001498,P100072,G008,2024-02-21 22:24:43,40.08,GBP,bonus
EV0003771,E003743,P100074,G016,2024-04-23 11:34:09,33.22,EUR,gameplay
EV0005643,E005473,P100179,G011,2024-05-09 07:36:29,32.05,USD,gameplay
EV0004641,E004550,P100016,G016,2024-05-06 14:40:46,69.62,USD,bonus
EV0006936,E006688,P100193,G004,2024-06-10 22:06:20,14.4,GBP,gameplay
EV0006123,E005929,P100060,G014,2024-06-21 17:08:07,61.59,EUR,bonus
EV0003780,E003752,P100076,G010,2024-04-09 17:13:50,8.24,GBP,gameplay
EV0003118,E003118,P100166,G003,2024-03-30 06:00:35,27.06,USD,gameplay
EV0002453,E002453,P100038,G013,2024-03-18 11:25:08,152.11,BRL,gameplay
EV0001684,E001684,P100102,G014,2024-02-25 06:34:46,30.39,USD,gameplay
EV0006967,E006717,P100199,G018,2024-06-08 06:37:21,36.73,USD,gameplay
EV0000888,E000888,P100154,G013,2024-01-28 10:45:02,103.3,EUR,tournament
EV0005530,E005368,P100159,G010,2024-05-21 12:22:13,57.58,BRL,gameplay
EV0006383,E006170,P100102,G014,2024-06-06 13:44:10,34.51,USD,gameplay
EV0004553,E004468,P100203,G005,2024-04-04 00:31:51,10.98,USD,gameplay
EV0003500,E003486,P100031,G002,2024-04-04 13:53:46,21.53,USD,gameplay
EV0006656,E006425,P100148,G013,2024-06-12 07:40:04,112.09,BRL,gameplay
EV0004233,E004172,P100152,G002,2024-04-06 16:53:39,50.62,USD,bonus
EV0006774,E006536,P100168,G004,2024-06-23 16:30:39,199.24,USD,tournament
EV0000236,E000236,P100038,G013,2024-01-23 20:09:47,52.09,BRL,gameplay
EV0004894,E004788,P100057,G004,2024-05-03 15:42:57,16.35,USD,gameplay
EV0004562,E004477,P100001,G003,2024-05-13 13:57:15,200.76,BRL,gameplay
EV0004758,E004662,P100035,G003,2024-05-17 18:40:48,18.17,GBP,gameplay
EV0005934,E005749,P100029,G018,2024-06-13 21:33:08,19.35,USD,gameplay
EV0002459,E002459,P100040,G007,2024-03-15 13:35:35,43.83,USD,bonus
EV0001479,E001479,P100066,G015,2024-02-15 12:21:47,145.12,BRL,gameplay
EV0005324,E005180,P100125,G011,2024-05-11 08:43:01,15.36,USD,gameplay
EV0004492,E004416,P100192,G008,2024-04-22 23:14:33,20.49,GBP,gameplay
EV0002200,E002200,P100194,G005,2024-02-14 13:49:17,230.43,BRL,bonus
EV0003520,E003503,P100034,G016,2024-04-23 19:23:58,29.76,BRL,gameplay
EV0000350,E000350,P100060,G014,2024-01-30 23:20:17,12.66,EUR,gameplay
EV0002626,E002626,P100071,G004,2024-03-11 22:14:58,12.33,USD,gameplay
EV0000962,E000962,P100169,G012,2024-01-30 14:24:43,8.42,GBP,bonus
EV0001195,E001195,P100012,G004,2024-02-14 03:52:10,33.29,USD,bonus
EV0006308,E006101,P100090,G004,2024-06-17 19:04:47,58.71,EUR,bonus
EV0004247,E004186,P100155,G009,2024-04-30 23:42:09,29.63,EUR,gameplay
EV0004310,E004244,P100165,G016,2024-04-15 09:35:38,27.06,EUR,bonus
EV0002802,E002802,P100107,G011,2024-03-25 07:05:45,35.52,USD,bonus
EV0004055,E004009,P100125,G011,2024-04-06 20:16:42,12.2,USD,bonus
EV0001020,E001020,P100181,G001,2024-01-06 05:50:01,187.23,BRL,gameplay
EV0003489,E003475,P100029,G018,2024-04-23 14:15:05,29.11,USD,gameplay
EV0005104,E004980,P100090,G004,2024-05-03 17:24:57,11.78,EUR,gameplay
EV0002428,E002428,P100033,G010,2024-03-22 08:22:05,12.63,GBP,gameplay
EV0003735,E003709,P100067,G011,2024-04-04 19:50:53,14.12,USD,gameplay
EV0000460,E000460,P100079,G014,2024-01-01 15:58:08,203.51,USD,tournament
EV0004990,E004877,P100071,G004,2024-05-31 07:43:38,19.74,USD,gameplay
EV0005763,E005585,P100200,G018,2024-05-07 13:57:21,27.39,EUR,gameplay
EV0001344,E001344,P100041,G012,2024-02-04 21:59:34,36.39,USD,gameplay
EV0004624,E004534,P100012,G004,2024-05-10 14:43:30,249.27,USD,tournament
EV0002782,E002782,P100103,G016,2024-03-18 18:20:48,61.44,GBP,tournament
EV0004070,E004023,P100129,G004,2024-04-08 21:55:59,167.33,BRL,gameplay
EV0004782,E004685,P100040,G007,2024-05-29 23:53:00,21.52,USD,gameplay
EV0002355,E002355,P100017,G008,2024-03-21 21:12:49,791.87,BRL,tournament
EV0003282,E003282,P100197,G002,2024-03-15 13:29:48,22.57,GBP,gameplay
EV0000709,E000709,P100126,G009,2024-01-06 05:54:01,104.01,BRL,gameplay
EV0005683,E005512,P100185,G012,2024-05-04 14:49:38,4.53,GBP,gameplay
EV0003541,E003524,P100038,G013,2024-04-11 10:00:13,1118.89,BRL,tournament
EV0000626,E000626,P100111,G005,2024-01-08 02:32:41,204.37,BRL,bonus
EV0000714,E000714,P100127,G015,2024-01-24 09:28:40,10.12,GBP,gameplay
EV0001353,E001353,P100044,G007,2024-02-02 06:15:48,67.89,EUR,bonus
EV0000481,E000481,P100082,G009,2024-01-28 04:08:12,6.38,EUR,gameplay
EV0002183,E002183,P100189,G009,2024-02-13 22:18:11,14.76,EUR,gameplay
EV0000936,E000936,P100164,G018,2024-01-05 02:08:41,51.86,EUR,bonus
EV0001892,E001892,P100137,G010,2024-02-09 11:06:03,6.86,USD,gameplay
EV0000690,E000690,P100122,G009,2024-01-06 17:16:15,32.53,EUR,gameplay
EV0003822,E003793,P100086,G013,2024-04-08 00:35:56,44.15,BRL,gameplay
EV0000259,E000259,P100040,G007,2024-01-23 17:38:40,38.89,USD,gameplay
EV0004671,E004579,P100019,G014,2024-05-24 00:53:26,23.58,EUR,gameplay
EV0002524,E002524,P100054,G015,2024-03-04 12:52:56,8.25,EUR,gameplay
EV0002170,E002170,P100187,G016,2024-02-04 17:17:54,7.18,USD,gameplay
EV0005126,E005000,P100094,G010,2024-05-29 06:18:05,9.76,EUR,gameplay
EV0002934,E002934,P100130,G013,2024-03-11 10:56:07,72.1,BRL,gameplay
EV0005099,E004977,P100089,G007,2024-05-08 00:46:11,12.32,EUR,gameplay
EV0002555,E002555,P100059,G017,2024-03-29 05:42:24,12.86,GBP,gameplay
EV0006274,E006069,P100084,G001,2024-06-05 23:00:34,32.65,EUR,gameplay
EV0002676,E002676,P100080,G013,2024-03-06 03:03:23,24.88,USD,gameplay
EV0004465,E004389,P100188,G015,2024-04-13 11:52:21,7.8,GBP,gameplay
EV0005593,E005425,P100168,G004,2024-05-25 09:34:22,39.36,USD,gameplay
EV0001170,E001170,P100008,G018,2024-02-10 20:10:16,96.2,EUR,tournament
EV0005077,E004956,P100086,G013,2024-05-27 16:45:21,193.24,BRL,gameplay
EV0003820,E003791,P100085,G009,2024-04-15 01:25:25,7.61,GBP,gameplay
EV0006396,E006182,P100104,G008,2024-06-14 05:56:39,87.85,BRL,gameplay
EV0006204,E006006,P100073,G015,2024-06-17 11:29:13,95.6,USD,tournament
EV0006603,E006373,P100138,G008,2024-06-15 07:01:42,6.9,EUR,gameplay
EV0004063,E004016,P100127,G015,2024-04-30 00:13:12,3.97,GBP,gameplay
EV0001976,E001976,P100151,G004,2024-02-21 21:06:13,25.37,USD,gameplay
EV0005663,E005492,P100182,G006,2024-05-30 21:51:25,227.22,EUR,tournament
EV0001630,E001630,P100092,G001,2024-02-26 17:35:38,940.03,BRL,tournament
EV0000726,E000726,P100128,G016,2024-01-21 12:53:24,23.33,GBP,gameplay
EV0003440,E003429,P100022,G001,2024-04-05 22:38:03,21.28,EUR,gameplay
EV0002724,E002724,P100092,G001,2024-03-30 17:41:46,94.06,BRL,gameplay
EV0004980,E004867,P100069,G003,2024-05-27 05:47:55,13.49,GBP,gameplay
EV0001398,E001398,P100053,G004,2024-02-21 13:04:06,78.78,BRL,gameplay
EV0000214,E000214,P100035,G003,2024-01-12 01:39:40,17.64,GBP,gameplay
EV0000108,E000108,P100018,G018,2024-01-06 15:32:29,9.05,GBP,gameplay
EV0000636,E000636,P100114,G002,2024-01-09 05:46:43,21.82,GBP,gameplay
EV0004482,E004406,P100191,G004,2024-04-01 12:24:45,26.14,GBP,gameplay
EV0005574,E005408,P100165,G016,2024-05-11 10:44:22,7.48,EUR,gameplay
EV0002536,E002536,P100056,G017,2024-03-18 00:39:46,97.91,BRL,gameplay
EV0004660,E004568,P100018,G018,2024-05-10 03:39:18,9.08,GBP,bonus
EV0000074,E000074,P100012,G004,2024-01-20 21:50:28,19.99,USD,bonus
EV0005172,E005040,P100101,G009,2024-05-09 16:48:33,169.51,BRL,gameplay
EV0000810,E000810,P100141,G016,2024-01-13 21:17:42,26.51,BRL,gameplay
EV0003091,E003091,P100160,G002,2024-03-17 08:18:47,9.47,GBP,gameplay
EV0001150,E001150,P100004,G008,2024-02-08 07:15:41,6.49,EUR,gameplay
EV0000339,E000339,P100057,G004,2024-01-20 19:03:19,18.12,USD,bonus
EV0004034,E003990,P100121,G009,2024-04-03 23:11:15,31.24,USD,gameplay
EV0006449,E006229,P100114,G002,2024-06-02 14:41:21,7.55,GBP,gameplay
EV0003426,E003417,P100020,G012,2024-04-06 02:57:30,93.28,BRL,gameplay
EV0000221,E000221,P100036,G008,2024-01-22 02:41:54,23.88,EUR,bonus
EV0005996,E005807,P100038,G013,2024-06-21 22:12:42,1152.12,BRL,tournament
EV0006215,E006015,P100074,G016,2024-06-07 20:02:57,16.7,EUR,gameplay
EV0000926,E000926,P100162,G002,2024-01-07 21:56:20,19.1,EUR,gameplay
EV0005225,E005090,P100109,G007,2024-05-29 21:16:44,5.85,GBP,gameplay
EV0000172,E000172,P100028,G006,2024-01-07 18:04:02,3.97,GBP,gameplay
EV0005490,E005332,P100153,G014,2024-05-19 03:58:16,17.18,EUR,gameplay
EV0000466,E000466,P100080,G013,2024-01-22 03:30:04,14.89,USD,gameplay
EV0000672,E000672,P100120,G010,2024-01-25 07:48:21,247.6,BRL,bonus
EV0003248,E003248,P100189,G009,2024-03-07 06:28:50,19.71,EUR,gameplay
EV0002283,E002283,P100006,G007,2024-03-09 18:17:38,15.88,GBP,gameplay
EV0006474,E006253,P100117,G002,2024-06-08 12:48:22,58.56,GBP,bonus
EV0003483,E003470,P100028,G006,2024-04-27 00:45:36,95.0,GBP,tournament
EV0000381,E000381,P100065,G007,2024-01-20 19:39:15,10.2,USD,gameplay
EV0002263,E002263,P100003,G012,2024-03-17 02:38:36,133.3,BRL,gameplay
EV0001716,E001716,P100107,G011,2024-02-28 22:05:12,33.64,USD,gameplay
EV0005093,E004971,P100089,G007,2024-05-15 08:25:27,29.26,EUR,gameplay
EV0003455,E003444,P100025,G016,2024-04-19 10:53:43,27.19,GBP,gameplay
EV0000204,E000204,P100032,G015,2024-01-27 10:58:13,42.86,USD,bonus
EV0005149,E005019,P100097,G014,2024-05-16 23:08:16,13.15,GBP,gameplay
EV0005609,E005440,P100173,G018,2024-05-10 09:50:47,29.0,USD,gameplay
EV0001621,E001621,P100091,G006,2024-02-21 16:38:10,125.27,BRL,gameplay
EV0002175,E002175,P100188,G015,2024-02-15 01:17:38,6.12,GBP,gameplay
EV0003332,E003328,P100004,G008,2024-04-08 21:45:04,4.72,EUR,gameplay
EV0003731,E003705,P100066,G015,2024-04-19 23:51:58,199.12,BRL,gameplay
EV0004152,E004098,P100142,G018,2024-04-02 06:10:45,50.05,BRL,gameplay
EV0002632,E002632,P100072,G008,2024-03-20 23:17:04,16.96,GBP,gameplay
EV0004600,E004511,P100008,G018,2024-05-07 06:38:06,29.31,EUR,gameplay
EV0006591,E006362,P100136,G004,2024-06-28 04:34:45,9.76,USD,gameplay
EV0002312,E002312,P100011,G015,2024-03-28 17:15:21,30.97,USD,bonus
EV0003599,E003579,P100047,G018,2024-04-05 23:18:29,12.37,EUR,gameplay
EV0000264,E000264,P100042,G017,2024-01-13 14:49:43,103.22,BRL,gameplay
EV0005877,E005694,P100018,G018,2024-06-01 01:16:44,10.45,GBP,gameplay
EV0002520,E002520,P100054,G015,2024-03-23 07:04:40,71.11,EUR,tournament
EV0006307,E006100,P100090,G004,2024-06-07 17:06:00,71.66,EUR,tournament
EV0000557,E000557,P100098,G009,2024-01-10 21:16:09,25.25,GBP,gameplay
EV0005521,E005360,P100158,G016,2024-05-26 06:52:59,263.3,BRL,bonus
EV0003656,E003633,P100057,G004,2024-04-04 20:35:20,15.67,USD,gameplay
EV0006811,E006569,P100173,G018,2024-06-06 01:39:36,5.55,USD,gameplay
EV0005180,E005048,P100102,G014,2024-05-16 10:09:05,34.08,USD,gameplay
EV0002384,E002384,P100024,G007,2024-03-11 21:34:23,141.6,BRL,bonus
EV0002514,E002514,P100052,G011,2024-03-27 12:02:09,95.1,GBP,tournament
EV0004882,E004776,P100055,G007,2024-05-22 20:43:00,34.94,EUR,gameplay
EV0005523,E005361,P100158,G016,2024-05-03 14:06:36,191.57,BRL,gameplay
EV0000317,E000317,P100052,G011,2024-01-01 22:21:52,15.99,GBP,gameplay
EV0004495,E004419,P100192,G008,2024-04-08 20:50:20,7.95,GBP,gameplay
EV0001185,E001185,P100011,G015,2024-02-14 15:43:15,32.15,USD,bonus
EV0005393,E005244,P100136,G004,2024-05-09 19:09:59,75.18,USD,tournament
EV0004661,E004569,P100018,G018,2024-05-10 02:39:21,12.87,GBP,gameplay
EV0000267,E000267,P100043,G004,2024-01-07 16:30:22,20.94,USD,gameplay
EV0006817,E006574,P100174,G005,2024-06-15 19:31:03,10.72,GBP,gameplay
EV0001704,E001704,P100106,G015,2024-02-21 20:38:35,141.92,BRL,bonus
EV0000177,E000177,P100028,G006,2024-01-18 04:41:55,21.88,GBP,gameplay
EV0001382,E001382,P100049,G002,2024-02-05 08:59:36,28.95,EUR,gameplay
EV0004214,E004154,P100150,G010,2024-04-27 16:47:38,21.44,EUR,gameplay
EV0003180,E003180,P100177,G012,2024-03-15 15:39:34,142.86,BRL,gameplay
EV0004442,E004368,P100185,G012,2024-04-03 06:17:42,81.27,GBP,tournament
EV0005079,E004958,P100086,G013,2024-05-26 07:30:24,394.1,BRL,bonus
EV0003972,E003932,P100111,G005,2024-04-26 10:14:17,174.37,BRL,gameplay
EV0005032,E004917,P100078,G014,2024-05-11 00:28:17,45.76,EUR,bonus
EV0004545,E004461,P100199,G018,2024-04-24 22:05:23,18.23,USD,gameplay
EV0003697,E003673,P100062,G010,2024-04-30 08:06:15,50.78,USD,bonus
EV0003203,E003203,P100181,G001,2024-03-21 19:07:56,59.69,BRL,gameplay
EV0002615,E002615,P100070,G013,2024-03-22 05:09:37,30.68,EUR,gameplay
EV0003558,E003540,P100041,G012,2024-04-12 16:50:07,10.98,USD,gameplay
EV0004394,E004323,P100177,G012,2024-04-25 13:40:46,53.14,BRL,gameplay
EV0005086,E004965,P100087,G003,2024-05-14 11:15:21,140.86,GBP,tournament
EV0000540,E000540,P100094,G010,2024-01-28 12:13:29,8.54,EUR,gameplay
EV0002479,E002479,P100045,G009,2024-03-14 12:44:30,187.86,BRL,bonus
EV0004096,E004046,P100133,G002,2024-04-17 19:49:09,4.53,GBP,gameplay
EV0002262,E002262,P100003,G012,2024-03-07 20:01:39,99.39,BRL,gameplay
EV0005010,E004897,P100074,G016,2024-05-10 09:17:10,25.97,EUR,gameplay
EV0005882,E005699,P100019,G014,2024-06-24 08:16:51,8.15,EUR,gameplay
EV0003463,E003452,P100026,G014,2024-04-12 17:48:12,20.42,GBP,gameplay
EV0005728,E005552,P100194,G005,2024-05-21 21:55:59,145.72,BRL,gameplay
EV0002675,E002675,P100080,G013,2024-03-30 00:19:28,76.28,USD,bonus
EV0001681,E001681,P100101,G009,2024-02-07 18:24:05,140.62,BRL,gameplay
EV0000579,E000579,P100102,G014,2024-01-12 16:51:32,67.55,USD,bonus
EV0000156,E000156,P100026,G014,2024-01-22 03:11:08,6.24,GBP,gameplay
EV0001627,E001627,P100092,G001,2024-02-27 15:06:33,79.68,BRL,gameplay
EV0001187,E001187,P100011,G015,2024-02-21 19:02:53,15.79,USD,gameplay
EV0004572,E004485,P100003,G012,2024-05-15 13:50:00,558.28,BRL,tournament
EV0003469,E003457,P100027,G011,2024-04-03 18:29:57,20.87,USD,gameplay
EV0004947,E004837,P100065,G007,2024-05-14 19:30:09,37.72,USD,gameplay
EV0005607,E005438,P100173,G018,2024-05-01 08:23:17,12.22,USD,gameplay
EV0004614,E004525,P100011,G015,2024-05-30 01:09:33,21.31,USD,bonus
EV0000752,E000752,P100132,G007,2024-01-23 15:12:36,11.9,GBP,gameplay
EV0001722,E001722,P100108,G016,2024-02-22 12:43:56,34.67,EUR,gameplay
EV0006009,E005819,P100040,G007,2024-06-11 01:09:53,10.52,USD,gameplay
EV0005953,E005766,P100032,G015,2024-06-04 04:21:45,21.75,USD,gameplay
EV0001747,E001747,P100113,G016,2024-02-10 15:26:46,29.45,USD,gameplay
EV0003480,E003467,P100028,G006,2024-04-24 11:17:58,21.94,GBP,bonus
EV0001547,E001547,P100079,G014,2024-02-25 00:42:37,7.14,USD,gameplay
EV0006699,E006466,P100155,G009,2024-06-12 20:04:55,33.21,EUR,gameplay
EV0000089,E000089,P100015,G006,2024-01-03 04:20:41,198.6,EUR,tournament
EV0003981,E003940,P100112,G015,2024-04-28 02:24:36,129.02,BRL,gameplay
EV0005494,E005336,P100153,G014,2024-05-13 21:43:38,32.48,EUR,gameplay
EV0004013,E003969,P100117,G002,2024-04-20 02:21:48,42.35,GBP,tournament
EV0000355,E000355,P100060,G014,2024-01-15 11:37:31,24.79,EUR,gameplay
EV0004742,E004646,P100031,G002,2024-05-31 04:49:15,238.75,USD,tournament
EV0006275,E006070,P100085,G009,2024-06-25 12:27:18,8.97,GBP,gameplay
EV0006418,E006199,P100107,G011,2024-06-19 16:54:42,99.97,USD,tournament
EV0001473,E001473,P100065,G007,2024-02-23 18:06:25,28.07,USD,gameplay
EV0000387,E000387,P100066,G015,2024-01-26 08:03:51,30.19,BRL,gameplay
EV0002229,E002229,P100199,G018,2024-02-25 00:34:17,28.62,USD,gameplay
EV0001983,E001983,P100152,G002,2024-02-08 01:38:34,9.13,USD,gameplay
EV0005796,E005618,P100005,G002,2024-06-30 00:19:45,200.53,EUR,tournament
EV0000988,E000988,P100174,G005,2024-01-03 11:34:54,29.96,GBP,gameplay
EV0002737,E002737,P100095,G014,2024-03-30 04:07:01,13.51,USD,gameplay
EV0006034,E005842,P100044,G007,2024-06-30 22:50:54,65.71,EUR,bonus
EV0001131,E001131,P100001,G003,2024-02-19 18:17:48,151.84,BRL,gameplay
EV0001449,E001449,P100061,G003,2024-02-08 16:37:50,11.49,EUR,gameplay
EV0005361,E005214,P100130,G013,2024-05-22 22:04:03,135.93,BRL,gameplay
EV0005997,E005808,P100038,G013,2024-06-09 02:30:27,89.75,BRL,gameplay
EV0006882,E006637,P100185,G012,2024-06-02 01:41:04,11.01,GBP,gameplay
EV0005955,E005768,P100032,G015,2024-06-13 23:59:49,225.95,USD,tournament
EV0002640,E002640,P100074,G016,2024-03-07 04:18:01,28.97,EUR,bonus
EV0002518,E002518,P100053,G004,2024-03-29 06:52:49,74.56,BRL,gameplay
EV0003022,E003022,P100148,G013,2024-03-31 19:01:46,137.04,BRL,gameplay
EV0006757,E006519,P100163,G003,2024-06-21 11:02:05,54.82,BRL,gameplay
EV0004567,E004480,P100001,G003,2024-05-31 21:47:39,30.38,BRL,gameplay
EV0006556,E006328,P100130,G013,2024-06-11 10:13:28,176.31,BRL,gameplay
EV0000910,E000910,P100158,G016,2024-01-15 15:14:14,149.59,BRL,gameplay
EV0002446,E002446,P100037,G017,2024-03-21 12:20:39,30.27,USD,gameplay
EV0006900,E006653,P100187,G016,2024-06-26 19:40:14,22.56,USD,gameplay
EV0006705,E006471,P100156,G018,2024-06-08 01:41:31,14.68,USD,gameplay
EV0005938,E005753,P100029,G018,2024-06-14 18:14:10,59.35,USD,bonus
EV0003516,E003500,P100033,G010,2024-04-20 03:56:14,21.79,GBP,gameplay
EV0003945,E003907,P100105,G012,2024-04-01 10:29:30,39.13,GBP,bonus
EV0005720,E005545,P100193,G004,2024-05-12 23:28:38,18.82,GBP,gameplay
EV0000646,E000646,P100115,G008,2024-01-25 07:58:54,69.68,BRL,gameplay
EV0006637,E006407,P100145,G002,2024-06-25 07:42:46,6.39,EUR,gameplay
EV0004993,E004880,P100071,G004,2024-05-27 19:44:47,14.53,USD,gameplay
EV0006706,E006472,P100156,G018,2024-06-17 09:04:43,51.67,USD,bonus
EV0001650,E001650,P100097,G014,2024-02-20 15:03:22,16.35,GBP,gameplay
EV0004799,E004702,P100042,G017,2024-05-23 03:02:04,64.19,BRL,bonus
EV0003404,E003395,P100016,G016,2024-04-11 19:38:22,18.88,USD,gameplay
EV0004636,E004545,P100014,G004,2024-05-10 15:47:22,25.45,EUR,gameplay
EV0005477,E005320,P100151,G004,2024-05-02 00:10:08,176.37,USD,tournament
EV0003644,E003621,P100055,G007,2024-04-21 17:14:57,7.85,EUR,gameplay
EV0004929,E004820,P100062,G010,2024-05-12 01:10:38,15.84,USD,gameplay
EV0002723,E002723,P100092,G001,2024-03-17 05:29:17,208.05,BRL,bonus
EV0003259,E003259,P100191,G004,2024-03-04 05:57:28,22.98,GBP,gameplay
EV0005465,E005310,P100149,G016,2024-05-12 09:21:20,9.23,EUR,gameplay
EV0002680,E002680,P100081,G014,2024-03-26 00:56:59,194.0,BRL,gameplay
EV0005415,E005265,P100140,G017,2024-05-29 07:15:01,118.48,GBP,tournament
EV0006928,E006680,P100192,G008,2024-06-11 14:24:19,27.15,GBP,gameplay
EV0006618,E006388,P100141,G016,2024-06-11 21:34:21,111.31,BRL,gameplay
EV0006355,E006144,P100098,G009,2024-06-19 08:25:11,13.94,GBP,gameplay
EV0002188,E002188,P100190,G017,2024-02-05 17:36:13,258.18,BRL,bonus
EV0003833,E003803,P100087,G003,2024-04-21 06:27:23,43.29,GBP,tournament
EV0005752,E005575,P100198,G007,2024-05-26 17:55:06,43.9,USD,bonus
EV0000850,E000850,P100147,G014,2024-01-23 05:45:46,27.7,USD,gameplay
EV0000169,E000169,P100027,G011,2024-01-16 02:57:32,30.09,USD,gameplay
EV0005102,E004979,P100090,G004,2024-05-14 05:58:14,25.13,EUR,gameplay
EV0000997,E000997,P100176,G008,2024-01-19 07:59:04,15.87,GBP,bonus
EV0003468,E003456,P100026,G014,2024-04-16 19:05:02,43.28,GBP,bonus
EV0000061,E000061,P100010,G005,2024-01-05 02:45:49,11.38,USD,gameplay
EV0002445,E002445,P100036,G008,2024-03-24 07:20:53,24.94,EUR,gameplay
EV0001844,E001844,P100130,G013,2024-02-23 04:17:17,40.12,BRL,gameplay
EV0001982,E001982,P100152,G002,2024-02-03 04:50:33,7.48,USD,gameplay
EV0006227,E006026,P100078,G014,2024-06-17 23:09:17,48.32,EUR,bonus
EV0000846,E000846,P100147,G014,2024-01-03 23:32:07,27.61,USD,gameplay
EV0003183,E003183,P100177,G012,2024-03-07 15:47:02,116.72,BRL,gameplay
EV0004115,E004064,P100136,G004,2024-04-13 18:14:54,37.09,USD,gameplay
EV0002922,E002922,P100128,G016,2024-03-02 14:12:00,27.91,GBP,gameplay
EV0004494,E004418,P100192,G008,2024-04-10 15:03:41,24.47,GBP,bonus
EV0004618,E004529,P100012,G004,2024-05-05 01:13:20,14.14,USD,gameplay
EV0000310,E000310,P100051,G005,2024-01-27 14:01:07,24.9,EUR,gameplay
EV0006946,E006697,P100195,G012,2024-06-03 23:45:44,26.87,USD,gameplay
EV0000131,E000131,P100021,G003,2024-01-22 15:33:24,16.38,USD,gameplay
EV0000765,E000765,P100134,G016,2024-01-15 20:03:23,341.91,BRL,bonus
EV0003127,E003127,P100168,G004,2024-03-27 00:03:04,33.82,USD,gameplay
EV0006543,E006317,P100129,G004,2024-06-07 23:53:09,213.99,BRL,bonus
EV0006888,E006642,P100185,G012,2024-06-23 19:32:10,56.71,GBP,bonus
EV0002647,E002647,P100076,G010,2024-03-20 01:41:18,8.59,GBP,gameplay
EV0004933,E004823,P100062,G010,2024-05-03 17:45:46,15.42,USD,gameplay
EV0005741,E005564,P100196,G014,2024-05-02 21:22:28,75.97,BRL,gameplay
EV0003777,E003749,P100075,G017,2024-04-10 23:07:38,193.63,BRL,bonus
EV0004998,E004885,P100073,G015,2024-05-02 19:15:00,12.62,USD,gameplay
EV0003655,E003632,P100057,G004,2024-04-01 15:42:20,33.97,USD,gameplay
EV0001354,E001354,P100044,G007,2024-02-17 16:24:07,12.35,EUR,gameplay
EV0002813,E002813,P100110,G018,2024-03-28 04:15:55,108.39,BRL,gameplay
EV0006347,E006136,P100096,G014,2024-06-02 11:38:06,104.19,BRL,gameplay
EV0002473,E002473,P100044,G007,2024-03-31 13:09:49,33.46,EUR,gameplay
EV0003339,E003335,P100006,G007,2024-04-22 18:38:18,29.9,GBP,gameplay
EV0002906,E002906,P100124,G017,2024-03-21 07:30:01,7.31,EUR,gameplay
EV0005581,E005415,P100166,G003,2024-05-15 18:12:38,12.96,USD,gameplay
EV0006263,E006058,P100083,G013,2024-06-03 20:45:37,161.22,BRL,gameplay
EV0004737,E004642,P100029,G018,2024-05-16 14:35:54,108.54,USD,tournament
EV0001652,E001652,P100097,G014,2024-02-13 11:00:06,23.34,GBP,gameplay
EV0003074,E003074,P100156,G018,2024-03-03 09:38:04,36.01,USD,gameplay
EV0004918,E004812,P100061,G003,2024-05-22 19:05:47,18.71,EUR,gameplay
EV0006956,E006706,P100197,G002,2024-06-08 08:44:54,21.2,GBP,gameplay
EV0005508,E005348,P100157,G014,2024-05-20 03:45:14,66.42,BRL,gameplay
EV0005282,E005143,P100120,G010,2024-05-26 12:16:39,921.39,BRL,tournament
EV0005162,E005030,P100099,G015,2024-05-14 20:08:56,38.56,USD,gameplay
EV0004732,E004638,P100028,G006,2024-05-25 14:56:26,49.52,GBP,bonus
EV0003691,E003667,P100061,G003,2024-04-29 09:39:07,6.99,EUR,gameplay
EV0005301,E005160,P100122,G009,2024-05-16 18:37:00,47.62,EUR,bonus
EV0005961,E005773,P100032,G015,2024-06-23 22:56:42,31.84,USD,gameplay
EV0006329,E006119,P100093,G007,2024-06-20 06:51:11,33.51,EUR,gameplay
EV0000795,E000795,P100138,G008,2024-01-23 04:48:08,18.69,EUR,gameplay
EV0002501,E002501,P100049,G002,2024-03-07 09:40:27,19.4,EUR,gameplay
EV0005298,E005157,P100122,G009,2024-05-25 22:45:22,23.52,EUR,gameplay
EV0004863,E004760,P100053,G004,2024-05-20 11:57:26,143.74,BRL,gameplay
EV0001186,E001186,P100011,G015,2024-02-05 11:30:45,71.56,USD,bonus
EV0005768,E005590,P100204,G001,2024-05-08 01:51:29,23.0,GBP,gameplay
EV0005230,E005095,P100109,G007,2024-05-24 18:50:53,25.02,GBP,gameplay
EV0006892,E006645,P100185,G012,2024-06-12 18:13:38,6.61,GBP,gameplay
EV0002391,E002391,P100027,G011,2024-03-30 01:47:57,25.28,USD,gameplay
EV0001206,E001206,P100014,G004,2024-02-07 08:44:54,72.75,EUR,bonus
EV0003083,E003083,P100158,G016,2024-03-17 22:06:07,314.08,BRL,bonus
EV0001876,E001876,P100135,G010,2024-02-25 18:56:54,32.72,EUR,gameplay
EV0006062,E005870,P100050,G007,2024-06-15 13:11:20,79.78,USD,bonus
EV0004238,E004177,P100154,G013,2024-04-25 07:20:19,14.89,EUR,bonus
EV0005950,E005764,P100031,G002,2024-06-25 08:49:48,42.3,USD,bonus
EV0002202,E002202,P100194,G005,2024-02-23 16:12:36,365.05,BRL,bonus
EV0006923,E006675,P100191,G004,2024-06-12 09:18:05,17.64,GBP,gameplay
EV0003123,E003123,P100167,G018,2024-03-31 05:30:48,5.66,EUR,gameplay
EV0003758,E003730,P100071,G004,2024-04-07 05:56:38,27.21,USD,gameplay
EV0002600,E002600,P100068,G007,2024-03-11 07:10:25,58.43,BRL,gameplay
EV0002379,E002379,P100023,G002,2024-03-28 04:58:26,11.63,EUR,bonus
EV0003946,E003908,P100106,G015,2024-04-05 10:51:36,113.89,BRL,gameplay
EV0004873,E004770,P100054,G015,2024-05-21 08:19:15,26.24,EUR,gameplay
EV0006941,E006692,P100195,G012,2024-06-27 15:58:10,24.84,USD,gameplay
EV0004644,E004553,P100016,G016,2024-05-09 03:53:14,55.77,USD,bonus
EV0003806,E003777,P100081,G014,2024-04-24 04:44:25,153.4,BRL,gameplay
EV0002517,E002517,P100053,G004,2024-03-23 00:26:52,73.59,BRL,gameplay
EV0001780,E001780,P100118,G003,2024-02-15 08:56:56,18.11,EUR,gameplay
EV0001194,E001194,P100012,G004,2024-02-16 15:47:26,32.28,USD,gameplay
EV0003632,E003610,P100053,G004,2024-04-06 01:12:07,41.02,BRL,gameplay
EV0001760,E001760,P100115,G008,2024-02-09 02:36:36,31.07,BRL,gameplay
EV0006214,E006014,P100074,G016,2024-06-05 13:39:39,203.32,EUR,tournament
EV0005351,E005206,P100129,G004,2024-05-17 15:10:58,109.62,BRL,gameplay
EV0003925,E003889,P100103,G016,2024-04-17 07:46:14,13.52,GBP,gameplay
EV0000514,E000514,P100090,G004,2024-01-06 03:25:25,31.01,EUR,gameplay
EV0001678,E001678,P100101,G009,2024-02-12 10:19:07,193.47,BRL,gameplay
EV0000634,E000634,P100113,G016,2024-01-20 15:55:30,25.16,USD,bonus
EV0000999,E000999,P100176,G008,2024-01-23 20:08:00,10.26,GBP,bonus
EV0006487,E006266,P100119,G014,2024-06-18 11:45:05,19.61,USD,gameplay
EV0005269,E005132,P100117,G002,2024-05-14 16:19:49,29.81,GBP,gameplay
EV0000649,E000649,P100116,G013,2024-01-23 10:26:23,25.82,EUR,gameplay
EV0005993,E005804,P100038,G013,2024-06-04 01:38:00,42.38,BRL,gameplay
EV0001666,E001666,P100099,G015,2024-02-14 07:39:09,7.89,USD,gameplay
EV0004422,E004349,P100182,G006,2024-04-24 06:44:46,27.2,EUR,gameplay
EV0001017,E001017,P100180,G018,2024-01-16 15:11:10,38.9,USD,gameplay
EV0003208,E003208,P100181,G001,2024-03-11 10:12:06,105.66,BRL,gameplay
EV0005604,E005435,P100171,G015,2024-05-04 13:49:36,12.16,USD,gameplay
EV0000432,E000432,P100074,G016,2024-01-02 16:36:57,32.28,EUR,gameplay
EV0002169,E002169,P100187,G016,2024-02-14 03:03:28,19.22,USD,bonus
EV0002002,E002002,P100157,G014,2024-02-24 07:52:03,55.94,BRL,bonus
EV0003707,E003681,P100063,G010,2024-04-20 12:12:21,239.87,BRL,bonus
EV0006327,E006117,P100093,G007,2024-06-02 13:37:00,45.86,EUR,bonus
EV0002690,E002690,P100082,G009,2024-03-28 23:03:18,12.3,EUR,gameplay
EV0000756,E000756,P100133,G002,2024-01-24 05:56:01,117.48,GBP,tournament
EV0002720,E002720,P100091,G006,2024-03-08 19:30:02,157.98,BRL,gameplay
EV0002836,E002836,P100114,G002,2024-03-14 16:02:42,48.25,GBP,bonus
EV0000134,E000134,P100021,G003,2024-01-07 07:17:35,26.35,USD,gameplay
EV0001257,E001257,P100022,G001,2024-02-27 12:02:05,30.26,EUR,gameplay
EV0004538,E004455,P100198,G007,2024-04-06 20:11:31,25.39,USD,gameplay
EV0005584,E005418,P100167,G018,2024-05-30 14:00:13,17.53,EUR,gameplay
EV0001603,E001603,P100088,G012,2024-02-21 22:27:19,93.41,BRL,gameplay
EV0004407,E004335,P100180,G018,2024-04-17 06:37:44,12.31,USD,gameplay
EV0000295,E000295,P100048,G005,2024-01-21 13:10:39,27.64,EUR,gameplay
EV0001929,E001929,P100144,G016,2024-02-29 08:58:19,36.65,USD,gameplay
EV0000641,E000641,P100115,G008,2024-01-29 19:34:52,140.68,BRL,gameplay
EV0004320,E004253,P100166,G003,2024-04-16 00:03:18,22.22,USD,gameplay
EV0005681,E005510,P100185,G012,2024-05-05 13:56:59,26.23,GBP,gameplay
EV0006143,E005948,P100063,G010,2024-06-28 04:12:12,164.88,BRL,gameplay
EV0000705,E000705,P100125,G011,2024-01-11 13:40:39,33.27,USD,gameplay
EV0002153,E002153,P100184,G014,2024-02-14 21:30:20,33.25,USD,gameplay
EV0004204,E004145,P100149,G016,2024-04-11 07:32:55,9.46,EUR,bonus
EV0001122,E001122,P100202,G012,2024-01-27 11:24:27,8.76,USD,gameplay
EV0005432,E005280,P100143,G008,2024-05-05 08:26:44,276.24,BRL,bonus
EV0006911,E006663,P100189,G009,2024-06-19 19:03:25,72.37,EUR,bonus
EV0005758,E005581,P100200,G018,2024-05-15 13:39:58,80.79,EUR,tournament
EV0002062,E002062,P100169,G012,2024-02-02 02:47:58,30.68,GBP,gameplay
EV0006633,E006403,P100144,G016,2024-06-12 21:42:38,30.92,USD,gameplay
EV0005336,E005191,P100126,G009,2024-05-05 06:39:37,307.58,BRL,tournament
EV0001507,E001507,P100073,G015,2024-02-26 01:33:50,16.11,USD,gameplay
EV0006985,E006735,P100212,G017,2024-06-24 07:50:21,382.49,BRL,tournament
EV0001390,E001390,P100052,G011,2024-02-23 13:04:58,19.88,GBP,bonus
EV0006334,E006124,P100094,G010,2024-06-22 08:26:47,10.58,EUR,gameplay
EV0000580,E000580,P100102,G014,2024-01-29 20:12:20,6.53,USD,gameplay
EV0003881,E003850,P100096,G014,2024-04-01 06:33:32,64.37,BRL,gameplay
EV0005998,E005809,P100038,G013,2024-06-01 19:12:31,878.22,BRL,tournament
EV0002575,E002575,P100064,G006,2024-03-23 02:22:38,24.82,GBP,bonus
EV0000543,E000543,P100095,G014,2024-01-31 15:00:33,22.65,USD,gameplay
EV0006389,E006175,P100103,G016,2024-06-09 21:46:51,127.32,GBP,tournament
EV0006952,E006703,P100196,G014,2024-06-02 23:59:39,92.0,BRL,gameplay
EV0002733,E002733,P100094,G010,2024-03-23 13:01:45,16.73,EUR,gameplay
EV0002358,E002358,P100018,G018,2024-03-02 04:34:22,29.1,GBP,gameplay
EV0004989,E004876,P100071,G004,2024-05-12 16:49:21,31.24,USD,gameplay
EV0004913,E004807,P100060,G014,2024-05-08 13:56:39,25.91,EUR,gameplay
EV0001412,E001412,P100056,G017,2024-02-20 22:21:54,199.43,BRL,gameplay
EV0004608,E004519,P100010,G005,2024-05-09 06:30:58,14.53,USD,gameplay
EV0002818,E002818,P100111,G005,2024-03-15 20:33:22,182.73,BRL,gameplay
EV0004814,E004715,P100044,G007,2024-05-16 03:25:41,31.72,EUR,gameplay
EV0001048,E001048,P100187,G016,2024-01-05 10:15:34,32.08,USD,gameplay
EV0005141,E005013,P100096,G014,2024-05-13 05:41:50,190.91,BRL,gameplay
EV0006822,E006579,P100175,G009,2024-06-30 07:08:00,29.14,USD,gameplay
EV0000362,E000362,P100061,G003,2024-01-24 02:37:06,38.94,EUR,bonus
EV0004469,E004393,P100189,G009,2024-04-27 13:20:52,5.79,EUR,gameplay
EV0006309,E006102,P100090,G004,2024-06-05 19:05:33,16.77,EUR,gameplay
EV0004366,E004297,P100174,G005,2024-04-22 00:04:28,29.57,GBP,gameplay
EV0001763,E001763,P100115,G008,2024-02-24 11:08:44,158.63,BRL,gameplay
EV0003348,E003344,P100007,G013,2024-04-03 17:59:25,31.18,EUR,gameplay
EV0006293,E006088,P100088,G012,2024-06-12 14:32:24,165.63,BRL,gameplay
EV0004932,E004822,P100062,G010,2024-05-07 08:26:43,30.16,USD,gameplay
EV0005819,E005640,P100008,G018,2024-06-29 20:15:44,16.07,EUR,gameplay
EV0005105,E004981,P100090,G004,2024-05-07 17:37:53,33.15,EUR,gameplay
EV0001579,E001579,P100084,G001,2024-02-05 23:42:54,24.24,EUR,gameplay
EV0005861,E005679,P100016,G016,2024-06-25 18:39:24,76.79,USD,bonus
EV0001447,E001447,P100061,G003,2024-02-25 20:00:30,62.84,EUR,bonus
EV0003638,E003616,P100054,G015,2024-04-23 22:53:57,32.23,EUR,gameplay
EV0006686,E006454,P100153,G014,2024-06-22 06:51:53,33.75,EUR,gameplay
EV0006855,E006611,P100181,G001,2024-06-10 06:17:55,182.16,BRL,gameplay
EV0000784,E000784,P100137,G010,2024-01-24 10:50:30,61.4,USD,bonus
EV0001444,E001444,P100060,G014,2024-02-10 23:52:49,15.37,EUR,gameplay
EV0000780,E000780,P100136,G004,2024-01-23 08:58:35,33.77,USD,gameplay
EV0000508,E000508,P100088,G012,2024-01-24 03:57:16,325.7,BRL,tournament
EV0002842,E002842,P100115,G008,2024-03-07 00:04:10,200.73,BRL,gameplay
EV0004496,E004420,P100192,G008,2024-04-15 03:20:40,18.28,GBP,gameplay
EV0000698,E000698,P100123,G010,2024-01-13 03:44:10,124.62,BRL,gameplay
EV0003264,E003264,P100192,G008,2024-03-17 07:08:09,58.28,GBP,bonus
EV0000014,E000014,P100003,G012,2024-01-17 02:19:29,34.9,BRL,gameplay
EV0004700,E004607,P100025,G016,2024-05-12 19:19:00,24.06,GBP,gameplay
EV0006180,E005983,P100069,G003,2024-06-27 00:20:17,148.94,GBP,tournament
EV0006606,E006376,P100138,G008,2024-06-03 23:19:33,27.68,EUR,bonus
EV0004727,E004633,P100028,G006,2024-05-13 19:30:26,29.24,GBP,gameplay
EV0004997,E004884,P100073,G015,2024-05-24 17:16:20,33.87,USD,gameplay
EV0001274,E001274,P100025,G016,2024-02-24 19:59:43,17.7,GBP,gameplay
EV0006257,E006053,P100081,G014,2024-06-11 11:59:27,135.77,BRL,gameplay
EV0002769,E002769,P100100,G011,2024-03-11 05:56:41,137.5,BRL,gameplay
EV0003535,E003518,P100037,G017,2024-04-02 01:26:31,18.58,USD,gameplay
EV0001153,E001153,P100005,G002,2024-02-29 13:17:01,46.3,EUR,bonus
EV0001991,E001991,P100153,G014,2024-02-26 18:57:39,20.73,EUR,gameplay
EV0004083,E004034,P100131,G004,2024-04-25 20:30:34,169.35,BRL,gameplay
EV0002888,E002888,P100122,G009,2024-03-24 05:26:02,68.98,EUR,bonus
EV0004053,E004007,P100125,G011,2024-04-29 00:11:51,8.71,USD,gameplay
EV0001708,E001708,P100106,G015,2024-02-28 05:12:36,58.14,BRL,gameplay
EV0005023,E004909,P100076,G010,2024-05-18 12:05:36,10.26,GBP,gameplay
EV0006939,E006691,P100194,G005,2024-06-23 18:29:15,49.43,BRL,gameplay
EV0006165,E005969,P100067,G011,2024-06-16 21:27:56,18.85,USD,gameplay
EV0000712,E000712,P100127,G015,2024-01-13 16:48:05,4.6,GBP,gameplay
EV0004309,E004243,P100165,G016,2024-04-10 23:11:51,5.93,EUR,gameplay
EV0003754,E003726,P100070,G013,2024-04-16 16:38:37,31.84,EUR,gameplay
EV0003015,E003015,P100145,G002,2024-03-07 04:51:50,32.62,EUR,gameplay
EV0003751,E003723,P100069,G003,2024-04-22 08:37:56,22.14,GBP,gameplay
EV0006638,E006408,P100145,G002,2024-06-25 15:07:09,73.27,EUR,bonus
EV0002434,E002434,P100034,G016,2024-03-19 21:45:57,135.14,BRL,bonus
EV0005436,E005284,P100145,G002,2024-05-13 16:51:22,23.14,EUR,gameplay
EV0001820,E001820,P100124,G017,2024-02-02 00:01:09,34.26,EUR,gameplay
EV0003970,E003930,P100111,G005,2024-04-03 13:19:40,126.81,BRL,gameplay
EV0003310,E003310,P100001,G003,2024-04-15 13:00:07,170.17,BRL,gameplay
EV0006597,E006368,P100136,G004,2024-06-19 05:05:52,31.94,USD,gameplay
EV0003321,E003319,P100002,G004,2024-04-15 13:45:27,57.35,USD,bonus
EV0000776,E000776,P100136,G004,2024-01-13 17:59:47,24.1,USD,gameplay
EV0002470,E002470,P100042,G017,2024-03-09 18:16:57,194.41,BRL,gameplay
EV0000086,E000086,P100014,G004,2024-01-12 17:36:23,20.62,EUR,gameplay
EV0000554,E000554,P100097,G014,2024-01-14 21:47:57,22.03,GBP,gameplay
EV0001756,E001756,P100114,G002,2024-02-02 11:41:27,14.12,GBP,gameplay
EV0005284,E005145,P100120,G010,2024-05-22 00:24:50,66.6,BRL,gameplay
EV0001987,E001987,P100153,G014,2024-02-29 03:37:30,22.43,EUR,gameplay
EV0004067,E004020,P100128,G016,2024-04-24 13:38:51,28.44,GBP,gameplay
EV0004620,E004531,P100012,G004,2024-05-30 17:24:03,16.98,USD,bonus
EV0006306,E006099,P100090,G004,2024-06-16 21:37:44,21.78,EUR,bonus
EV0000183,E000183,P100029,G018,2024-01-15 19:43:45,25.79,USD,gameplay
EV0006230,E006029,P100078,G014,2024-06-28 04:37:22,35.57,EUR,gameplay
EV0005726,E005550,P100194,G005,2024-05-02 02:00:43,135.62,BRL,gameplay
EV0003350,E003346,P100008,G018,2024-04-17 11:28:59,18.88,EUR,gameplay
EV0002992,E002992,P100140,G017,2024-03-01 13:44:22,19.23,GBP,gameplay
EV0003626,E003604,P100052,G011,2024-04-09 01:42:16,3.94,GBP,gameplay
EV0006362,E006151,P100099,G015,2024-06-22 05:33:01,29.16,USD,gameplay
EV0003831,E003801,P100087,G003,2024-04-02 16:48:30,15.94,GBP,gameplay
EV0005156,E005025,P100099,G015,2024-05-09 02:40:32,25.29,USD,gameplay
EV0004201,E004143,P100149,G016,2024-04-14 17:36:02,29.26,EUR,gameplay
EV0006524,E006299,P100125,G011,2024-06-15 04:44:01,61.82,USD,bonus
EV0002758,E002758,P100098,G009,2024-03-28 15:32:31,28.43,GBP,gameplay
EV0002703,E002703,P100085,G009,2024-03-26 10:31:07,22.13,GBP,gameplay
EV0000354,E000354,P100060,G014,2024-01-07 09:36:50,4.88,EUR,gameplay
EV0004853,E004751,P100050,G007,2024-05-25 04:37:20,27.49,USD,gameplay
EV0001512,E001512,P100074,G016,2024-02-03 06:03:40,32.98,EUR,gameplay
EV0005182,E005050,P100102,G014,2024-05-06 16:44:39,25.99,USD,gameplay
EV0005365,E005218,P100131,G004,2024-05-18 06:12:00,552.58,BRL,tournament
EV0004263,E004200,P100159,G010,2024-04-01 23:47:18,80.03,BRL,bonus
EV0003678,E003654,P100059,G017,2024-04-01 22:03:00,82.21,GBP,tournament
EV0001697,E001697,P100104,G008,2024-02-29 08:59:08,51.6,BRL,gameplay
EV0003243,E003243,P100188,G015,2024-03-12 17:40:17,23.81,GBP,gameplay
EV0002456,E002456,P100038,G013,2024-03-18 04:42:17,32.53,BRL,gameplay
EV0005722,E005546,P100193,G004,2024-05-10 13:05:48,21.55,GBP,gameplay
EV0002593,E002593,P100066,G015,2024-03-30 02:11:05,187.91,BRL,gameplay
EV0003031,E003031,P100150,G010,2024-03-14 04:51:17,8.73,EUR,gameplay
EV0002049,E002049,P100166,G003,2024-02-15 10:47:07,122.39,USD,tournament
EV0006858,E006614,P100182,G006,2024-06-10 05:54:40,22.32,EUR,gameplay
EV0006397,E006183,P100104,G008,2024-06-18 12:56:52,43.16,BRL,gameplay
EV0001414,E001414,P100056,G017,2024-02-26 01:31:14,105.88,BRL,gameplay
EV0001163,E001163,P100007,G013,2024-02-11 06:26:25,26.26,EUR,gameplay
EV0001071,E001071,P100191,G004,2024-01-17 10:41:45,23.97,GBP,gameplay
EV0001762,E001762,P100115,G008,2024-02-12 09:25:32,80.05,BRL,gameplay
EV0000760,E000760,P100134,G016,2024-01-22 02:02:53,41.93,BRL,gameplay
EV0001516,E001516,P100075,G017,2024-02-10 18:28:40,69.47,BRL,gameplay
EV0000430,E000430,P100074,G016,2024-01-14 17:43:55,197.69,EUR,tournament
EV0003138,E003138,P100169,G012,2024-03-25 08:01:25,11.22,GBP,bonus
EV0001076,E001076,P100192,G008,2024-01-21 06:37:33,5.38,GBP,gameplay
EV0005331,E005186,P100125,G011,2024-05-19 13:09:24,91.02,USD,tournament
EV0003475,E003462,P100027,G011,2024-04-16 14:18:45,18.24,USD,bonus
EV0000152,E000152,P100025,G016,2024-01-17 14:17:12,15.07,GBP,bonus
EV0001364,E001364,P100047,G018,2024-02-19 02:19:05,28.73,EUR,gameplay
EV0001710,E001710,P100106,G015,2024-02-13 21:38:12,56.84,BRL,gameplay
EV0005958,E005771,P100032,G015,2024-06-05 07:31:43,96.18,USD,tournament
EV0006889,E006643,P100185,G012,2024-06-16 18:30:42,12.46,GBP,gameplay
EV0001035,E001035,P100183,G008,2024-01-02 01:30:46,36.31,EUR,bonus
EV0005552,E005388,P100162,G002,2024-05-08 00:03:43,7.56,EUR,gameplay
EV0003418,E003409,P100019,G014,2024-04-05 03:42:35,20.57,EUR,bonus
EV0001086,E001086,P100193,G004,2024-01-13 02:00:26,39.9,GBP,bonus
EV0000338,E000338,P100056,G017,2024-01-24 07:03:15,147.56,BRL,gameplay
EV0003388,E003381,P100013,G014,2024-04-22 05:03:54,154.51,BRL,gameplay
EV0001568,E001568,P100083,G013,2024-02-26 22:21:55,112.56,BRL,gameplay
EV0000707,E000707,P100126,G009,2024-01-23 08:38:41,139.56,BRL,gameplay
EV0004883,E004777,P100055,G007,2024-05-05 10:35:22,13.54,EUR,bonus
EV0000151,E000151,P100025,G016,2024-01-21 17:33:31,23.25,GBP,bonus
EV0004330,E004262,P100168,G004,2024-04-15 09:16:54,52.34,USD,bonus
EV0000386,E000386,P100066,G015,2024-01-09 05:01:20,81.44,BRL,gameplay
EV0002032,E002032,P100162,G002,2024-02-20 20:03:14,9.44,EUR,gameplay
EV0003171,E003171,P100175,G009,2024-03-11 01:38:44,12.65,USD,bonus
EV0005806,E005628,P100006,G007,2024-06-28 13:57:10,4.18,GBP,gameplay
EV0003107,E003107,P100164,G018,2024-03-13 18:35:03,36.52,EUR,gameplay
EV0000367,E000367,P100062,G010,2024-01-04 05:28:29,71.79,USD,tournament
EV0000904,E000904,P100157,G014,2024-01-02 03:24:03,183.44,BRL,gameplay
EV0006659,E006428,P100148,G013,2024-06-27 16:57:53,179.59,BRL,gameplay
EV0004299,E004233,P100163,G003,2024-04-19 17:59:17,188.97,BRL,gameplay
EV0001910,E001910,P100140,G017,2024-02-17 21:54:55,12.86,GBP,gameplay
EV0005765,E005587,P100200,G018,2024-05-09 12:57:15,47.53,EUR,bonus
EV0001849,E001849,P100131,G004,2024-02-14 14:27:38,153.35,BRL,gameplay
EV0006145,E005950,P100063,G010,2024-06-08 19:06:21,38.65,BRL,gameplay
EV0006876,E006631,P100184,G014,2024-06-11 00:08:46,36.51,USD,gameplay
EV0002071,E002071,P100170,G018,2024-02-14 16:17:36,61.17,USD,bonus
EV0005845,E005664,P100013,G014,2024-06-19 12:43:26,151.54,BRL,gameplay
EV0005556,E005392,P100163,G003,2024-05-22 14:40:15,47.74,BRL,gameplay
EV0006584,E006355,P100134,G016,2024-06-24 03:31:45,153.98,BRL,gameplay
EV0006951,E006702,P100196,G014,2024-06-22 11:48:02,111.92,BRL,gameplay
EV0004619,E004530,P100012,G004,2024-05-19 21:06:31,29.34,USD,gameplay
EV0004480,E004404,P100190,G017,2024-04-04 04:59:36,169.67,BRL,gameplay
EV0006619,E006389,P100142,G018,2024-06-04 09:21:02,127.35,BRL,gameplay
EV0001148,E001148,P100004,G008,2024-02-24 18:01:48,111.45,EUR,tournament
EV0006235,E006034,P100078,G014,2024-06-11 00:52:45,27.08,EUR,gameplay
EV0001266,E001266,P100024,G007,2024-02-07 00:13:30,28.15,BRL,gameplay
EV0005810,E005632,P100007,G013,2024-06-04 07:46:32,5.69,EUR,gameplay
EV0005487,E005330,P100153,G014,2024-05-28 14:15:29,7.0,EUR,gameplay
EV0004893,E004787,P100057,G004,2024-05-26 19:52:58,245.36,USD,tournament
EV0006657,E006426,P100148,G013,2024-06-17 15:11:26,132.55,BRL,gameplay
EV0002041,E002041,P100165,G016,2024-02-19 00:06:38,9.54,EUR,gameplay
EV0004424,E004351,P100183,G008,2024-04-11 16:27:43,29.0,EUR,gameplay
EV0004420,E004348,P100182,G006,2024-04-22 17:54:18,6.5,EUR,gameplay
EV0005739,E005562,P100196,G014,2024-05-13 16:32:05,135.19,BRL,gameplay
EV0003223,E003223,P100185,G012,2024-03-27 19:18:11,49.81,GBP,bonus
EV0000663,E000663,P100119,G014,2024-01-17 22:14:39,25.98,USD,gameplay
EV0004895,E004789,P100058,G014,2024-05-22 07:44:29,573.27,BRL,tournament
EV0003713,E003687,P100063,G010,2024-04-06 08:26:13,107.21,BRL,gameplay
EV0000706,E000706,P100125,G011,2024-01-03 02:10:21,34.71,USD,gameplay
EV0003940,E003902,P100105,G012,2024-04-18 19:03:02,6.53,GBP,gameplay
EV0001854,E001854,P100132,G007,2024-02-11 13:50:11,8.71,GBP,gameplay
EV0005481,E005324,P100151,G004,2024-05-17 00:21:04,32.03,USD,gameplay
EV0002431,E002431,P100033,G010,2024-03-27 18:24:38,18.83,GBP,gameplay
EV0006645,E006414,P100145,G002,2024-06-07 08:04:52,11.53,EUR,gameplay
EV0001808,E001808,P100122,G009,2024-02-17 10:07:59,22.32,EUR,gameplay
EV0005485,E005328,P100152,G002,2024-05-18 09:19:19,16.3,USD,gameplay
EV0000443,E000443,P100076,G010,2024-01-13 04:39:38,8.57,GBP,gameplay
EV0006893,E006646,P100186,G002,2024-06-27 07:36:03,24.93,GBP,gameplay
EV0005534,E005372,P100159,G010,2024-05-26 17:52:22,333.65,BRL,bonus
EV0004029,E003985,P100120,G010,2024-04-15 07:00:54,120.37,BRL,gameplay
EV0003548,E003530,P100039,G003,2024-04-18 13:32:16,29.68,GBP,gameplay
EV0000635,E000635,P100114,G002,2024-01-05 18:52:49,15.06,GBP,gameplay
EV0004273,E004210,P100160,G002,2024-04-08 16:23:17,30.73,GBP,gameplay
EV0005205,E005072,P100106,G015,2024-05-28 20:53:42,308.64,BRL,bonus
EV0005797,E005619,P100005,G002,2024-06-05 10:21:21,30.0,EUR,gameplay
EV0005544,E005380,P100160,G002,2024-05-18 22:38:48,26.23,GBP,gameplay
EV0000629,E000629,P100112,G015,2024-01-19 05:41:53,109.05,BRL,gameplay
EV0005048,E004931,P100082,G009,2024-05-22 03:24:31,35.65,EUR,gameplay
EV0004972,E004859,P100068,G007,2024-05-22 14:33:39,744.23,BRL,tournament
EV0005859,E005677,P100016,G016,2024-06-03 02:41:54,45.27,USD,bonus
EV0005973,E005785,P100034,G016,2024-06-05 16:35:13,154.1,BRL,gameplay
EV0005276,E005138,P100118,G003,2024-05-04 17:15:49,20.54,EUR,gameplay
EV0001561,E001561,P100082,G009,2024-02-19 22:32:02,21.59,EUR,gameplay
EV0006066,E005874,P100051,G005,2024-06-29 16:20:37,28.31,EUR,gameplay
EV0004679,E004587,P100020,G012,2024-05-06 10:51:56,1130.6,BRL,tournament
EV0001495,E001495,P100071,G004,2024-02-03 21:52:17,21.06,USD,gameplay
EV0005467,E005311,P100149,G016,2024-05-02 16:47:46,28.78,EUR,bonus
EV0002251,E002251,P100002,G004,2024-03-25 00:48:18,19.54,USD,gameplay
EV0006010,E005820,P100040,G007,2024-06-13 08:25:51,34.0,USD,gameplay
EV0002783,E002783,P100103,G016,2024-03-27 12:13:34,25.39,GBP,gameplay
EV0000445,E000445,P100077,G008,2024-01-29 11:01:21,37.23,USD,gameplay
EV0002469,E002469,P100042,G017,2024-03-23 04:04:43,219.45,BRL,bonus
EV0001556,E001556,P100081,G014,2024-02-27 10:01:40,200.18,BRL,gameplay
EV0001205,E001205,P100014,G004,2024-02-21 19:40:14,69.43,EUR,bonus
EV0005278,E005140,P100119,G014,2024-05-31 03:31:09,19.56,USD,gameplay
EV0004046,E004001,P100124,G017,2024-04-16 05:35:33,8.49,EUR,gameplay
EV0003515,E003499,P100033,G010,2024-04-04 01:31:40,24.47,GBP,gameplay
EV0004615,E004526,P100011,G015,2024-05-30 03:25:58,69.73,USD,bonus
EV0000073,E000073,P100012,G004,2024-01-26 23:43:10,17.72,USD,gameplay
EV0003980,E003939,P100112,G015,2024-04-03 03:16:07,834.82,BRL,tournament
EV0005639,E005469,P100178,G015,2024-05-04 20:58:59,70.61,EUR,tournament
EV0002298,E002298,P100008,G018,2024-03-21 03:21:32,5.77,EUR,gameplay
EV0002185,E002185,P100189,G009,2024-02-10 08:44:28,11.14,EUR,gameplay
EV0005446,E005293,P100146,G015,2024-05-25 05:24:30,124.75,BRL,gameplay
EV0001631,E001631,P100092,G001,2024-02-19 04:16:00,193.44,BRL,bonus
EV0006681,E006449,P100153,G014,2024-06-12 04:44:18,21.22,EUR,gameplay
EV0000474,E000474,P100081,G014,2024-01-22 17:11:18,54.86,BRL,gameplay
EV0006801,E006559,P100171,G015,2024-06-21 22:36:41,24.15,USD,bonus
EV0002417,E002417,P100030,G008,2024-03-19 21:09:13,23.26,GBP,gameplay
EV0003839,E003809,P100088,G012,2024-04-07 20:41:42,84.76,BRL,gameplay
EV0006023,E005832,P100043,G004,2024-06-17 10:20:47,33.52,USD,gameplay
EV0002040,E002040,P100165,G016,2024-02-01 05:23:02,28.46,EUR,bonus
EV0000302,E000302,P100049,G002,2024-01-21 13:24:28,25.1,EUR,gameplay
EV0006403,E006189,P100106,G015,2024-06-21 03:13:09,191.75,BRL,gameplay
EV0004525,E004445,P100196,G014,2024-04-14 13:27:26,92.93,BRL,gameplay
EV0003887,E003856,P100097,G014,2024-04-11 23:32:34,26.18,GBP,gameplay
EV0004288,E004223,P100162,G002,2024-04-01 00:01:18,8.71,EUR,gameplay
EV0002313,E002313,P100011,G015,2024-03-10 20:28:07,24.64,USD,gameplay
EV0000209,E000209,P100033,G010,2024-01-24 20:47:31,114.78,GBP,tournament
EV0001793,E001793,P100119,G014,2024-02-28 13:33:13,29.93,USD,gameplay
EV0003026,E003026,P100148,G013,2024-03-30 02:09:11,112.3,BRL,gameplay
EV0000449,E000449,P100077,G008,2024-01-07 13:47:31,11.58,USD,gameplay
EV0006738,E006501,P100160,G002,2024-06-07 20:08:21,44.06,GBP,bonus
EV0002357,E002357,P100017,G008,2024-03-07 09:11:06,162.22,BRL,gameplay
EV0006559,E006331,P100131,G004,2024-06-26 06:08:12,30.91,BRL,gameplay
EV0000042,E000042,P100007,G013,2024-01-28 03:18:05,32.02,EUR,gameplay
EV0001236,E001236,P100019,G014,2024-02-27 10:09:01,35.63,EUR,gameplay
EV0000428,E000428,P100074,G016,2024-01-03 21:22:51,169.76,EUR,tournament
EV0001296,E001296,P100030,G008,2024-02-04 06:28:26,25.95,GBP,gameplay
EV0003450,E003439,P100024,G007,2024-04-21 19:42:55,232.42,BRL,bonus
EV0000679,E000679,P100121,G009,2024-01-30 06:31:47,57.82,USD,bonus
EV0002589,E002589,P100066,G015,2024-03-08 02:55:04,126.6,BRL,gameplay
EV0002031,E002031,P100162,G002,2024-02-09 15:08:14,30.27,EUR,gameplay
EV0001709,E001709,P100106,G015,2024-02-21 09:01:19,154.67,BRL,gameplay
EV0003018,E003018,P100146,G015,2024-03-28 10:01:02,145.99,BRL,gameplay
EV0003273,E003273,P100195,G012,2024-03-19 10:07:29,221.04,USD,tournament
EV0002228,E002228,P100199,G018,2024-02-20 21:23:16,6.75,USD,gameplay
EV0006097,E005905,P100056,G017,2024-06-09 14:25:30,26.6,BRL,gameplay
EV0006260,E006055,P100081,G014,2024-06-23 13:26:56,284.15,BRL,bonus
EV0002254,E002254,P100002,G004,2024-03-19 09:11:55,39.72,USD,gameplay
EV0005088,E004967,P100087,G003,2024-05-01 01:16:29,44.36,GBP,bonus
EV0003696,E003672,P100062,G010,2024-04-19 21:52:34,12.65,USD,gameplay
EV0003576,E003557,P100043,G004,2024-04-14 10:56:03,150.67,USD,tournament
EV0004378,E004309,P100175,G009,2024-04-06 05:01:38,70.05,USD,tournament
EV0006610,E006380,P100139,G017,2024-06-25 03:33:37,35.5,USD,gameplay
EV0004583,E004495,P100005,G002,2024-05-19 22:44:44,11.52,EUR,gameplay
EV0002248,E002248,P100001,G003,2024-03-18 11:05:13,274.28,BRL,bonus
EV0003721,E003695,P100064,G006,2024-04-06 14:48:21,14.38,GBP,gameplay
EV0002424,E002424,P100032,G015,2024-03-08 16:06:05,201.69,USD,tournament
EV0005937,E005752,P100029,G018,2024-06-17 20:32:48,32.18,USD,gameplay
EV0001463,E001463,P100063,G010,2024-02-14 12:10:07,83.27,BRL,gameplay
EV0004854,E004752,P100050,G007,2024-05-21 00:04:41,10.25,USD,gameplay
EV0006684,E006452,P100153,G014,2024-06-18 06:41:32,23.66,EUR,gameplay
EV0003743,E003716,P100067,G011,2024-04-15 16:02:15,18.35,USD,bonus
EV0005897,E005713,P100021,G003,2024-06-26 18:12:56,5.75,USD,gameplay
EV0003156,E003156,P100172,G002,2024-03-25 13:55:52,19.07,EUR,gameplay
EV0005371,E005224,P100132,G007,2024-05-16 21:08:01,26.97,GBP,gameplay
EV0006938,E006690,P100194,G005,2024-06-14 09:35:15,371.58,BRL,bonus
EV0004066,E004019,P100128,G016,2024-04-18 09:32:04,7.54,GBP,gameplay
EV0001015,E001015,P100180,G018,2024-01-08 14:49:40,157.94,USD,tournament
EV0002877,E002877,P100120,G010,2024-03-24 02:18:49,95.28,BRL,bonus
EV0005137,E005010,P100095,G014,2024-05-13 22:39:05,39.38,USD,gameplay
EV0001667,E001667,P100099,G015,2024-02-09 03:55:16,11.54,USD,gameplay
EV0002909,E002909,P100124,G017,2024-03-30 09:19:34,7.9,EUR,gameplay
EV0005612,E005443,P100173,G018,2024-05-01 10:52:01,9.17,USD,gameplay
EV0002584,E002584,P100065,G007,2024-03-26 13:26:45,220.73,USD,tournament
EV0002510,E002510,P100051,G005,2024-03-23 10:04:45,68.0,EUR,bonus
EV0003209,E003209,P100182,G006,2024-03-29 06:52:26,16.72,EUR,gameplay
EV0003572,E003553,P100042,G017,2024-04-22 04:47:40,150.71,BRL,gameplay
EV0002606,E002606,P100069,G003,2024-03-03 10:37:49,23.75,GBP,gameplay
EV0002650,E002650,P100076,G010,2024-03-23 07:05:48,8.2,GBP,gameplay
EV0001115,E001115,P100198,G007,2024-01-22 00:48:06,7.32,USD,gameplay
EV0001068,E001068,P100190,G017,2024-01-12 04:23:28,141.76,BRL,gameplay
EV0000754,E000754,P100132,G007,2024-01-18 05:04:33,180.96,GBP,tournament
EV0002736,E002736,P100095,G014,2024-03-22 11:30:25,35.72,USD,gameplay
EV0002634,E002634,P100072,G008,2024-03-16 07:14:40,24.64,GBP,gameplay
EV0004885,E004779,P100055,G007,2024-05-18 03:19:13,10.76,EUR,gameplay
EV0001216,E001216,P100015,G006,2024-02-24 19:16:04,27.72,EUR,gameplay
EV0003166,E003166,P100174,G005,2024-03-13 18:09:46,44.41,GBP,bonus
EV0004419,E004347,P100182,G006,2024-04-05 06:28:33,34.05,EUR,gameplay
EV0003205,E003205,P100181,G001,2024-03-16 05:03:12,110.54,BRL,gameplay
EV0006289,E006084,P100087,G003,2024-06-13 21:45:04,47.22,GBP,tournament
EV0001432,E001432,P100059,G017,2024-02-06 10:45:23,17.85,GBP,gameplay
EV0005744,E005567,P100196,G014,2024-05-31 01:58:44,83.22,BRL,bonus
EV0005491,E005333,P100153,G014,2024-05-19 13:00:24,12.84,EUR,gameplay
EV0004258,E004195,P100158,G016,2024-04-04 05:51:30,188.48,BRL,bonus
EV0002147,E002147,P100183,G008,2024-02-04 23:13:17,23.95,EUR,gameplay
EV0000158,E000158,P100026,G014,2024-01-11 09:37:46,11.15,GBP,gameplay
EV0003872,E003841,P100094,G010,2024-04-21 09:24:17,13.93,EUR,gameplay
EV0006598,E006369,P100137,G010,2024-06-01 15:28:48,9.83,USD,gameplay
EV0006252,E006048,P100081,G014,2024-06-09 19:47:11,690.24,BRL,tournament
EV0002089,E002089,P100173,G018,2024-02-17 23:47:13,35.66,USD,gameplay
EV0004937,E004827,P100063,G010,2024-05-12 07:11:02,122.98,BRL,gameplay
EV0003878,E003847,P100095,G014,2024-04-01 10:48:37,7.87,USD,gameplay
EV0004779,E004682,P100040,G007,2024-05-21 11:51:47,16.08,USD,gameplay
EV0001247,E001247,P100020,G012,2024-02-09 18:38:27,94.14,BRL,gameplay
EV0004137,E004083,P100139,G017,2024-04-26 17:18:44,33.46,USD,gameplay
EV0003974,E003934,P100112,G015,2024-04-05 22:54:00,102.6,BRL,gameplay
EV0000574,E000574,P100101,G009,2024-01-12 09:13:48,83.25,BRL,gameplay
EV0001996,E001996,P100156,G018,2024-02-07 17:38:55,32.36,USD,gameplay
EV0001200,E001200,P100013,G014,2024-02-27 20:48:08,197.26,BRL,gameplay
EV0005577,E005411,P100165,G016,2024-05-01 22:46:17,27.26,EUR,gameplay
EV0006769,E006531,P100166,G003,2024-06-30 17:52:45,35.87,USD,gameplay
EV0002304,E002304,P100009,G005,2024-03-17 09:03:13,28.0,GBP,gameplay
EV0000865,E000865,P100149,G016,2024-01-24 18:23:59,35.91,EUR,gameplay
EV0001613,E001613,P100089,G007,2024-02-23 10:33:58,23.45,EUR,gameplay
EV0005488,E005331,P100153,G014,2024-05-03 03:58:34,12.11,EUR,gameplay
EV0005980,E005791,P100035,G003,2024-06-08 09:31:26,21.5,GBP,gameplay
EV0000923,E000923,P100161,G012,2024-01-16 20:42:03,116.37,EUR,tournament
EV0004236,E004175,P100153,G014,2024-04-10 19:16:10,31.25,EUR,gameplay
EV0005557,E005393,P100163,G003,2024-05-12 10:46:26,186.13,BRL,gameplay
EV0004912,E004806,P100060,G014,2024-05-09 06:57:05,14.05,EUR,gameplay
EV0003377,E003371,P100012,G004,2024-04-02 06:44:18,16.13,USD,gameplay
EV0002661,E002661,P100078,G014,2024-03-13 06:09:34,31.92,EUR,gameplay
EV0003669,E003645,P100058,G014,2024-04-19 16:30:13,98.01,BRL,gameplay
EV0003492,E003478,P100030,G008,2024-04-19 11:00:39,12.62,GBP,bonus
EV0002851,E002851,P100116,G013,2024-03-02 18:19:51,74.5,EUR,bonus
EV0005421,E005270,P100141,G016,2024-05-05 10:06:59,69.79,BRL,gameplay
EV0001427,E001427,P100057,G004,2024-02-20 13:40:15,18.1,USD,gameplay
EV0004790,E004693,P100041,G012,2024-05-29 13:59:07,206.74,USD,tournament
EV0005909,E005725,P100024,G007,2024-06-08 05:27:17,63.1,BRL,gameplay
EV0006499,E006276,P100121,G009,2024-06-05 21:14:38,57.92,USD,bonus
EV0004550,E004465,P100200,G018,2024-04-14 03:32:47,25.69,EUR,gameplay
EV0005290,E005150,P100120,G010,2024-05-06 03:21:59,215.82,BRL,bonus
EV0005398,E005248,P100137,G010,2024-05-31 10:26:36,28.1,USD,bonus
EV0004510,E004431,P100194,G005,2024-04-13 23:23:04,79.1,BRL,gameplay
EV0002487,E002487,P100046,G011,2024-03-20 15:11:34,117.38,BRL,bonus
EV0003982,E003941,P100112,G015,2024-04-05 21:31:12,172.01,BRL,gameplay
EV0001575,E001575,P100083,G013,2024-02-07 12:27:20,129.95,BRL,gameplay
EV0002666,E002666,P100078,G014,2024-03-06 03:02:24,18.02,EUR,gameplay
EV0000153,E000153,P100025,G016,2024-01-24 14:41:16,90.24,GBP,tournament
EV0002793,E002793,P100104,G008,2024-03-07 11:09:45,103.63,BRL,gameplay
EV0002552,E002552,P100059,G017,2024-03-18 13:23:41,27.92,GBP,gameplay
EV0006733,E006496,P100159,G010,2024-06-23 22:00:51,51.48,BRL,gameplay
EV0006977,E006727,P100202,G012,2024-06-03 18:52:32,62.72,USD,bonus
EV0003581,E003562,P100044,G007,2024-04-28 05:37:47,24.31,EUR,gameplay
EV0004146,E004092,P100141,G016,2024-04-26 03:37:08,173.13,BRL,bonus
EV0000095,E000095,P100015,G006,2024-01-05 20:19:39,22.46,EUR,gameplay
EV0006435,E006215,P100110,G018,2024-06-17 12:25:23,114.61,BRL,gameplay
EV0002565,E002565,P100062,G010,2024-03-04 17:10:57,15.14,USD,gameplay
EV0000533,E000533,P100093,G007,2024-01-21 21:29:21,45.67,EUR,bonus
EV0000565,E000565,P100100,G011,2024-01-20 06:49:46,798.21,BRL,tournament
EV0002406,E002406,P100028,G006,2024-03-12 17:14:44,25.24,GBP,gameplay
EV0002269,E002269,P100004,G008,2024-03-15 14:15:43,22.98,EUR,bonus
EV0002625,E002625,P100071,G004,2024-03-03 00:28:23,38.97,USD,gameplay
EV0000139,E000139,P100022,G001,2024-01-23 02:22:59,13.94,EUR,gameplay
EV0005157,E005026,P100099,G015,2024-05-13 22:16:13,16.57,USD,gameplay
EV0002261,E002261,P100003,G012,2024-03-04 12:37:41,146.34,BRL,gameplay
EV0005295,E005154,P100121,G009,2024-05-12 17:14:48,11.96,USD,gameplay
EV0001278,E001278,P100027,G011,2024-02-10 23:12:30,5.73,USD,gameplay
EV0005959,E005772,P100032,G015,2024-06-04 01:14:51,25.29,USD,gameplay
EV0004712,E004619,P100026,G014,2024-05-05 06:43:31,10.6,GBP,gameplay
EV0000170,E000170,P100027,G011,2024-01-05 16:26:29,6.95,USD,gameplay
EV0000173,E000173,P100028,G006,2024-01-18 01:59:57,22.93,GBP,gameplay
EV0000185,E000185,P100029,G018,2024-01-25 01:08:32,31.4,USD,gameplay
EV0001460,E001460,P100062,G010,2024-02-22 17:11:02,11.0,USD,gameplay
EV0006720,E006485,P100158,G016,2024-06-28 07:40:15,70.52,BRL,gameplay
EV0002718,E002718,P100090,G004,2024-03-31 15:48:57,34.34,EUR,bonus
EV0001805,E001805,P100121,G009,2024-02-22 18:00:23,38.33,USD,gameplay
EV0001129,E001129,P100001,G003,2024-02-11 06:38:54,198.24,BRL,gameplay
EV0002887,E002887,P100121,G009,2024-03-02 04:15:32,33.42,USD,bonus
EV0006181,E005984,P100069,G003,2024-06-28 17:28:40,17.97,GBP,gameplay
EV0001166,E001166,P100007,G013,2024-02-24 14:17:59,35.99,EUR,gameplay
EV0002654,E002654,P100077,G008,2024-03-09 07:15:03,36.9,USD,gameplay
EV0000947,E000947,P100166,G003,2024-01-24 10:26:22,21.42,USD,gameplay
EV0000366,E000366,P100062,G010,2024-01-31 06:08:49,13.18,USD,gameplay
EV0001789,E001789,P100119,G014,2024-02-25 12:03:59,39.57,USD,gameplay
EV0001567,E001567,P100083,G013,2024-02-22 04:59:34,288.46,BRL,bonus
EV0002580,E002580,P100065,G007,2024-03-15 21:05:21,31.59,USD,gameplay
EV0004518,E004439,P100196,G014,2024-04-19 08:52:35,35.97,BRL,gameplay
EV0002602,E002602,P100068,G007,2024-03-27 11:47:15,100.85,BRL,gameplay
EV0001407,E001407,P100054,G015,2024-02-21 11:19:37,21.36,EUR,gameplay
EV0000353,E000353,P100060,G014,2024-01-25 09:20:05,65.34,EUR,bonus
EV0004964,E004851,P100066,G015,2024-05-18 17:49:33,128.13,BRL,bonus
EV0005382,E005234,P100134,G016,2024-05-30 15:46:28,396.07,BRL,bonus
EV0002788,E002788,P100103,G016,2024-03-20 12:28:13,19.34,GBP,gameplay
EV0003140,E003140,P100169,G012,2024-03-30 04:59:20,10.04,GBP,gameplay
EV0001754,E001754,P100114,G002,2024-02-24 17:38:53,8.81,GBP,gameplay
EV0005736,E005560,P100195,G012,2024-05-30 00:53:33,18.19,USD,gameplay
EV0005275,E005137,P100118,G003,2024-05-16 01:47:04,40.13,EUR,bonus
EV0002143,E002143,P100182,G006,2024-02-03 11:40:35,24.01,EUR,gameplay
EV0000057,E000057,P100009,G005,2024-01-21 12:23:16,16.67,GBP,gameplay
EV0001553,E001553,P100081,G014,2024-02-05 00:38:07,173.45,BRL,gameplay
EV0006113,E005920,P100059,G017,2024-06-23 04:07:23,5.36,GBP,gameplay
EV0000479,E000479,P100082,G009,2024-01-19 18:39:04,32.68,EUR,gameplay
EV0006413,E006197,P100107,G011,2024-06-09 12:24:58,15.33,USD,gameplay
EV0002376,E002376,P100023,G002,2024-03-30 03:50:10,16.68,EUR,gameplay
EV0001241,E001241,P100019,G014,2024-02-18 19:24:05,184.94,EUR,tournament
EV0003125,E003125,P100168,G004,2024-03-02 03:53:48,37.25,USD,bonus
EV0006472,E006251,P100116,G013,2024-06-23 11:07:58,11.62,EUR,gameplay
EV0003012,E003012,P100144,G016,2024-03-28 19:34:56,6.78,USD,gameplay
EV0001913,E001913,P100140,G017,2024-02-19 23:44:27,4.69,GBP,gameplay
EV0003233,E003233,P100187,G016,2024-03-24 09:41:26,65.22,USD,bonus
EV0005716,E005543,P100192,G008,2024-05-16 03:23:10,145.61,GBP,tournament
EV0004186,E004129,P100146,G015,2024-04-09 13:05:28,56.49,BRL,gameplay
EV0004643,E004552,P100016,G016,2024-05-16 00:42:02,35.59,USD,gameplay
EV0001173,E001173,P100008,G018,2024-02-29 01:12:10,36.79,EUR,bonus
EV0006160,E005964,P100066,G015,2024-06-01 18:27:32,176.14,BRL,gameplay
EV0005065,E004944,P100084,G001,2024-05-26 19:41:33,7.44,EUR,gameplay
EV0005823,E005644,P100008,G018,2024-06-15 21:49:33,35.62,EUR,gameplay
EV0006935,E006687,P100193,G004,2024-06-09 00:27:08,7.8,GBP,gameplay
EV0001181,E001181,P100010,G005,2024-02-25 10:21:53,25.99,USD,gameplay
EV0000627,E000627,P100111,G005,2024-01-06 11:38:45,51.39,BRL,gameplay
EV0000088,E000088,P100014,G004,2024-01-23 23:30:33,17.52,EUR,gameplay
EV0002157,E002157,P100185,G012,2024-02-18 14:31:44,26.51,GBP,gameplay
EV0004662,E004570,P100018,G018,2024-05-25 03:59:41,24.66,GBP,gameplay
EV0006287,E006082,P100087,G003,2024-06-05 08:24:35,27.9,GBP,gameplay
EV0006295,E006090,P100088,G012,2024-06-21 13:16:40,158.14,BRL,gameplay
EV0004271,E004208,P100159,G010,2024-04-01 07:55:25,539.16,BRL,tournament
EV0003213,E003213,P100182,G006,2024-03-03 01:49:22,29.97,EUR,gameplay
EV0005851,E005670,P100014,G004,2024-06-19 02:39:07,22.86,EUR,gameplay
EV0006345,E006134,P100095,G014,2024-06-07 20:52:36,94.79,USD,tournament
EV0001196,E001196,P100012,G004,2024-02-12 13:38:46,22.72,USD,gameplay
EV0002064,E002064,P100169,G012,2024-02-16 22:08:46,83.14,GBP,tournament
EV0004321,E004253,P100166,G003,2024-04-16 00:03:35,22.22,USD,gameplay
EV0001404,E001404,P100054,G015,2024-02-07 18:08:40,30.36,EUR,gameplay
EV0005029,E004914,P100078,G014,2024-05-04 23:33:24,20.19,EUR,gameplay
EV0000620,E000620,P100110,G018,2024-01-12 12:30:58,184.22,BRL,gameplay
EV0006675,E006443,P100151,G004,2024-06-15 21:14:41,33.94,USD,gameplay
EV0002166,E002166,P100187,G016,2024-02-16 05:30:47,54.26,USD,bonus
EV0001333,E001333,P100039,G003,2024-02-02 09:56:18,19.76,GBP,gameplay
EV0003302,E003302,P100204,G001,2024-03-02 05:38:39,17.07,GBP,gameplay
EV0004467,E004391,P100189,G009,2024-04-08 20:30:07,28.09,EUR,gameplay
EV0004778,E004681,P100040,G007,2024-05-13 13:37:35,21.76,USD,gameplay
EV0002215,E002215,P100197,G002,2024-02-03 20:14:08,24.13,GBP,gameplay
EV0002574,E002574,P100063,G010,2024-03-05 03:59:50,95.02,BRL,gameplay
EV0006364,E006153,P100099,G015,2024-06-03 08:42:37,64.94,USD,bonus
EV0000265,E000265,P100042,G017,2024-01-12 00:30:06,112.81,BRL,gameplay
EV0005070,E004949,P100085,G009,2024-05-23 07:14:06,24.25,GBP,gameplay
EV0005078,E004957,P100086,G013,2024-05-24 14:50:16,59.39,BRL,gameplay
EV0003021,E003021,P100147,G014,2024-03-31 03:28:50,11.66,USD,gameplay
EV0002519,E002519,P100054,G015,2024-03-23 12:02:44,5.03,EUR,gameplay
EV0002667,E002667,P100078,G014,2024-03-28 06:12:48,186.32,EUR,tournament
EV0002184,E002184,P100189,G009,2024-02-14 07:53:12,23.05,EUR,gameplay
EV0003067,E003067,P100155,G009,2024-03-28 16:57:00,22.84,EUR,gameplay
EV0003290,E003290,P100198,G007,2024-03-10 05:06:05,31.75,USD,gameplay
EV0003380,E003374,P100012,G004,2024-04-21 01:34:34,31.36,USD,gameplay
EV0002820,E002820,P100111,G005,2024-03-06 16:54:31,191.25,BRL,gameplay
EV0001345,E001345,P100042,G017,2024-02-07 07:53:45,148.16,BRL,bonus
EV0000733,E000733,P100129,G004,2024-01-07 10:26:19,27.63,BRL,gameplay
EV0000161,E000161,P100026,G014,2024-01-25 09:44:07,56.06,GBP,bonus
EV0001203,E001203,P100013,G014,2024-02-03 13:23:11,75.29,BRL,gameplay
EV0000049,E000049,P100008,G018,2024-01-29 02:01:16,24.55,EUR,gameplay
EV0001450,E001450,P100061,G003,2024-02-27 14:21:50,19.92,EUR,gameplay
EV0000536,E000536,P100094,G010,2024-01-22 07:00:21,7.78,EUR,gameplay
EV0005704,E005532,P100191,G004,2024-05-30 04:34:19,16.26,GBP,gameplay
EV0003688,E003664,P100060,G014,2024-04-20 09:58:33,64.5,EUR,bonus
EV0006142,E005947,P100063,G010,2024-06-01 17:41:34,1262.93,BRL,tournament
EV0001811,E001811,P100123,G010,2024-02-29 03:05:51,135.33,BRL,gameplay
EV0004317,E004250,P100166,G003,2024-04-01 11:22:34,17.39,USD,gameplay
EV0005132,E005005,P100095,G014,2024-05-15 13:47:53,15.95,USD,gameplay
EV0005922,E005737,P100026,G014,2024-06-24 00:31:46,5.88,GBP,gameplay
EV0003102,E003102,P100164,G018,2024-03-10 04:34:50,33.89,EUR,gameplay
EV0003052,E003052,P100153,G014,2024-03-14 08:55:18,17.08,EUR,gameplay
EV0005562,E005398,P100163,G003,2024-05-11 20:39:37,115.82,BRL,gameplay
EV0001305,E001305,P100033,G010,2024-02-29 16:18:26,50.82,GBP,bonus
EV0006430,E006211,P100109,G007,2024-06-23 22:25:57,188.64,GBP,tournament
EV0003322,E003320,P100002,G004,2024-04-18 00:21:12,12.16,USD,gameplay
EV0006063,E005871,P100050,G007,2024-06-10 14:25:48,26.95,USD,gameplay
EV0006206,E006008,P100073,G015,2024-06-06 16:03:39,9.53,USD,gameplay
EV0001340,E001340,P100040,G007,2024-02-24 08:41:05,72.3,USD,bonus
EV0003239,E003239,P100188,G015,2024-03-17 07:26:16,27.53,GBP,gameplay
EV0005038,E004922,P100081,G014,2024-05-01 01:48:37,787.6,BRL,tournament
EV0003744,E003717,P100067,G011,2024-04-26 23:39:03,48.7,USD,bonus
EV0006759,E006521,P100163,G003,2024-06-14 21:41:42,107.1,BRL,gameplay
EV0000998,E000998,P100176,G008,2024-01-21 00:30:58,7.74,GBP,gameplay
EV0006942,E006693,P100195,G012,2024-06-24 11:32:39,10.52,USD,gameplay
EV0005347,E005202,P100127,G015,2024-05-18 16:40:28,59.62,GBP,bonus
EV0004930,E004821,P100062,G010,2024-05-02 07:41:49,31.64,USD,gameplay
EV0005662,E005491,P100182,G006,2024-05-22 01:46:11,22.87,EUR,gameplay
EV0006346,E006135,P100096,G014,2024-06-18 11:24:33,174.45,BRL,gameplay
EV0003826,E003797,P100086,G013,2024-04-26 11:58:00,196.96,BRL,gameplay
EV0006367,E006156,P100100,G011,2024-06-26 18:43:07,94.59,BRL,gameplay
EV0001970,E001970,P100150,G010,2024-02-13 13:59:04,56.73,EUR,bonus
EV0001945,E001945,P100147,G014,2024-02-28 04:19:40,28.65,USD,gameplay
EV0001635,E001635,P100093,G007,2024-02-09 13:33:45,139.99,EUR,tournament
EV0003827,E003797,P100086,G013,2024-04-26 11:58:15,196.96,BRL,gameplay
EV0004943,E004833,P100064,G006,2024-05-16 00:29:07,5.26,GBP,gameplay
EV0004534,E004451,P100198,G007,2024-04-03 14:19:54,35.04,USD,gameplay
EV0002731,E002731,P100094,G010,2024-03-30 03:06:10,27.71,EUR,gameplay
EV0001377,E001377,P100048,G005,2024-02-26 22:14:14,162.88,EUR,tournament
EV0001744,E001744,P100112,G015,2024-02-16 19:55:10,128.45,BRL,gameplay
EV0005115,E004991,P100092,G001,2024-05-11 19:51:39,132.86,BRL,gameplay
EV0002195,E002195,P100192,G008,2024-02-11 20:57:06,16.68,GBP,gameplay
EV0000815,E000815,P100141,G016,2024-01-17 09:21:31,68.43,BRL,gameplay
EV0000664,E000664,P100119,G014,2024-01-08 20:00:10,6.26,USD,gameplay
EV0001815,E001815,P100123,G010,2024-02-15 17:24:07,64.85,BRL,gameplay
EV0005747,E005570,P100197,G002,2024-05-19 13:07:32,13.62,GBP,gameplay
EV0000507,E000507,P100088,G012,2024-01-22 15:09:05,343.02,BRL,bonus
EV0003805,E003776,P100081,G014,2024-04-12 21:31:11,149.22,BRL,gameplay
EV0002114,E002114,P100177,G012,2024-02-23 23:26:01,114.78,BRL,gameplay
EV0003126,E003126,P100168,G004,2024-03-03 21:12:52,12.07,USD,gameplay
EV0003824,E003795,P100086,G013,2024-04-20 19:47:30,817.41,BRL,tournament
EV0006471,E006250,P100116,G013,2024-06-11 19:04:22,5.87,EUR,gameplay
EV0001742,E001742,P100112,G015,2024-02-23 22:09:24,49.76,BRL,gameplay
EV0006864,E006620,P100183,G008,2024-06-04 08:23:41,15.19,EUR,gameplay
EV0000837,E000837,P100145,G002,2024-01-20 15:44:20,37.7,EUR,bonus
EV0004454,E004379,P100187,G016,2024-04-18 13:29:23,21.49,USD,gameplay
EV0005908,E005724,P100024,G007,2024-06-06 07:20:43,81.92,BRL,gameplay
EV0006133,E005938,P100062,G010,2024-06-22 02:30:48,21.37,USD,gameplay
EV0001069,E001069,P100190,G017,2024-01-10 03:58:01,53.56,BRL,gameplay
EV0002291,E002291,P100007,G013,2024-03-19 16:20:33,51.67,EUR,bonus
EV0001672,E001672,P100100,G011,2024-02-03 01:24:26,134.63,BRL,gameplay
EV0004036,E003991,P100122,G009,2024-04-20 23:33:44,6.27,EUR,gameplay
EV0000884,E000884,P100154,G013,2024-01-18 00:13:36,14.84,EUR,gameplay
EV0002174,E002174,P100187,G016,2024-02-03 06:52:48,183.93,USD,tournament
EV0001524,E001524,P100076,G010,2024-02-13 23:23:24,28.83,GBP,gameplay
EV0002168,E002168,P100187,G016,2024-02-05 22:47:11,36.3,USD,gameplay
EV0004670,E004578,P100019,G014,2024-05-10 22:49:01,157.92,EUR,tournament
EV0003396,E003388,P100014,G004,2024-04-13 21:55:17,16.81,EUR,gameplay
EV0005949,E005763,P100030,G008,2024-06-30 11:28:14,8.58,GBP,gameplay
EV0002320,E002320,P100012,G004,2024-03-06 05:39:42,18.87,USD,gameplay
EV0004448,E004373,P100186,G002,2024-04-11 15:40:40,8.46,GBP,bonus
EV0004767,E004670,P100038,G013,2024-05-03 03:23:33,43.81,BRL,gameplay
EV0001746,E001746,P100112,G015,2024-02-05 05:30:47,169.6,BRL,gameplay
EV0003631,E003609,P100053,G004,2024-04-04 06:48:25,298.27,BRL,bonus
EV0003567,E003548,P100042,G017,2024-04-05 05:46:48,203.27,BRL,gameplay
EV0000011,E000011,P100002,G004,2024-01-15 21:59:56,201.98,USD,tournament
EV0000989,E000989,P100174,G005,2024-01-15 09:41:12,12.15,GBP,bonus
EV0005800,E005622,P100005,G002,2024-06-18 02:23:50,36.87,EUR,gameplay
EV0004691,E004599,P100022,G001,2024-05-04 11:43:15,20.98,EUR,bonus
EV0004512,E004433,P100194,G005,2024-04-10 09:50:24,376.16,BRL,bonus
EV0000913,E000913,P100159,G010,2024-01-12 15:29:54,108.4,BRL,gameplay
EV0000346,E000346,P100058,G014,2024-01-29 18:43:46,160.65,BRL,gameplay
EV0005913,E005728,P100024,G007,2024-06-13 02:47:47,85.27,BRL,gameplay
EV0000699,E000699,P100124,G017,2024-01-27 20:06:28,12.86,EUR,gameplay
EV0006283,E006078,P100086,G013,2024-06-05 20:24:50,74.86,BRL,gameplay
EV0004089,E004040,P100132,G007,2024-04-14 13:16:08,5.08,GBP,gameplay
EV0006791,E006551,P100171,G015,2024-06-19 22:44:02,18.96,USD,gameplay
EV0004541,E004457,P100199,G018,2024-04-24 10:21:04,39.05,USD,gameplay
EV0000458,E000458,P100079,G014,2024-01-28 07:41:14,38.77,USD,gameplay
EV0000638,E000638,P100114,G002,2024-01-07 16:55:58,6.84,GBP,gameplay
EV0005618,E005449,P100174,G005,2024-05-11 23:55:43,17.29,GBP,bonus
EV0002281,E002281,P100005,G002,2024-03-21 22:04:29,7.88,EUR,gameplay
EV0005299,E005158,P100122,G009,2024-05-10 01:58:51,57.56,EUR,bonus
EV0003594,E003574,P100047,G018,2024-04-21 17:44:20,57.08,EUR,bonus
EV0002332,E002332,P100014,G004,2024-03-23 15:15:17,36.21,EUR,gameplay
EV0006574,E006346,P100133,G002,2024-06-21 23:16:29,60.94,GBP,tournament
EV0006296,E006091,P100088,G012,2024-06-14 07:10:29,63.45,BRL,gameplay
EV0006416,E006198,P100107,G011,2024-06-22 01:46:47,101.84,USD,tournament
EV0003838,E003808,P100088,G012,2024-04-25 05:11:54,192.02,BRL,gameplay
EV0004515,E004436,P100195,G012,2024-04-11 00:10:57,20.47,USD,gameplay
EV0003869,E003838,P100093,G007,2024-04-26 00:44:02,23.24,EUR,gameplay
EV0003544,E003526,P100039,G003,2024-04-18 08:11:50,6.7,GBP,gameplay
EV0001981,E001981,P100152,G002,2024-02-03 14:27:40,9.83,USD,gameplay
EV0000751,E000751,P100132,G007,2024-01-29 01:31:45,7.55,GBP,gameplay
EV0003815,E003786,P100084,G001,2024-04-28 09:07:26,194.6,EUR,tournament
EV0003392,E003384,P100013,G014,2024-04-26 12:13:26,163.24,BRL,gameplay
EV0006590,E006361,P100135,G010,2024-06-08 16:05:07,23.02,EUR,gameplay
EV0004974,E004861,P100068,G007,2024-05-02 10:10:59,136.78,BRL,gameplay
EV0006909,E006662,P100189,G009,2024-06-26 19:25:31,10.1,EUR,gameplay
EV0002265,E002265,P100004,G008,2024-03-01 23:38:56,35.95,EUR,gameplay
EV0000993,E000993,P100175,G009,2024-01-08 15:24:04,39.87,USD,gameplay
EV0002243,E002243,P100208,G005,2024-02-11 03:14:14,39.16,USD,gameplay
EV0001590,E001590,P100086,G013,2024-02-15 20:10:36,972.23,BRL,tournament
EV0005002,E004889,P100073,G015,2024-05-20 05:44:06,31.22,USD,gameplay
EV0000438,E000438,P100075,G017,2024-01-28 00:50:44,105.39,BRL,gameplay
EV0005395,E005245,P100136,G004,2024-05-20 02:45:17,96.19,USD,tournament
EV0000527,E000527,P100092,G001,2024-01-16 10:15:21,76.36,BRL,bonus
EV0006197,E005999,P100071,G004,2024-06-07 15:29:16,8.84,USD,gameplay
EV0004192,E004135,P100147,G014,2024-04-23 06:50:16,134.4,USD,tournament
EV0000745,E000745,P100131,G004,2024-01-23 19:09:23,146.17,BRL,gameplay
EV0001837,E001837,P100128,G016,2024-02-21 02:13:43,16.98,GBP,gameplay
EV0001702,E001702,P100105,G012,2024-02-09 05:16:01,72.35,GBP,tournament
EV0002483,E002483,P100045,G009,2024-03-09 00:56:38,41.96,BRL,gameplay
EV0001675,E001675,P100101,G009,2024-02-23 13:15:20,192.53,BRL,gameplay
EV0000187,E000187,P100029,G018,2024-01-27 10:15:19,32.04,USD,gameplay
EV0003491,E003477,P100030,G008,2024-04-26 11:35:41,5.62,GBP,gameplay
EV0000778,E000778,P100136,G004,2024-01-01 16:08:56,14.96,USD,gameplay
EV0003267,E003267,P100194,G005,2024-03-25 17:31:38,33.18,BRL,gameplay
EV0000337,E000337,P100056,G017,2024-01-27 20:43:41,136.27,BRL,gameplay
EV0001431,E001431,P100059,G017,2024-02-29 20:48:32,14.33,GBP,gameplay
EV0004344,E004275,P100171,G015,2024-04-08 10:44:48,19.26,USD,gameplay
EV0003989,E003948,P100113,G016,2024-04-26 09:09:01,25.07,USD,gameplay
EV0002860,E002860,P100117,G002,2024-03-10 07:39:51,26.56,GBP,gameplay
EV0005158,E005026,P100099,G015,2024-05-13 22:16:39,16.57,USD,gameplay
EV0001858,E001858,P100132,G007,2024-02-20 06:33:13,14.26,GBP,gameplay
EV0003152,E003152,P100172,G002,2024-03-06 02:00:53,10.29,EUR,gameplay
EV0006457,E006237,P100115,G008,2024-06-30 12:41:12,255.24,BRL,bonus
EV0006144,E005949,P100063,G010,2024-06-28 12:07:23,169.28,BRL,gameplay
EV0003873,E003842,P100094,G010,2024-04-20 21:39:46,21.35,EUR,gameplay
EV0002537,E002537,P100056,G017,2024-03-12 01:09:57,190.53,BRL,gameplay
EV0004332,E004263,P100168,G004,2024-04-27 13:31:02,63.35,USD,bonus
EV0000889,E000889,P100154,G013,2024-01-29 07:23:28,7.44,EUR,gameplay
EV0002137,E002137,P100181,G001,2024-02-19 20:10:09,183.05,BRL,gameplay
EV0006906,E006659,P100188,G015,2024-06-14 14:50:37,26.5,GBP,gameplay
EV0006461,E006241,P100115,G008,2024-06-03 02:46:27,128.02,BRL,gameplay
EV0005813,E005634,P100007,G013,2024-06-29 17:49:07,15.34,EUR,gameplay
EV0002567,E002567,P100063,G010,2024-03-16 22:17:44,123.13,BRL,gameplay
EV0002534,E002534,P100056,G017,2024-03-08 19:33:18,75.19,BRL,bonus
EV0001388,E001388,P100052,G011,2024-02-18 14:20:00,28.63,GBP,gameplay
EV0001606,E001606,P100089,G007,2024-02-18 22:52:50,31.92,EUR,gameplay
EV0003038,E003038,P100150,G010,2024-03-30 03:55:25,31.03,EUR,gameplay
EV0000802,E000802,P100139,G017,2024-01-22 11:09:48,26.34,USD,bonus
EV0006630,E006400,P100144,G016,2024-06-05 13:18:05,42.04,USD,bonus
EV0000010,E000010,P100002,G004,2024-01-06 20:31:29,181.1,USD,tournament
EV0003304,E003304,P100206,G011,2024-03-10 16:41:57,7.21,GBP,gameplay
EV0002256,E002256,P100002,G004,2024-03-29 19:17:20,12.62,USD,gameplay
EV0004965,E004852,P100067,G011,2024-05-21 07:25:46,26.12,USD,gameplay
EV0006094,E005902,P100056,G017,2024-06-04 02:57:29,61.28,BRL,gameplay
EV0003133,E003133,P100169,G012,2024-03-13 05:03:45,19.85,GBP,gameplay
EV0006282,E006077,P100086,G013,2024-06-26 13:25:19,83.36,BRL,gameplay
EV0002916,E002916,P100127,G015,2024-03-23 17:12:30,17.8,GBP,gameplay
EV0006464,E006243,P100116,G013,2024-06-27 15:55:13,16.19,EUR,gameplay
EV0002027,E002027,P100161,G012,2024-02-27 08:54:11,26.17,EUR,gameplay
EV0006702,E006469,P100156,G018,2024-06-20 06:43:22,32.72,USD,gameplay
EV0001246,E001246,P100020,G012,2024-02-12 16:12:31,42.37,BRL,gameplay
EV0005134,E005007,P100095,G014,2024-05-04 04:26:39,51.83,USD,bonus
EV0002750,E002750,P100097,G014,2024-03-13 00:12:42,12.4,GBP,gameplay
EV0002073,E002073,P100170,G018,2024-02-08 05:18:58,22.03,USD,gameplay
EV0004024,E003980,P100119,G014,2024-04-10 23:26:56,111.52,USD,tournament
EV0000141,E000141,P100022,G001,2024-01-23 08:08:06,34.84,EUR,gameplay
EV0004696,E004603,P100023,G002,2024-05-02 03:36:15,26.72,EUR,gameplay
EV0006384,E006170,P100102,G014,2024-06-06 13:44:50,34.51,USD,gameplay
EV0004315,E004248,P100166,G003,2024-04-22 05:55:34,29.33,USD,gameplay
EV0003472,E003460,P100027,G011,2024-04-10 02:35:54,36.61,USD,bonus
EV0006867,E006623,P100183,G008,2024-06-24 16:05:08,7.25,EUR,gameplay
EV0004498,E004422,P100193,G004,2024-04-15 17:03:55,31.96,GBP,bonus
EV0002418,E002418,P100030,G008,2024-03-25 10:00:40,21.82,GBP,gameplay
EV0005495,E005337,P100153,G014,2024-05-18 17:42:49,20.64,EUR,gameplay
EV0002936,E002936,P100130,G013,2024-03-18 17:58:54,174.35,BRL,gameplay
EV0000371,E000371,P100062,G010,2024-01-23 07:22:25,20.38,USD,bonus
EV0002268,E002268,P100004,G008,2024-03-11 04:18:04,69.9,EUR,bonus
EV0005831,E005650,P100010,G005,2024-06-26 05:47:18,37.8,USD,gameplay
EV0002612,E002612,P100069,G003,2024-03-15 14:28:09,186.95,GBP,tournament
EV0003284,E003284,P100197,G002,2024-03-04 04:58:11,14.06,GBP,gameplay
EV0001139,E001139,P100002,G004,2024-02-28 17:34:01,17.03,USD,gameplay
EV0000675,E000675,P100120,G010,2024-01-11 13:22:33,65.37,BRL,gameplay
EV0001812,E001812,P100123,G010,2024-02-01 19:59:26,344.11,BRL,tournament
EV0004803,E004706,P100043,G004,2024-05-16 02:38:11,12.25,USD,gameplay
EV0003874,E003843,P100094,G010,2024-04-30 11:52:49,10.15,EUR,gameplay
EV0002970,E002970,P100137,G010,2024-03-17 09:47:25,35.17,USD,gameplay
EV0003921,E003885,P100103,G016,2024-04-21 13:51:35,9.14,GBP,gameplay
EV0003157,E003157,P100172,G002,2024-03-08 03:54:32,31.71,EUR,gameplay
EV0003442,E003431,P100022,G001,2024-04-09 12:14:02,172.22,EUR,tournament
EV0002258,E002258,P100003,G012,2024-03-08 12:31:48,119.62,BRL,gameplay
EV0006163,E005967,P100066,G015,2024-06-16 18:18:53,228.42,BRL,bonus
EV0000833,E000833,P100144,G016,2024-01-21 11:11:54,143.75,USD,tournament
EV0004286,E004222,P100162,G002,2024-04-17 23:12:48,11.1,EUR,gameplay
EV0003622,E003601,P100050,G007,2024-04-16 06:41:10,6.7,USD,gameplay
EV0005565,E005400,P100164,G018,2024-05-22 05:21:08,28.77,EUR,gameplay
EV0005900,E005716,P100021,G003,2024-06-27 16:40:16,26.84,USD,bonus
EV0000992,E000992,P100175,G009,2024-01-07 04:02:12,40.66,USD,bonus
EV0004095,E004045,P100133,G002,2024-04-25 11:49:15,22.54,GBP,gameplay
EV0003485,E003471,P100028,G006,2024-04-30 22:57:21,14.6,GBP,gameplay
EV0002878,E002878,P100120,G010,2024-03-08 22:30:27,81.98,BRL,gameplay
EV0006540,E006314,P100128,G016,2024-06-08 02:52:16,21.14,GBP,bonus
EV0002493,E002493,P100047,G018,2024-03-16 06:38:09,34.26,EUR,gameplay
EV0002725,E002725,P100093,G007,2024-03-17 15:11:57,8.56,EUR,gameplay
EV0000129,E000129,P100020,G012,2024-01-07 13:32:49,97.46,BRL,gameplay
EV0005475,E005318,P100150,G010,2024-05-05 16:39:31,29.44,EUR,gameplay
EV0003161,E003161,P100173,G018,2024-03-13 15:15:57,29.5,USD,gameplay
EV0006903,E006656,P100187,G016,2024-06-30 11:49:49,74.48,USD,bonus
EV0002832,E002832,P100114,G002,2024-03-04 04:47:45,16.53,GBP,bonus
EV0006931,E006683,P100192,G008,2024-06-29 01:08:24,6.92,GBP,gameplay
EV0003676,E003652,P100059,G017,2024-04-04 18:04:22,5.08,GBP,gameplay
EV0004941,E004831,P100064,G006,2024-05-23 09:41:31,17.8,GBP,gameplay
EV0002914,E002914,P100126,G009,2024-03-26 06:34:16,56.55,BRL,gameplay
EV0003316,E003314,P100002,G004,2024-04-01 23:06:21,10.18,USD,gameplay
EV0006255,E006051,P100081,G014,2024-06-04 15:58:59,61.17,BRL,gameplay
EV0001491,E001491,P100070,G013,2024-02-06 01:26:32,77.77,EUR,tournament
EV0001895,E001895,P100138,G008,2024-02-08 03:14:07,6.28,EUR,gameplay
EV0003617,E003596,P100050,G007,2024-04-04 21:57:10,21.03,USD,gameplay
EV0000142,E000142,P100022,G001,2024-01-08 01:42:57,23.63,EUR,gameplay
EV0000670,E000670,P100119,G014,2024-01-17 09:21:07,24.55,USD,gameplay
EV0000223,E000223,P100036,G008,2024-01-23 05:05:31,25.24,EUR,gameplay
EV0001287,E001287,P100028,G006,2024-02-17 01:51:04,27.04,GBP,gameplay
EV0003275,E003275,P100195,G012,2024-03-03 00:49:09,37.5,USD,gameplay
EV0001151,E001151,P100004,G008,2024-02-23 02:55:19,7.42,EUR,gameplay
EV0003635,E003613,P100053,G004,2024-04-24 11:39:22,606.09,BRL,tournament
EV0000380,E000380,P100065,G007,2024-01-30 05:17:17,17.39,USD,gameplay
EV0002981,E002981,P100138,G008,2024-03-18 00:44:04,18.84,EUR,gameplay
EV0005932,E005747,P100028,G006,2024-06-14 23:01:09,22.04,GBP,gameplay
EV0002395,E002395,P100027,G011,2024-03-13 14:13:29,77.95,USD,bonus
EV0000453,E000453,P100078,G014,2024-01-23 06:17:23,34.35,EUR,gameplay
EV0005187,E005055,P100103,G016,2024-05-04 19:25:28,12.36,GBP,gameplay
EV0002745,E002745,P100096,G014,2024-03-13 17:40:40,42.85,BRL,gameplay
EV0004669,E004577,P100019,G014,2024-05-11 17:20:22,15.15,EUR,gameplay
EV0006676,E006444,P100151,G004,2024-06-02 12:51:30,105.13,USD,tournament
EV0004085,E004036,P100132,G007,2024-04-25 05:56:28,36.25,GBP,bonus
EV0004333,E004264,P100168,G004,2024-04-02 19:10:02,49.09,USD,bonus
EV0000224,E000224,P100036,G008,2024-01-11 18:54:06,165.59,EUR,tournament
EV0005462,E005307,P100149,G016,2024-05-01 21:12:06,30.76,EUR,gameplay
EV0005199,E005066,P100105,G012,2024-05-02 19:56:27,28.21,GBP,gameplay
EV0003583,E003564,P100045,G009,2024-04-13 05:09:36,136.24,BRL,gameplay
EV0004440,E004367,P100185,G012,2024-04-20 23:34:14,5.16,GBP,gameplay
EV0001799,E001799,P100120,G010,2024-02-24 23:52:47,200.22,BRL,gameplay
EV0003733,E003707,P100066,G015,2024-04-27 23:26:58,71.91,BRL,bonus
EV0004459,E004383,P100187,G016,2024-04-09 03:36:26,23.0,USD,gameplay
EV0006879,E006634,P100184,G014,2024-06-08 20:08:07,45.8,USD,bonus
EV0002028,E002028,P100161,G012,2024-02-01 14:02:22,5.21,EUR,gameplay
EV0003481,E003468,P100028,G006,2024-04-10 11:31:53,91.84,GBP,tournament
EV0003810,E003781,P100082,G009,2024-04-29 04:37:55,182.79,EUR,tournament
EV0001560,E001560,P100082,G009,2024-02-10 19:12:45,57.13,EUR,bonus
EV0003901,E003868,P100099,G015,2024-04-03 20:21:55,28.3,USD,gameplay
EV0001199,E001199,P100013,G014,2024-02-03 03:10:15,80.95,BRL,gameplay
EV0004131,E004079,P100138,G008,2024-04-08 05:57:10,5.74,EUR,gameplay
EV0004820,E004720,P100045,G009,2024-05-02 05:33:41,240.54,BRL,bonus
EV0002665,E002665,P100078,G014,2024-03-15 19:41:42,19.52,EUR,gameplay
EV0005583,E005417,P100167,G018,2024-05-22 02:04:04,19.5,EUR,gameplay
EV0004927,E004819,P100062,G010,2024-05-18 15:35:39,23.23,USD,gameplay
EV0000001,E000001,P100001,G003,2024-01-02 13:01:29,176.16,BRL,gameplay
EV0003305,E003305,P100207,G011,2024-03-06 21:40:41,35.99,EUR,gameplay
EV0000984,E000984,P100173,G018,2024-01-17 22:49:31,50.22,USD,bonus
EV0001523,E001523,P100075,G017,2024-02-05 06:00:00,108.53,BRL,gameplay
EV0006092,E005900,P100055,G007,2024-06-17 17:09:12,104.13,EUR,tournament
EV0005181,E005049,P100102,G014,2024-05-16 10:57:22,7.84,USD,gameplay
EV0005651,E005480,P100180,G018,2024-05-30 23:16:15,18.68,USD,gameplay
EV0006443,E006223,P100112,G015,2024-06-03 20:15:49,219.78,BRL,bonus
EV0005531,E005369,P100159,G010,2024-05-20 15:41:53,196.15,BRL,gameplay
EV0003870,E003839,P100094,G010,2024-04-18 07:53:59,23.32,EUR,gameplay
EV0004740,E004644,P100030,G008,2024-05-17 09:44:44,7.06,GBP,gameplay
EV0001596,E001596,P100087,G003,2024-02-02 03:15:25,14.75,GBP,gameplay
EV0003047,E003047,P100152,G002,2024-03-09 02:29:55,38.63,USD,gameplay
EV0001657,E001657,P100098,G009,2024-02-14 00:22:56,13.4,GBP,gameplay
EV0005591,E005423,P100168,G004,2024-05-30 05:51:39,12.81,USD,gameplay
EV0006925,E006677,P100191,G004,2024-06-07 02:14:30,20.38,GBP,gameplay
EV0003330,E003326,P100004,G008,2024-04-09 18:15:34,28.87,EUR,gameplay
EV0004529,E004447,P100197,G002,2024-04-09 19:37:49,30.22,GBP,gameplay
EV0005657,E005486,P100181,G001,2024-05-07 01:28:41,195.79,BRL,gameplay
EV0005235,E005100,P100110,G018,2024-05-15 20:45:06,1270.6,BRL,tournament
EV0004794,E004697,P100042,G017,2024-05-27 09:08:43,54.26,BRL,gameplay
EV0001104,E001104,P100197,G002,2024-01-04 06:09:32,28.65,GBP,gameplay
EV0006032,E005840,P100044,G007,2024-06-16 00:34:00,140.44,EUR,tournament
EV0003845,E003815,P100089,G007,2024-04-03 02:59:45,25.94,EUR,gameplay
EV0001030,E001030,P100182,G006,2024-01-21 19:57:10,30.19,EUR,gameplay
EV0006557,E006329,P100130,G013,2024-06-05 12:33:08,163.06,BRL,bonus
EV0002380,E002380,P100023,G002,2024-03-20 23:33:10,17.07,EUR,gameplay
EV0001515,E001515,P100074,G016,2024-02-06 23:12:15,19.86,EUR,gameplay
EV0002482,E002482,P100045,G009,2024-03-21 20:05:21,65.45,BRL,gameplay
EV0006233,E006032,P100078,G014,2024-06-02 16:07:36,6.09,EUR,gameplay
EV0006583,E006354,P100134,G016,2024-06-27 14:46:32,135.89,BRL,gameplay
EV0000551,E000551,P100097,G014,2024-01-12 21:08:45,11.79,GBP,gameplay
EV0005368,E005221,P100132,G007,2024-05-05 07:08:25,30.54,GBP,gameplay
EV0006547,E006321,P100129,G004,2024-06-29 00:40:08,173.64,BRL,gameplay
EV0002330,E002330,P100014,G004,2024-03-08 05:20:46,16.4,EUR,bonus
EV0002985,E002985,P100139,G017,2024-03-09 00:58:37,8.39,USD,gameplay
EV0002639,E002639,P100074,G016,2024-03-13 13:44:52,12.84,EUR,gameplay
EV0003112,E003112,P100165,G016,2024-03-17 04:42:57,34.2,EUR,gameplay
EV0001886,E001886,P100137,G010,2024-02-17 06:49:25,70.75,USD,bonus
EV0004826,E004726,P100046,G011,2024-05-10 14:57:44,322.32,BRL,bonus
EV0000929,E000929,P100163,G003,2024-01-02 11:57:35,1104.71,BRL,tournament
EV0006377,E006164,P100101,G009,2024-06-06 11:09:56,158.69,BRL,gameplay
EV0002349,E002349,P100016,G016,2024-03-25 02:49:43,39.75,USD,gameplay
EV0006375,E006163,P100101,G009,2024-06-18 07:23:24,79.78,BRL,gameplay
EV0000101,E000101,P100017,G008,2024-01-22 12:19:29,166.15,BRL,gameplay
EV0005061,E004942,P100084,G001,2024-05-11 16:22:14,17.33,EUR,gameplay
EV0000490,E000490,P100084,G001,2024-01-04 12:32:37,29.46,EUR,bonus
EV0000234,E000234,P100037,G017,2024-01-31 12:27:11,17.45,USD,gameplay
EV0000332,E000332,P100055,G007,2024-01-25 02:01:37,222.86,EUR,tournament
EV0001536,E001536,P100078,G014,2024-02-25 23:55:05,28.55,EUR,gameplay
EV0001040,E001040,P100183,G008,2024-01-28 18:47:37,27.4,EUR,gameplay
EV0005920,E005735,P100025,G016,2024-06-18 04:56:46,92.13,GBP,tournament
EV0005174,E005042,P100101,G009,2024-05-25 21:42:34,55.21,BRL,gameplay
EV0003059,E003059,P100154,G013,2024-03-29 22:07:25,23.97,EUR,gameplay
EV0002721,E002721,P100091,G006,2024-03-23 14:13:39,123.19,BRL,gameplay
EV0006031,E005839,P100043,G004,2024-06-30 18:26:34,94.52,USD,tournament
EV0000667,E000667,P100119,G014,2024-01-24 17:58:37,48.47,USD,bonus
EV0000596,E000596,P100105,G012,2024-01-13 17:35:05,19.46,GBP,gameplay
EV0003142,E003142,P100170,G018,2024-03-15 00:13:54,37.45,USD,gameplay
EV0006871,E006626,P100183,G008,2024-06-01 13:26:47,51.29,EUR,bonus
EV0003641,E003619,P100055,G007,2024-04-20 15:50:07,10.69,EUR,gameplay
EV0005867,E005684,P100016,G016,2024-06-03 08:41:03,35.33,USD,gameplay
EV0006783,E006544,P100169,G012,2024-06-06 06:00:17,22.24,GBP,gameplay
EV0005987,E005798,P100037,G017,2024-06-22 20:23:12,20.24,USD,gameplay
EV0005850,E005669,P100014,G004,2024-06-03 15:05:00,27.76,EUR,gameplay
EV0001821,E001821,P100124,G017,2024-02-17 23:38:20,202.99,EUR,tournament
EV0006750,E006513,P100161,G012,2024-06-19 05:11:56,7.65,EUR,gameplay
EV0004898,E004792,P100058,G014,2024-05-16 11:27:46,82.07,BRL,gameplay
EV0005343,E005198,P100127,G015,2024-05-04 03:37:40,91.96,GBP,tournament
EV0003593,E003573,P100047,G018,2024-04-09 06:50:26,35.98,EUR,gameplay
EV0001942,E001942,P100146,G015,2024-02-16 22:21:55,76.85,BRL,gameplay
EV0002275,E002275,P100005,G002,2024-03-18 22:01:28,24.63,EUR,gameplay
EV0006444,E006224,P100113,G016,2024-06-25 08:10:15,37.81,USD,gameplay
EV0006689,E006457,P100154,G013,2024-06-24 18:07:49,24.59,EUR,gameplay
EV0003912,E003876,P100100,G011,2024-04-09 01:23:44,197.3,BRL,bonus
EV0006187,E005989,P100070,G013,2024-06-02 02:01:11,31.73,EUR,gameplay
EV0003924,E003888,P100103,G016,2024-04-17 15:13:35,177.19,GBP,tournament
EV0002777,E002777,P100101,G009,2024-03-02 02:17:06,1259.3,BRL,tournament
EV0005506,E005346,P100156,G018,2024-05-01 07:13:54,30.4,USD,gameplay
EV0005483,E005326,P100152,G002,2024-05-25 08:31:40,24.37,USD,gameplay
EV0001992,E001992,P100154,G013,2024-02-14 19:47:39,6.96,EUR,gameplay
EV0003565,E003546,P100041,G012,2024-04-03 17:24:38,35.03,USD,gameplay
EV0000529,E000529,P100092,G001,2024-01-15 14:51:36,66.26,BRL,gameplay
EV0003198,E003198,P100180,G018,2024-03-20 21:23:06,17.02,USD,gameplay
EV0002163,E002163,P100186,G002,2024-02-17 00:38:17,57.12,GBP,bonus
EV0002150,E002150,P100184,G014,2024-02-16 06:10:00,26.56,USD,gameplay
EV0005732,E005556,P100195,G012,2024-05-10 01:50:50,92.24,USD,tournament
EV0000928,E000928,P100163,G003,2024-01-01 19:32:25,40.71,BRL,gameplay
EV0006270,E006065,P100083,G013,2024-06-16 18:02:11,204.46,BRL,bonus
EV0000955,E000955,P100168,G004,2024-01-06 16:55:02,97.24,USD,tournament
EV0003709,E003683,P100063,G010,2024-04-03 08:45:23,64.51,BRL,gameplay
EV0002968,E002968,P100137,G010,2024-03-18 16:41:59,39.53,USD,gameplay
EV0006816,E006573,P100174,G005,2024-06-14 15:28:03,18.82,GBP,gameplay
EV0004145,E004091,P100141,G016,2024-04-20 08:41:05,188.14,BRL,bonus
EV0006410,E006195,P100106,G015,2024-06-11 22:16:50,345.35,BRL,bonus
EV0003690,E003666,P100061,G003,2024-04-28 09:47:14,58.05,EUR,bonus
EV0002868,E002868,P100118,G003,2024-03-29 12:52:31,61.24,EUR,bonus
EV0003615,E003595,P100050,G007,2024-04-26 01:28:36,24.94,USD,bonus
EV0001680,E001680,P100101,G009,2024-02-25 18:33:38,89.4,BRL,gameplay
EV0004842,E004741,P100048,G005,2024-05-04 04:20:21,152.91,EUR,tournament
EV0005265,E005128,P100117,G002,2024-05-04 16:06:51,29.08,GBP,gameplay
EV0005431,E005280,P100143,G008,2024-05-05 08:26:15,276.24,BRL,bonus
EV0001900,E001900,P100138,G008,2024-02-04 05:32:58,28.55,EUR,gameplay
EV0003971,E003931,P100111,G005,2024-04-30 06:25:38,161.96,BRL,gameplay
EV0006069,E005877,P100052,G011,2024-06-07 09:38:33,4.11,GBP,gameplay
EV0006488,E006267,P100119,G014,2024-06-17 04:19:04,19.03,USD,bonus
EV0000763,E000763,P100134,G016,2024-01-09 01:23:14,148.03,BRL,gameplay
EV0006305,E006098,P100090,G004,2024-06-30 15:57:27,21.3,EUR,gameplay
EV0002598,E002598,P100068,G007,2024-03-07 08:09:56,39.4,BRL,gameplay
EV0005049,E004932,P100082,G009,2024-05-22 05:13:18,33.78,EUR,gameplay
EV0003094,E003094,P100162,G002,2024-03-21 11:39:46,11.65,EUR,gameplay
EV0006717,E006483,P100158,G016,2024-06-26 18:47:55,128.25,BRL,gameplay
EV0001936,E001936,P100144,G016,2024-02-15 00:58:35,38.65,USD,gameplay
EV0003694,E003670,P100061,G003,2024-04-17 21:53:42,26.33,EUR,bonus
EV0005702,E005530,P100191,G004,2024-05-09 13:20:30,147.77,GBP,tournament
EV0006320,E006111,P100092,G001,2024-06-03 05:26:27,69.5,BRL,gameplay
EV0005092,E004970,P100088,G012,2024-05-11 02:05:35,96.63,BRL,gameplay
EV0006485,E006264,P100119,G014,2024-06-25 10:50:37,20.12,USD,gameplay
EV0006685,E006453,P100153,G014,2024-06-11 11:25:27,52.94,EUR,bonus
EV0003499,E003485,P100031,G002,2024-04-07 13:22:08,24.44,USD,gameplay
EV0004444,E004370,P100186,G002,2024-04-05 17:17:07,11.2,GBP,gameplay
EV0000217,E000217,P100035,G003,2024-01-01 16:52:44,30.47,GBP,gameplay
EV0003414,E003405,P100018,G018,2024-04-03 04:46:07,25.72,GBP,gameplay
EV0001070,E001070,P100190,G017,2024-01-05 14:59:20,112.62,BRL,gameplay
EV0003877,E003846,P100095,G014,2024-04-18 06:40:38,109.85,USD,tournament
EV0002069,E002069,P100170,G018,2024-02-28 13:18:20,50.59,USD,bonus
EV0000032,E000032,P100005,G002,2024-01-10 03:32:49,19.29,EUR,bonus
EV0002618,E002618,P100070,G013,2024-03-09 07:12:31,207.15,EUR,tournament
EV0000072,E000072,P100012,G004,2024-01-31 01:04:42,39.3,USD,gameplay
EV0002374,E002374,P100023,G002,2024-03-14 05:26:11,16.9,EUR,gameplay
EV0000945,E000945,P100165,G016,2024-01-03 21:40:34,35.72,EUR,gameplay
EV0005470,E005313,P100149,G016,2024-05-16 04:19:24,21.76,EUR,gameplay
EV0004397,E004326,P100178,G015,2024-04-01 06:35:23,30.61,EUR,gameplay
EV0000412,E000412,P100070,G013,2024-01-13 11:34:24,41.18,EUR,bonus
EV0002566,E002566,P100062,G010,2024-03-04 17:58:39,21.43,USD,bonus
EV0002362,E002362,P100019,G014,2024-03-28 23:54:47,11.05,EUR,bonus
EV0004549,E004465,P100200,G018,2024-04-14 03:32:12,25.69,EUR,gameplay
EV0004086,E004037,P100132,G007,2024-04-28 10:45:29,11.98,GBP,gameplay
EV0001694,E001694,P100103,G016,2024-02-17 14:32:45,28.91,GBP,gameplay
EV0005590,E005423,P100168,G004,2024-05-30 05:51:07,12.81,USD,gameplay
EV0006254,E006050,P100081,G014,2024-06-03 09:52:23,60.35,BRL,gameplay
EV0001791,E001791,P100119,G014,2024-02-22 13:17:16,76.69,USD,bonus
EV0001486,E001486,P100068,G007,2024-02-07 14:44:03,145.02,BRL,gameplay
EV0005327,E005183,P100125,G011,2024-05-21 22:55:26,35.29,USD,gameplay
EV0002826,E002826,P100112,G015,2024-03-13 14:45:29,140.2,BRL,bonus
EV0000609,E000609,P100107,G011,2024-01-03 08:54:52,27.59,USD,gameplay
EV0000938,E000938,P100165,G016,2024-01-14 17:52:28,19.34,EUR,gameplay
EV0004113,E004062,P100136,G004,2024-04-29 01:56:21,11.79,USD,gameplay
EV0004556,E004471,P100206,G011,2024-04-05 13:52:37,26.42,GBP,gameplay
EV0003526,E003509,P100035,G003,2024-04-02 15:06:48,15.65,GBP,gameplay
EV0001280,E001280,P100027,G011,2024-02-27 22:42:29,26.07,USD,gameplay
EV0004390,E004319,P100177,G012,2024-04-27 10:55:05,748.24,BRL,tournament
EV0003929,E003893,P100103,G016,2024-04-02 08:04:41,8.34,GBP,gameplay
EV0001628,E001628,P100092,G001,2024-02-10 17:17:38,126.78,BRL,gameplay
EV0006325,E006115,P100093,G007,2024-06-02 04:29:46,20.39,EUR,gameplay
EV0003346,E003342,P100007,G013,2024-04-05 03:05:28,129.22,EUR,tournament
EV0006833,E006590,P100177,G012,2024-06-09 18:25:47,85.36,BRL,gameplay
EV0005087,E004966,P100087,G003,2024-05-05 13:27:02,54.92,GBP,bonus
EV0003639,E003617,P100054,G015,2024-04-05 07:27:27,16.09,EUR,gameplay
EV0004376,E004307,P100175,G009,2024-04-02 05:15:47,29.03,USD,gameplay
EV0006917,E006669,P100189,G009,2024-06-01 08:03:32,29.48,EUR,gameplay
EV0006744,E006507,P100160,G002,2024-06-24 06:21:07,24.29,GBP,gameplay
EV0001985,E001985,P100153,G014,2024-02-10 02:34:36,33.03,EUR,gameplay
EV0006613,E006383,P100140,G017,2024-06-15 11:07:29,35.91,GBP,bonus
EV0003184,E003184,P100177,G012,2024-03-22 16:00:25,791.64,BRL,tournament
EV0006005,E005816,P100039,G003,2024-06-26 09:47:28,15.95,GBP,gameplay
EV0003147,E003147,P100171,G015,2024-03-24 05:55:37,25.74,USD,gameplay
EV0004379,E004310,P100175,G009,2024-04-28 04:44:45,12.6,USD,gameplay
EV0003088,E003088,P100160,G002,2024-03-11 11:03:52,77.09,GBP,tournament
EV0003497,E003483,P100030,G008,2024-04-03 16:36:50,30.46,GBP,gameplay
EV0003659,E003636,P100057,G004,2024-04-11 23:17:50,18.51,USD,gameplay
EV0006523,E006299,P100125,G011,2024-06-15 04:43:42,61.82,USD,bonus
EV0000651,E000651,P100117,G002,2024-01-09 21:25:48,13.83,GBP,gameplay
EV0005435,E005283,P100144,G016,2024-05-14 02:20:02,10.05,USD,bonus
EV0005870,E005687,P100017,G008,2024-06-20 20:10:15,123.27,BRL,gameplay
EV0002078,E002078,P100171,G015,2024-02-24 14:33:08,49.98,USD,bonus
EV0002130,E002130,P100180,G018,2024-02-11 14:45:30,27.82,USD,gameplay
EV0004030,E003986,P100120,G010,2024-04-22 18:50:18,65.75,BRL,gameplay
EV0003986,E003945,P100113,G016,2024-04-08 13:07:56,28.95,USD,gameplay
EV0004855,E004753,P100051,G005,2024-05-25 00:25:42,10.29,EUR,gameplay
EV0004635,E004545,P100014,G004,2024-05-10 15:46:51,25.45,EUR,gameplay
EV0000892,E000892,P100155,G009,2024-01-17 04:12:21,20.25,EUR,gameplay
EV0004532,E004450,P100197,G002,2024-04-13 03:17:18,11.29,GBP,gameplay
EV0004340,E004271,P100169,G012,2024-04-12 22:17:18,29.49,GBP,gameplay
EV0006382,E006169,P100101,G009,2024-06-26 23:46:50,48.87,BRL,gameplay
EV0005216,E005081,P100107,G011,2024-05-22 18:30:17,27.54,USD,gameplay
EV0000911,E000911,P100159,G010,2024-01-30 11:25:11,266.46,BRL,bonus
EV0002773,E002773,P100101,G009,2024-03-16 14:59:35,510.94,BRL,tournament
EV0005886,E005703,P100019,G014,2024-06-01 10:21:21,29.51,EUR,gameplay
EV0002873,E002873,P100119,G014,2024-03-12 16:19:18,33.36,USD,gameplay
EV0004723,E004629,P100027,G011,2024-05-01 12:51:22,183.46,USD,tournament
EV0003303,E003303,P100205,G007,2024-03-14 13:55:37,38.74,USD,gameplay
EV0002590,E002590,P100066,G015,2024-03-26 10:55:58,27.69,BRL,gameplay
EV0006937,E006689,P100194,G005,2024-06-27 16:30:27,78.02,BRL,gameplay
EV0006019,E005828,P100042,G017,2024-06-23 10:22:35,146.07,BRL,gameplay
EV0004372,E004303,P100174,G005,2024-04-24 02:48:41,19.27,GBP,gameplay
EV0006918,E006670,P100190,G017,2024-06-09 13:04:04,68.99,BRL,gameplay
EV0002896,E002896,P100122,G009,2024-03-27 13:59:29,13.51,EUR,bonus
EV0006161,E005965,P100066,G015,2024-06-28 20:43:35,147.36,BRL,gameplay
EV0005717,E005543,P100192,G008,2024-05-16 03:23:41,145.61,GBP,tournament
EV0000842,E000842,P100145,G002,2024-01-08 16:34:25,66.1,EUR,bonus
EV0004915,E004809,P100061,G003,2024-05-04 10:01:26,26.94,EUR,gameplay
EV0004260,E004197,P100158,G016,2024-04-25 05:59:26,35.66,BRL,gameplay
EV0001237,E001237,P100019,G014,2024-02-22 15:29:40,31.71,EUR,gameplay
EV0003727,E003701,P100065,G007,2024-04-08 23:03:11,33.48,USD,gameplay
EV0000278,E000278,P100044,G007,2024-01-28 14:39:11,15.89,EUR,gameplay
EV0005553,E005389,P100162,G002,2024-05-07 16:54:19,26.18,EUR,gameplay
EV0002949,E002949,P100133,G002,2024-03-19 09:17:15,29.68,GBP,bonus
EV0005707,E005535,P100191,G004,2024-05-16 02:41:33,9.23,GBP,gameplay
EV0003379,E003373,P100012,G004,2024-04-03 16:08:44,75.2,USD,bonus
EV0005782,E005604,P100003,G012,2024-06-05 01:15:05,31.73,BRL,gameplay
EV0004087,E004038,P100132,G007,2024-04-06 10:16:49,8.21,GBP,gameplay
EV0006458,E006238,P100115,G008,2024-06-15 17:41:27,163.19,BRL,gameplay
EV0004880,E004774,P100055,G007,2024-05-20 06:36:02,37.03,EUR,gameplay
EV0003364,E003359,P100010,G005,2024-04-09 14:32:19,40.05,USD,bonus
EV0004628,E004538,P100013,G014,2024-05-07 19:04:15,178.84,BRL,gameplay
EV0006860,E006616,P100182,G006,2024-06-09 15:41:39,34.85,EUR,gameplay
EV0002461,E002461,P100041,G012,2024-03-12 08:27:23,29.74,USD,gameplay
EV0003359,E003354,P100009,G005,2024-04-14 01:31:57,6.88,GBP,gameplay
EV0002874,E002874,P100119,G014,2024-03-14 07:50:54,33.51,USD,gameplay
EV0001589,E001589,P100085,G009,2024-02-25 18:55:51,7.39,GBP,gameplay
EV0003069,E003069,P100155,G009,2024-03-14 03:35:08,15.68,EUR,gameplay
EV0000851,E000851,P100147,G014,2024-01-15 20:23:05,9.0,USD,gameplay
EV0006535,E006309,P100128,G016,2024-06-22 01:48:13,26.0,GBP,gameplay
EV0004319,E004252,P100166,G003,2024-04-08 19:42:07,28.42,USD,gameplay
EV0003595,E003575,P100047,G018,2024-04-28 16:40:56,26.61,EUR,gameplay
EV0005989,E005800,P100037,G017,2024-06-26 14:13:24,10.13,USD,gameplay
EV0005197,E005064,P100105,G012,2024-05-17 12:25:47,25.54,GBP,gameplay
EV0001930,E001930,P100144,G016,2024-02-14 21:56:20,11.07,USD,gameplay
EV0001826,E001826,P100125,G011,2024-02-26 12:53:48,27.1,USD,gameplay
EV0001453,E001453,P100062,G010,2024-02-01 15:51:42,38.02,USD,gameplay
EV0001212,E001212,P100015,G006,2024-02-06 13:50:09,10.82,EUR,gameplay
EV0001240,E001240,P100019,G014,2024-02-02 20:18:20,11.54,EUR,gameplay
EV0005852,E005671,P100014,G004,2024-06-02 10:52:55,137.92,EUR,tournament
EV0004433,E004360,P100184,G014,2024-04-03 13:24:22,7.01,USD,gameplay
EV0003582,E003563,P100045,G009,2024-04-09 07:53:47,165.72,BRL,gameplay
EV0005463,E005308,P100149,G016,2024-05-19 05:53:26,20.47,EUR,gameplay
EV0004017,E003973,P100118,G003,2024-04-01 16:25:54,34.77,EUR,bonus
EV0006311,E006104,P100091,G006,2024-06-28 04:30:01,29.05,BRL,gameplay
EV0005407,E005257,P100139,G017,2024-05-21 09:19:09,35.26,USD,gameplay
EV0006083,E005891,P100054,G015,2024-06-26 17:59:50,33.27,EUR,gameplay
EV0003020,E003020,P100147,G014,2024-03-24 20:37:05,10.77,USD,gameplay
EV0005611,E005442,P100173,G018,2024-05-23 05:33:00,19.45,USD,gameplay
EV0001271,E001271,P100025,G016,2024-02-13 01:21:00,26.23,GBP,gameplay
EV0006238,E006037,P100079,G014,2024-06-28 13:38:59,20.53,USD,gameplay
EV0002753,E002753,P100097,G014,2024-03-25 20:10:15,42.23,GBP,bonus
EV0005560,E005396,P100163,G003,2024-05-21 20:40:45,94.01,BRL,gameplay
EV0003570,E003551,P100042,G017,2024-04-09 20:13:46,112.52,BRL,gameplay
EV0003875,E003844,P100094,G010,2024-04-12 16:08:33,27.61,EUR,gameplay
EV0000697,E000697,P100123,G010,2024-01-11 15:19:16,118.68,BRL,gameplay
EV0006828,E006585,P100176,G008,2024-06-21 21:05:10,29.84,GBP,gameplay
EV0002894,E002894,P100122,G009,2024-03-18 09:34:48,28.31,EUR,gameplay
EV0000518,E000518,P100090,G004,2024-01-19 21:28:11,40.51,EUR,bonus
EV0003068,E003068,P100155,G009,2024-03-27 00:51:01,10.76,EUR,gameplay
EV0001416,E001416,P100056,G017,2024-02-25 10:51:47,110.57,BRL,gameplay
EV0002179,E002179,P100189,G009,2024-02-06 23:05:11,34.55,EUR,gameplay
EV0004762,E004666,P100036,G008,2024-05-12 16:03:12,19.72,EUR,gameplay
EV0000553,E000553,P100097,G014,2024-01-12 17:30:37,7.02,GBP,gameplay
EV0005296,E005155,P100121,G009,2024-05-20 20:05:00,28.89,USD,gameplay
EV0000685,E000685,P100122,G009,2024-01-17 08:25:14,29.37,EUR,gameplay
EV0003949,E003911,P100107,G011,2024-04-16 02:41:24,31.01,USD,gameplay
EV0004094,E004044,P100133,G002,2024-04-17 16:25:37,25.33,GBP,gameplay
EV0002947,E002947,P100133,G002,2024-03-14 06:39:42,10.19,GBP,gameplay
EV0000621,E000621,P100110,G018,2024-01-21 10:06:45,33.19,BRL,gameplay
EV0002353,E002353,P100017,G008,2024-03-20 12:01:00,77.35,BRL,gameplay
EV0004389,E004318,P100177,G012,2024-04-19 16:09:56,38.12,BRL,gameplay
EV0004709,E004616,P100026,G014,2024-05-22 02:51:46,5.39,GBP,gameplay
EV0005066,E004945,P100084,G001,2024-05-12 04:58:55,21.21,EUR,gameplay
EV0006130,E005935,P100061,G003,2024-06-21 08:13:21,11.43,EUR,gameplay
EV0005853,E005671,P100014,G004,2024-06-02 10:53:12,137.92,EUR,tournament
EV0000162,E000162,P100026,G014,2024-01-12 19:14:14,29.47,GBP,gameplay
EV0003447,E003436,P100023,G002,2024-04-30 01:45:36,32.69,EUR,gameplay
EV0002145,E002145,P100183,G008,2024-02-24 09:23:39,37.06,EUR,bonus
EV0003859,E003828,P100092,G001,2024-04-06 13:59:02,132.81,BRL,gameplay
EV0005599,E005431,P100170,G018,2024-05-09 22:08:08,23.82,USD,gameplay
EV0005366,E005219,P100132,G007,2024-05-29 07:44:35,17.34,GBP,gameplay
EV0006647,E006416,P100146,G015,2024-06-09 19:56:43,191.42,BRL,gameplay
EV0001055,E001055,P100188,G015,2024-01-13 05:18:04,12.52,GBP,bonus
EV0001738,E001738,P100111,G005,2024-02-07 00:23:35,89.46,BRL,gameplay
EV0000860,E000860,P100148,G013,2024-01-18 08:39:40,67.96,BRL,gameplay
EV0001777,E001777,P100118,G003,2024-02-19 15:02:23,8.69,EUR,gameplay
EV0006198,E006000,P100071,G004,2024-06-10 21:06:44,23.23,USD,gameplay
EV0001043,E001043,P100185,G012,2024-01-17 01:18:27,22.67,GBP,gameplay
EV0000407,E000407,P100070,G013,2024-01-24 02:15:22,18.36,EUR,bonus
EV0000078,E000078,P100013,G014,2024-01-08 03:01:47,138.95,BRL,gameplay
EV0003918,E003882,P100102,G014,2024-04-18 08:39:32,11.06,USD,gameplay
EV0001500,E001500,P100072,G008,2024-02-28 21:30:04,144.55,GBP,tournament
EV0002396,E002396,P100027,G011,2024-03-04 23:17:41,24.11,USD,gameplay
EV0004703,E004610,P100025,G016,2024-05-15 17:49:04,20.99,GBP,gameplay
EV0000788,E000788,P100138,G008,2024-01-28 07:47:41,32.73,EUR,gameplay
EV0003148,E003148,P100171,G015,2024-03-13 09:32:02,9.93,USD,gameplay
EV0004652,E004560,P100017,G008,2024-05-17 06:22:38,179.94,BRL,gameplay
EV0005112,E004988,P100091,G006,2024-05-05 11:32:23,58.97,BRL,gameplay
EV0004719,E004625,P100027,G011,2024-05-21 16:54:24,25.98,USD,gameplay
EV0005840,E005659,P100012,G004,2024-06-22 19:27:44,26.03,USD,gameplay
EV0005866,E005683,P100016,G016,2024-06-22 10:33:55,8.78,USD,gameplay
EV0004505,E004427,P100193,G004,2024-04-12 18:31:23,27.25,GBP,gameplay
EV0006135,E005940,P100062,G010,2024-06-24 10:37:22,29.13,USD,gameplay
EV0002742,E002742,P100095,G014,2024-03-01 03:33:42,22.86,USD,gameplay
EV0005344,E005199,P100127,G015,2024-05-09 05:23:22,160.89,GBP,tournament
EV0005664,E005493,P100183,G008,2024-05-22 22:21:51,14.97,EUR,gameplay
EV0003775,E003747,P100075,G017,2024-04-30 15:28:40,115.24,BRL,gameplay
EV0003610,E003590,P100049,G002,2024-04-11 11:36:24,156.48,EUR,tournament
EV0005835,E005654,P100011,G015,2024-06-19 01:45:01,16.09,USD,gameplay
EV0006644,E006413,P100145,G002,2024-06-18 06:26:41,20.99,EUR,gameplay
EV0002597,E002597,P100068,G007,2024-03-28 01:28:11,145.07,BRL,gameplay
EV0001337,E001337,P100040,G007,2024-02-15 14:42:28,150.95,USD,tournament
EV0003955,E003917,P100109,G007,2024-04-25 02:09:46,19.68,GBP,gameplay
EV0001312,E001312,P100034,G016,2024-02-17 17:18:13,181.34,BRL,gameplay
EV0002990,E002990,P100140,G017,2024-03-01 15:52:13,22.45,GBP,gameplay
EV0003405,E003396,P100016,G016,2024-04-22 13:10:54,29.32,USD,gameplay
EV0002019,E002019,P100160,G002,2024-02-20 13:55:27,23.44,GBP,gameplay
EV0006292,E006087,P100088,G012,2024-06-25 14:42:25,166.19,BRL,bonus
EV0001601,E001601,P100088,G012,2024-02-08 00:37:36,186.41,BRL,gameplay
EV0002982,E002982,P100138,G008,2024-03-08 13:55:02,34.12,EUR,gameplay
EV0006429,E006210,P100109,G007,2024-06-04 09:00:48,6.97,GBP,gameplay
EV0006761,E006523,P100163,G003,2024-06-25 15:25:29,141.76,BRL,gameplay
EV0005090,E004968,P100088,G012,2024-05-27 09:37:48,156.63,BRL,gameplay
EV0004108,E004058,P100135,G010,2024-04-01 05:47:26,20.85,EUR,bonus
EV0006317,E006108,P100091,G006,2024-06-29 04:06:25,158.6,BRL,gameplay
EV0005245,E005109,P100113,G016,2024-05-30 18:27:28,31.97,USD,gameplay
EV0003788,E003759,P100077,G008,2024-04-08 16:57:15,11.28,USD,gameplay
EV0006148,E005952,P100063,G010,2024-06-03 08:37:40,53.07,BRL,gameplay
EV0005377,E005229,P100133,G002,2024-05-27 06:51:38,50.97,GBP,tournament
EV0006398,E006184,P100104,G008,2024-06-18 10:20:01,336.85,BRL,bonus
EV0002122,E002122,P100178,G015,2024-02-01 12:49:14,23.47,EUR,gameplay
EV0005928,E005743,P100027,G011,2024-06-18 21:53:46,38.97,USD,gameplay
EV0000633,E000633,P100113,G016,2024-01-24 21:52:18,35.75,USD,gameplay
EV0002939,E002939,P100131,G004,2024-03-14 02:42:21,188.05,BRL,gameplay
EV0000441,E000441,P100076,G010,2024-01-10 17:56:22,6.63,GBP,gameplay
EV0000968,E000968,P100170,G018,2024-01-18 00:43:00,11.3,USD,gameplay
EV0001189,E001189,P100011,G015,2024-02-13 09:40:44,13.85,USD,gameplay
EV0005080,E004959,P100086,G013,2024-05-09 04:01:55,75.64,BRL,gameplay
EV0006897,E006650,P100187,G016,2024-06-03 01:05:32,209.44,USD,tournament
EV0003227,E003227,P100185,G012,2024-03-08 02:15:08,21.15,GBP,gameplay
EV0005451,E005297,P100148,G013,2024-05-18 07:03:49,30.6,BRL,gameplay
EV0000136,E000136,P100021,G003,2024-01-16 11:35:59,22.12,USD,gameplay
EV0001784,E001784,P100118,G003,2024-02-12 14:29:41,52.89,EUR,bonus
EV0003285,E003285,P100197,G002,2024-03-02 14:08:46,20.35,GBP,gameplay
EV0006944,E006695,P100195,G012,2024-06-29 02:37:42,49.15,USD,bonus
EV0002760,E002760,P100099,G015,2024-03-16 10:34:33,8.18,USD,gameplay
EV0000522,E000522,P100091,G006,2024-01-24 18:14:42,155.45,BRL,gameplay
EV0002609,E002609,P100069,G003,2024-03-10 15:20:34,94.9,GBP,tournament
EV0000314,E000314,P100051,G005,2024-01-21 05:03:25,26.14,EUR,gameplay
EV0006342,E006131,P100094,G010,2024-06-15 14:02:40,97.14,EUR,tournament
EV0002095,E002095,P100173,G018,2024-02-29 09:26:28,12.66,USD,gameplay
EV0002443,E002443,P100036,G008,2024-03-11 23:25:48,149.63,EUR,tournament
EV0006147,E005952,P100063,G010,2024-06-03 08:37:38,53.07,BRL,gameplay
EV0002735,E002735,P100095,G014,2024-03-23 13:04:04,20.27,USD,gameplay
EV0003616,E003596,P100050,G007,2024-04-04 21:57:01,21.03,USD,gameplay
EV0006607,E006377,P100138,G008,2024-06-22 22:29:42,60.25,EUR,bonus
EV0003235,E003235,P100187,G016,2024-03-07 02:33:13,17.91,USD,gameplay
EV0006541,E006315,P100128,G016,2024-06-04 16:50:07,26.12,GBP,gameplay
EV0001938,E001938,P100145,G002,2024-02-17 11:08:39,12.55,EUR,gameplay
EV0005695,E005523,P100189,G009,2024-05-23 23:47:01,21.7,EUR,gameplay
EV0001677,E001677,P100101,G009,2024-02-09 19:06:27,75.92,BRL,gameplay
EV0002133,E002133,P100181,G001,2024-02-15 03:02:56,54.8,BRL,gameplay
EV0000723,E000723,P100128,G016,2024-01-25 15:19:00,17.26,GBP,gameplay
EV0003104,E003104,P100164,G018,2024-03-01 16:56:19,8.07,EUR,gameplay
EV0004630,E004540,P100013,G014,2024-05-26 18:18:10,93.04,BRL,gameplay
EV0000590,E000590,P100104,G008,2024-01-10 21:19:38,113.22,BRL,gameplay
EV0003402,E003393,P100015,G006,2024-04-26 11:16:51,12.48,EUR,gameplay
EV0002196,E002196,P100192,G008,2024-02-06 14:34:11,13.51,GBP,gameplay
EV0006586,E006357,P100135,G010,2024-06-22 08:57:01,9.53,EUR,gameplay
EV0003779,E003751,P100075,G017,2024-04-03 06:11:01,51.37,BRL,gameplay
EV0002438,E002438,P100035,G003,2024-03-19 05:01:40,4.51,GBP,gameplay
EV0001835,E001835,P100127,G015,2024-02-03 02:31:54,27.99,GBP,gameplay
EV0004282,E004218,P100161,G012,2024-04-24 17:15:13,48.3,EUR,bonus
EV0001441,E001441,P100060,G014,2024-02-03 09:53:32,16.35,EUR,gameplay
EV0004090,E004040,P100132,G007,2024-04-14 13:16:34,5.08,GBP,gameplay
EV0000454,E000454,P100079,G014,2024-01-04 21:01:15,27.24,USD,gameplay
EV0005771,E005593,P100208,G005,2024-05-31 21:11:51,34.29,USD,gameplay
EV0004561,E004476,P100213,G004,2024-04-11 02:16:20,6.28,USD,gameplay
EV0000087,E000087,P100014,G004,2024-01-05 19:56:05,36.46,EUR,gameplay
EV0006462,E006242,P100115,G008,2024-06-21 06:20:15,144.99,BRL,gameplay
EV0004585,E004497,P100005,G002,2024-05-29 22:48:24,14.19,EUR,gameplay
EV0004011,E003968,P100117,G002,2024-04-14 07:54:40,60.41,GBP,bonus
EV0005935,E005750,P100029,G018,2024-06-01 06:43:47,50.23,USD,tournament
EV0003650,E003627,P100055,G007,2024-04-22 23:36:09,31.66,EUR,bonus
EV0005200,E005067,P100105,G012,2024-05-13 20:44:08,24.27,GBP,gameplay
EV0002670,E002670,P100079,G014,2024-03-17 00:19:00,27.66,USD,bonus
EV0002969,E002969,P100137,G010,2024-03-12 16:16:44,14.37,USD,gameplay
EV0001183,E001183,P100010,G005,2024-02-06 06:17:28,10.05,USD,gameplay
EV0003046,E003046,P100152,G002,2024-03-28 16:27:13,30.28,USD,gameplay
EV0003170,E003170,P100175,G009,2024-03-18 00:10:08,15.11,USD,gameplay
EV0001616,E001616,P100090,G004,2024-02-05 19:35:13,23.32,EUR,bonus
EV0006412,E006196,P100106,G015,2024-06-22 07:36:25,55.43,BRL,gameplay
EV0001259,E001259,P100023,G002,2024-02-09 10:58:55,24.97,EUR,gameplay
EV0001787,E001787,P100119,G014,2024-02-04 08:29:02,30.94,USD,gameplay
EV0000414,E000414,P100071,G004,2024-01-26 01:18:01,20.8,USD,gameplay
EV0002007,E002007,P100158,G016,2024-02-18 09:55:41,90.39,BRL,gameplay
EV0004100,E004050,P100134,G016,2024-04-28 02:37:45,53.86,BRL,gameplay
EV0005118,E004993,P100092,G001,2024-05-12 16:53:56,92.35,BRL,gameplay
EV0003196,E003196,P100180,G018,2024-03-06 10:24:10,37.63,USD,gameplay
EV0006277,E006072,P100085,G009,2024-06-22 05:48:31,9.18,GBP,gameplay
EV0004754,E004658,P100033,G010,2024-05-09 19:23:48,9.01,GBP,gameplay
EV0005567,E005402,P100164,G018,2024-05-08 14:37:16,33.82,EUR,gameplay
EV0001395,E001395,P100053,G004,2024-02-04 20:28:37,103.08,BRL,gameplay
EV0000981,E000981,P100173,G018,2024-01-19 23:16:49,7.55,USD,gameplay
EV0003764,E003736,P100072,G008,2024-04-14 07:29:42,14.68,GBP,gameplay
EV0000739,E000739,P100130,G013,2024-01-22 06:30:24,41.53,BRL,gameplay
EV0001242,E001242,P100020,G012,2024-02-25 12:05:01,67.9,BRL,gameplay
EV0003888,E003857,P100097,G014,2024-04-24 00:49:53,110.01,GBP,tournament
EV0002237,E002237,P100200,G018,2024-02-01 05:47:16,18.41,EUR,gameplay
EV0004076,E004028,P100130,G013,2024-04-11 03:08:14,375.17,BRL,bonus
EV0003378,E003372,P100012,G004,2024-04-28 02:30:48,133.28,USD,tournament
EV0005789,E005611,P100004,G008,2024-06-15 02:47:00,32.24,EUR,gameplay
EV0003231,E003231,P100187,G016,2024-03-23 15:09:31,26.7,USD,gameplay
EV0002165,E002165,P100186,G002,2024-02-02 18:52:01,11.25,GBP,gameplay
EV0006622,E006392,P100143,G008,2024-06-02 09:50:58,147.71,BRL,gameplay
EV0000289,E000289,P100047,G018,2024-01-17 03:36:07,137.91,EUR,tournament
EV0000700,E000700,P100124,G017,2024-01-12 17:35:59,13.04,EUR,gameplay
EV0003383,E003377,P100013,G014,2024-04-09 17:27:39,274.8,BRL,bonus
EV0000245,E000245,P100039,G003,2024-01-24 20:31:38,29.56,GBP,gameplay
EV0004900,E004794,P100058,G014,2024-05-17 03:32:50,117.06,BRL,gameplay
EV0001494,E001494,P100070,G013,2024-02-01 12:41:20,15.18,EUR,gameplay
EV0000615,E000615,P100109,G007,2024-01-17 02:25:23,16.52,GBP,gameplay
EV0003911,E003876,P100100,G011,2024-04-09 01:23:07,197.3,BRL,bonus
EV0004867,E004764,P100053,G004,2024-05-07 21:47:55,181.3,BRL,gameplay
EV0000009,E000009,P100002,G004,2024-01-07 05:38:09,10.13,USD,gameplay
EV0002104,E002104,P100175,G009,2024-02-18 00:46:01,9.52,USD,gameplay
EV0000755,E000755,P100133,G002,2024-01-18 11:29:00,26.17,GBP,gameplay
EV0003585,E003565,P100045,G009,2024-04-14 15:00:59,386.34,BRL,bonus
EV0002454,E002454,P100038,G013,2024-03-31 23:52:56,87.32,BRL,bonus
EV0006754,E006516,P100161,G012,2024-06-05 13:19:45,7.05,EUR,gameplay
EV0000571,E000571,P100100,G011,2024-01-19 17:22:04,111.07,BRL,gameplay
EV0001695,E001695,P100103,G016,2024-02-28 07:18:45,10.84,GBP,gameplay
EV0000394,E000394,P100067,G011,2024-01-26 15:34:19,68.57,USD,bonus
EV0002644,E002644,P100075,G017,2024-03-19 04:20:01,75.74,BRL,gameplay
EV0005512,E005352,P100157,G014,2024-05-13 07:05:43,190.48,BRL,gameplay
EV0006322,E006113,P100092,G001,2024-06-01 13:48:09,171.22,BRL,bonus
EV0005148,E005018,P100097,G014,2024-05-31 20:42:29,4.72,GBP,gameplay
EV0003179,E003179,P100177,G012,2024-03-13 02:39:04,210.73,BRL,bonus
EV0001066,E001066,P100190,G017,2024-01-08 03:02:20,51.96,BRL,gameplay
EV0006139,E005944,P100062,G010,2024-06-13 14:27:33,11.2,USD,gameplay
EV0001743,E001743,P100112,G015,2024-02-14 11:03:44,148.76,BRL,gameplay
EV0003640,E003618,P100054,G015,2024-04-13 02:58:03,5.75,EUR,gameplay
EV0006468,E006247,P100116,G013,2024-06-30 18:22:04,63.21,EUR,bonus
EV0003966,E003927,P100110,G018,2024-04-07 14:24:03,100.74,BRL,gameplay
EV0005076,E004955,P100086,G013,2024-05-25 11:39:17,113.87,BRL,gameplay
EV0003057,E003057,P100153,G014,2024-03-22 20:03:54,5.92,EUR,gameplay
EV0003796,E003767,P100079,G014,2024-04-01 02:12:09,32.19,USD,gameplay
EV0005034,E004919,P100079,G014,2024-05-20 08:56:58,247.74,USD,tournament
EV0005792,E005614,P100004,G008,2024-06-21 04:54:51,20.94,EUR,bonus
EV0005824,E005645,P100008,G018,2024-06-03 12:41:20,30.38,EUR,gameplay
EV0001926,E001926,P100143,G008,2024-02-23 08:09:46,194.42,BRL,gameplay
EV0005543,E005380,P100160,G002,2024-05-18 22:38:28,26.23,GBP,gameplay
EV0006784,E006545,P100169,G012,2024-06-12 05:01:00,17.55,GBP,gameplay
EV0001779,E001779,P100118,G003,2024-02-28 19:20:23,16.6,EUR,gameplay
EV0001475,E001475,P100065,G007,2024-02-03 22:46:46,15.22,USD,gameplay
EV0000524,E000524,P100092,G001,2024-01-12 21:43:41,68.64,BRL,gameplay
EV0005496,E005338,P100154,G013,2024-05-03 08:05:12,23.84,EUR,bonus
EV0006896,E006649,P100187,G016,2024-06-15 12:01:58,15.75,USD,gameplay
EV0004673,E004581,P100020,G012,2024-05-13 02:46:03,691.95,BRL,tournament
EV0001019,E001019,P100181,G001,2024-01-29 14:02:06,133.21,BRL,gameplay
EV0003741,E003714,P100067,G011,2024-04-08 15:15:40,30.88,USD,gameplay
EV0005387,E005239,P100135,G010,2024-05-02 05:39:58,26.88,EUR,gameplay
EV0002829,E002829,P100113,G016,2024-03-21 13:04:38,18.53,USD,gameplay
EV0005267,E005130,P100117,G002,2024-05-31 00:43:21,18.01,GBP,bonus
EV0001626,E001626,P100092,G001,2024-02-04 03:11:33,129.46,BRL,bonus
EV0004230,E004170,P100152,G002,2024-04-07 05:53:03,19.25,USD,gameplay
EV0002437,E002437,P100035,G003,2024-03-21 23:49:27,51.18,GBP,bonus
EV0001053,E001053,P100188,G015,2024-01-29 09:28:39,26.33,GBP,gameplay
EV0002864,E002864,P100118,G003,2024-03-06 01:08:18,9.52,EUR,bonus
EV0003470,E003458,P100027,G011,2024-04-01 02:08:27,13.29,USD,gameplay
EV0006029,E005837,P100043,G004,2024-06-30 12:40:50,73.19,USD,tournament
EV0002401,E002401,P100028,G006,2024-03-10 04:55:22,18.56,GBP,gameplay
EV0003964,E003925,P100110,G018,2024-04-23 09:46:38,405.79,BRL,bonus
EV0001430,E001430,P100059,G017,2024-02-16 21:39:04,6.05,GBP,gameplay
EV0005616,E005447,P100174,G005,2024-05-15 20:28:40,68.99,GBP,tournament
EV0002236,E002236,P100200,G018,2024-02-03 10:59:40,36.58,EUR,gameplay
EV0001503,E001503,P100072,G008,2024-02-04 09:15:47,24.33,GBP,gameplay
EV0003963,E003924,P100110,G018,2024-04-27 02:10:51,258.68,BRL,bonus
EV0004218,E004158,P100151,G004,2024-04-23 07:28:17,6.28,USD,gameplay
EV0004677,E004585,P100020,G012,2024-05-07 15:46:25,116.77,BRL,gameplay
EV0002173,E002173,P100187,G016,2024-02-01 21:25:26,17.82,USD,gameplay
EV0005142,E005014,P100096,G014,2024-05-31 04:01:33,164.38,BRL,gameplay
EV0000065,E000065,P100011,G015,2024-01-09 03:51:23,27.95,USD,gameplay
EV0006193,E005995,P100071,G004,2024-06-22 05:26:02,31.9,USD,gameplay
EV0005903,E005719,P100022,G001,2024-06-12 08:18:39,10.73,EUR,gameplay
EV0000805,E000805,P100140,G017,2024-01-11 06:47:34,16.7,GBP,gameplay
EV0003648,E003625,P100055,G007,2024-04-07 22:09:09,36.34,EUR,gameplay
EV0003257,E003257,P100191,G004,2024-03-13 09:15:01,8.15,GBP,gameplay
EV0004629,E004539,P100013,G014,2024-05-21 15:19:39,64.32,BRL,bonus
EV0000351,E000351,P100060,G014,2024-01-04 16:43:57,152.01,EUR,tournament
EV0002076,E002076,P100171,G015,2024-02-18 17:51:12,77.19,USD,bonus
EV0000883,E000883,P100154,G013,2024-01-27 16:19:36,28.67,EUR,gameplay
EV0002787,E002787,P100103,G016,2024-03-04 00:15:42,9.72,GBP,gameplay
EV0002649,E002649,P100076,G010,2024-03-03 02:08:09,7.35,GBP,gameplay
EV0004002,E003961,P100115,G008,2024-04-13 03:56:02,180.2,BRL,gameplay
EV0002637,E002637,P100074,G016,2024-03-31 19:38:07,168.12,EUR,tournament
EV0000703,E000703,P100125,G011,2024-01-16 23:28:56,28.56,USD,gameplay
EV0006286,E006081,P100087,G003,2024-06-26 04:15:42,128.7,GBP,tournament
EV0001493,E001493,P100070,G013,2024-02-14 03:14:13,22.29,EUR,gameplay
EV0006047,E005855,P100045,G009,2024-06-25 15:37:46,157.6,BRL,gameplay
EV0000473,E000473,P100081,G014,2024-01-16 21:22:32,136.98,BRL,gameplay
EV0003410,E003401,P100017,G008,2024-04-18 00:06:30,187.02,BRL,gameplay
EV0006076,E005884,P100053,G004,2024-06-29 02:28:11,131.82,BRL,gameplay
EV0004134,E004081,P100139,G017,2024-04-12 01:07:39,66.38,USD,bonus
EV0001458,E001458,P100062,G010,2024-02-13 02:34:24,24.29,USD,bonus
EV0002094,E002094,P100173,G018,2024-02-20 11:34:30,27.05,USD,gameplay
EV0000799,E000799,P100139,G017,2024-01-12 06:20:22,19.82,USD,gameplay
EV0005189,E005057,P100103,G016,2024-05-27 03:25:50,8.9,GBP,gameplay
EV0000191,E000191,P100030,G008,2024-01-14 13:09:19,88.38,GBP,tournament
EV0001011,E001011,P100180,G018,2024-01-20 22:02:38,37.83,USD,gameplay
EV0005217,E005082,P100108,G016,2024-05-19 01:30:01,30.28,EUR,gameplay
EV0000361,E000361,P100061,G003,2024-01-08 16:26:44,6.05,EUR,gameplay
EV0005757,E005580,P100200,G018,2024-05-02 08:22:51,15.71,EUR,gameplay
EV0001108,E001108,P100197,G002,2024-01-12 09:44:23,4.36,GBP,gameplay
EV0001260,E001260,P100023,G002,2024-02-03 23:38:16,85.8,EUR,tournament
EV0005214,E005079,P100107,G011,2024-05-06 10:13:43,170.8,USD,tournament
EV0003922,E003886,P100103,G016,2024-04-25 12:53:53,50.2,GBP,bonus
EV0000704,E000704,P100125,G011,2024-01-15 20:09:55,26.48,USD,gameplay
EV0004672,E004580,P100020,G012,2024-05-10 11:57:09,34.18,BRL,gameplay
EV0003808,E003779,P100081,G014,2024-04-05 10:28:13,173.62,BRL,gameplay
EV0004043,E003998,P100124,G017,2024-04-17 08:06:37,55.67,EUR,tournament
EV0006795,E006555,P100171,G015,2024-06-10 23:31:19,7.55,USD,gameplay
EV0006854,E006610,P100181,G001,2024-06-09 11:23:51,75.6,BRL,gameplay
EV0002893,E002893,P100122,G009,2024-03-31 23:51:02,18.98,EUR,gameplay
EV0003106,E003106,P100164,G018,2024-03-25 07:18:49,10.77,EUR,gameplay
EV0004139,E004085,P100139,G017,2024-04-19 13:08:00,37.17,USD,gameplay
EV0001612,E001612,P100089,G007,2024-02-17 09:42:34,14.44,EUR,gameplay
EV0003286,E003286,P100197,G002,2024-03-17 14:59:15,23.7,GBP,gameplay
EV0006815,E006572,P100174,G005,2024-06-11 10:00:33,4.64,GBP,gameplay
EV0003462,E003451,P100026,G014,2024-04-30 18:17:49,20.39,GBP,gameplay
EV0006013,E005823,P100040,G007,2024-06-27 07:32:28,18.61,USD,gameplay
EV0003993,E003952,P100114,G002,2024-04-05 08:56:41,5.43,GBP,gameplay
EV0004050,E004005,P100125,G011,2024-04-19 20:24:16,35.77,USD,gameplay
EV0001752,E001752,P100114,G002,2024-02-09 02:33:24,28.98,GBP,gameplay
EV0003774,E003746,P100075,G017,2024-04-22 00:02:50,1109.36,BRL,tournament
EV0002301,E002301,P100009,G005,2024-03-23 20:54:15,23.62,GBP,gameplay
EV0005144,E005015,P100097,G014,2024-05-23 02:47:38,25.68,GBP,gameplay
EV0005927,E005742,P100027,G011,2024-06-23 05:15:31,16.78,USD,gameplay
EV0005939,E005753,P100029,G018,2024-06-14 18:14:14,59.35,USD,bonus
EV0001882,E001882,P100135,G010,2024-02-15 12:12:31,26.49,EUR,gameplay
EV0001417,E001417,P100056,G017,2024-02-27 00:23:00,96.31,BRL,gameplay
EV0003590,E003570,P100046,G011,2024-04-22 09:38:49,200.46,BRL,gameplay
EV0002747,E002747,P100096,G014,2024-03-03 15:32:04,177.84,BRL,gameplay
EV0006960,E006710,P100198,G007,2024-06-28 06:55:08,37.26,USD,gameplay
EV0005009,E004896,P100074,G016,2024-05-11 09:57:00,12.39,EUR,gameplay
EV0005255,E005118,P100115,G008,2024-05-12 20:27:53,66.18,BRL,gameplay
EV0005247,E005111,P100113,G016,2024-05-17 19:26:02,17.46,USD,gameplay
EV0006835,E006591,P100177,G012,2024-06-04 14:27:19,52.53,BRL,gameplay
EV0005016,E004902,P100075,G017,2024-05-12 06:39:34,80.55,BRL,gameplay
EV0002668,E002668,P100079,G014,2024-03-29 18:52:19,184.84,USD,tournament
EV0004704,E004611,P100025,G016,2024-05-10 07:28:00,15.91,GBP,gameplay
EV0005775,E005597,P100001,G003,2024-06-02 12:26:04,159.86,BRL,gameplay
EV0000643,E000643,P100115,G008,2024-01-23 16:27:14,178.45,BRL,gameplay
EV0006335,E006125,P100094,G010,2024-06-11 23:07:36,35.48,EUR,gameplay
EV0001764,E001764,P100115,G008,2024-02-29 23:32:06,84.07,BRL,gameplay
EV0003560,E003542,P100041,G012,2024-04-07 17:23:21,150.63,USD,tournament
EV0005674,E005503,P100184,G014,2024-05-12 12:18:18,27.13,USD,gameplay
EV0005309,E005168,P100123,G010,2024-05-21 22:59:37,193.38,BRL,gameplay
EV0004259,E004196,P100158,G016,2024-04-17 04:53:01,125.06,BRL,gameplay
EV0005515,E005355,P100157,G014,2024-05-10 16:25:29,75.56,BRL,gameplay
EV0006741,E006504,P100160,G002,2024-06-10 08:51:26,4.65,GBP,gameplay
EV0003705,E003679,P100062,G010,2024-04-27 00:09:57,24.83,USD,gameplay
EV0003647,E003624,P100055,G007,2024-04-07 10:28:48,17.66,EUR,gameplay
EV0003372,E003366,P100011,G015,2024-04-25 19:40:52,17.52,USD,gameplay
EV0002375,E002375,P100023,G002,2024-03-05 23:51:51,21.72,EUR,gameplay
EV0003885,E003854,P100097,G014,2024-04-19 01:23:20,107.03,GBP,tournament
EV0003439,E003428,P100022,G001,2024-04-13 19:36:37,22.07,EUR,gameplay
EV0000666,E000666,P100119,G014,2024-01-01 23:45:04,12.01,USD,gameplay
EV0003337,E003333,P100005,G002,2024-04-07 15:18:03,7.85,EUR,gameplay
EV0002544,E002544,P100058,G014,2024-03-12 07:09:18,120.32,BRL,gameplay
EV0002599,E002599,P100068,G007,2024-03-23 03:44:48,197.6,BRL,gameplay
EV0001231,E001231,P100018,G018,2024-02-28 09:11:53,6.38,GBP,gameplay
EV0000448,E000448,P100077,G008,2024-01-09 23:26:38,33.9,USD,gameplay
EV0001072,E001072,P100191,G004,2024-01-31 18:42:09,28.25,GBP,gameplay
EV0001978,E001978,P100151,G004,2024-02-11 05:43:46,35.26,USD,gameplay
EV0002789,E002789,P100104,G008,2024-03-23 14:28:09,39.83,BRL,gameplay
EV0004311,E004244,P100165,G016,2024-04-15 09:35:57,27.06,EUR,bonus
EV0006775,E006537,P100168,G004,2024-06-29 08:56:01,13.77,USD,gameplay
EV0002003,E002003,P100157,G014,2024-02-06 09:02:20,47.8,BRL,gameplay
EV0005513,E005353,P100157,G014,2024-05-20 12:41:21,203.14,BRL,gameplay
EV0003141,E003141,P100169,G012,2024-03-07 11:58:25,28.73,GBP,gameplay
EV0005915,E005730,P100025,G016,2024-06-21 07:20:45,23.12,GBP,gameplay
EV0006245,E006043,P100080,G013,2024-06-20 01:01:51,25.86,USD,gameplay
EV0003663,E003640,P100057,G004,2024-04-19 06:37:20,30.23,USD,gameplay
EV0002549,E002549,P100058,G014,2024-03-15 12:29:23,155.22,BRL,gameplay
EV0004121,E004070,P100137,G010,2024-04-27 12:14:22,25.04,USD,gameplay
EV0005442,E005289,P100146,G015,2024-05-09 12:42:07,62.4,BRL,gameplay
EV0002021,E002021,P100160,G002,2024-02-22 09:54:34,29.55,GBP,gameplay
EV0004592,E004504,P100006,G007,2024-05-07 22:29:05,35.87,GBP,bonus
EV0005978,E005789,P100035,G003,2024-06-24 00:08:50,144.96,GBP,tournament
EV0003786,E003757,P100077,G008,2024-04-12 06:47:10,7.18,USD,gameplay
EV0002338,E002338,P100015,G006,2024-03-01 04:49:49,14.26,EUR,gameplay
EV0000130,E000130,P100021,G003,2024-01-02 22:08:33,61.51,USD,bonus
EV0001445,E001445,P100060,G014,2024-02-23 19:08:54,13.59,EUR,gameplay
EV0002440,E002440,P100036,G008,2024-03-27 21:22:22,94.49,EUR,tournament
EV0006975,E006725,P100200,G018,2024-06-09 04:15:00,7.33,EUR,gameplay
EV0004441,E004367,P100185,G012,2024-04-20 23:34:54,5.16,GBP,gameplay
EV0004938,E004828,P100063,G010,2024-05-03 21:24:33,147.63,BRL,gameplay
EV0004377,E004308,P100175,G009,2024-04-03 17:16:15,210.26,USD,tournament
EV0005705,E005533,P100191,G004,2024-05-05 16:50:09,25.57,GBP,gameplay
EV0001887,E001887,P100137,G010,2024-02-06 21:19:55,14.72,USD,gameplay
EV0006539,E006313,P100128,G016,2024-06-07 01:05:32,29.37,GBP,gameplay
EV0001554,E001554,P100081,G014,2024-02-23 07:23:28,149.76,BRL,bonus
EV0005688,E005516,P100187,G016,2024-05-27 07:37:47,31.42,USD,gameplay
EV0001862,E001862,P100133,G002,2024-02-06 19:20:37,7.2,GBP,gameplay
EV0000286,E000286,P100046,G011,2024-01-14 22:53:28,145.11,BRL,gameplay
EV0005244,E005108,P100112,G015,2024-05-05 03:47:51,186.63,BRL,gameplay
EV0005280,E005141,P100119,G014,2024-05-18 01:42:19,23.07,USD,gameplay
EV0004312,E004245,P100165,G016,2024-04-24 17:26:55,5.46,EUR,gameplay
EV0004838,E004738,P100047,G018,2024-05-23 16:00:36,21.57,EUR,gameplay
EV0000818,E000818,P100142,G018,2024-01-29 00:35:17,179.13,BRL,gameplay
EV0000764,E000764,P100134,G016,2024-01-30 06:41:31,37.48,BRL,gameplay
EV0001530,E001530,P100076,G010,2024-02-23 21:01:44,27.21,GBP,bonus
EV0006288,E006083,P100087,G003,2024-06-15 06:14:31,5.32,GBP,gameplay
EV0004306,E004240,P100164,G018,2024-04-12 01:14:26,7.0,EUR,gameplay
EV0005063,E004943,P100084,G001,2024-05-25 04:28:35,7.29,EUR,gameplay
EV0000874,E000874,P100152,G002,2024-01-04 00:29:40,11.77,USD,gameplay
EV0001351,E001351,P100043,G004,2024-02-06 00:45:03,38.64,USD,gameplay
EV0000393,E000393,P100067,G011,2024-01-19 18:09:36,17.31,USD,gameplay
EV0005039,E004923,P100081,G014,2024-05-17 14:13:59,49.79,BRL,gameplay
EV0003653,E003630,P100056,G017,2024-04-26 23:30:55,185.7,BRL,gameplay
EV0002967,E002967,P100136,G004,2024-03-05 00:49:15,20.33,USD,gameplay
EV0002067,E002067,P100170,G018,2024-02-24 18:17:49,11.19,USD,gameplay
EV0003738,E003712,P100067,G011,2024-04-06 04:20:38,37.59,USD,gameplay
EV0003736,E003710,P100067,G011,2024-04-02 12:23:40,74.8,USD,bonus
EV0006494,E006272,P100121,G009,2024-06-10 09:08:31,30.35,USD,gameplay
EV0003695,E003671,P100061,G003,2024-04-19 10:32:26,11.89,EUR,gameplay
EV0003907,E003872,P100100,G011,2024-04-25 20:24:43,100.84,BRL,gameplay
EV0006489,E006268,P100119,G014,2024-06-02 04:33:16,8.05,USD,gameplay
EV0002950,E002950,P100133,G002,2024-03-23 13:16:41,27.63,GBP,gameplay
EV0001050,E001050,P100187,G016,2024-01-08 10:22:57,31.08,USD,gameplay
EV0005753,E005576,P100199,G018,2024-05-26 09:30:43,69.77,USD,bonus
EV0001098,E001098,P100196,G014,2024-01-31 11:03:18,136.62,BRL,gameplay
EV0001063,E001063,P100190,G017,2024-01-10 01:09:22,109.96,BRL,gameplay
EV0001852,E001852,P100132,G007,2024-02-17 08:37:26,4.76,GBP,gameplay
EV0001735,E001735,P100111,G005,2024-02-18 17:31:34,122.73,BRL,gameplay
EV0002659,E002659,P100077,G008,2024-03-02 06:37:02,24.25,USD,gameplay
EV0001092,E001092,P100194,G005,2024-01-06 15:58:44,75.5,BRL,gameplay
EV0001168,E001168,P100008,G018,2024-02-24 21:48:19,12.48,EUR,gameplay
EV0002315,E002315,P100011,G015,2024-03-06 05:04:48,42.94,USD,bonus
EV0001544,E001544,P100079,G014,2024-02-20 03:55:40,40.85,USD,bonus
EV0001817,E001817,P100123,G010,2024-02-21 22:50:47,186.32,BRL,gameplay
EV0005597,E005429,P100170,G018,2024-05-11 11:21:05,30.6,USD,gameplay
EV0003897,E003865,P100099,G015,2024-04-12 16:46:38,12.6,USD,gameplay
EV0003841,E003811,P100088,G012,2024-04-12 19:14:38,165.77,BRL,gameplay
EV0003662,E003639,P100057,G004,2024-04-14 08:01:36,33.96,USD,bonus
EV0005165,E005033,P100100,G011,2024-05-19 19:00:13,79.34,BRL,bonus
EV0006910,E006663,P100189,G009,2024-06-19 19:03:09,72.37,EUR,bonus
EV0000147,E000147,P100023,G002,2024-01-19 07:34:47,15.05,EUR,bonus
EV0003230,E003230,P100186,G002,2024-03-04 09:19:18,8.7,GBP,gameplay
EV0001421,E001421,P100057,G004,2024-02-07 00:11:53,99.19,USD,tournament
EV0006478,E006257,P100118,G003,2024-06-22 05:13:40,36.37,EUR,gameplay
EV0003837,E003807,P100088,G012,2024-04-12 19:38:27,83.3,BRL,gameplay
EV0006479,E006258,P100118,G003,2024-06-15 02:56:50,21.81,EUR,gameplay
EV0002051,E002051,P100166,G003,2024-02-12 20:30:38,22.7,USD,gameplay
EV0006400,E006186,P100105,G012,2024-06-01 09:09:54,23.43,GBP,gameplay
EV0005798,E005620,P100005,G002,2024-06-26 22:43:14,24.71,EUR,gameplay
EV0004517,E004438,P100195,G012,2024-04-08 09:53:17,39.95,USD,gameplay
EV0005677,E005506,P100185,G012,2024-05-25 17:38:51,17.47,GBP,gameplay
EV0006679,E006447,P100152,G002,2024-06-27 00:57:05,97.81,USD,tournament
EV0000504,E000504,P100087,G003,2024-01-27 16:12:22,25.04,GBP,gameplay
EV0000652,E000652,P100117,G002,2024-01-18 15:11:23,18.9,GBP,gameplay
EV0000800,E000800,P100139,G017,2024-01-10 05:22:39,5.85,USD,gameplay
EV0006592,E006363,P100136,G004,2024-06-10 21:40:21,32.12,USD,gameplay
EV0005072,E004951,P100085,G009,2024-05-29 01:28:56,26.84,GBP,gameplay
EV0006356,E006145,P100098,G009,2024-06-11 13:09:41,27.89,GBP,gameplay
EV0005921,E005736,P100026,G014,2024-06-15 01:43:56,173.67,GBP,tournament
EV0002106,E002106,P100175,G009,2024-02-21 01:33:13,160.58,USD,tournament
EV0005805,E005627,P100006,G007,2024-06-11 11:34:29,18.73,GBP,gameplay
EV0006453,E006233,P100114,G002,2024-06-06 13:22:18,26.57,GBP,bonus
EV0003478,E003465,P100028,G006,2024-04-06 05:09:38,31.17,GBP,bonus
EV0000410,E000410,P100070,G013,2024-01-12 08:50:06,27.07,EUR,gameplay
EV0004695,E004602,P100023,G002,2024-05-25 11:00:11,14.6,EUR,gameplay
EV0006966,E006716,P100199,G018,2024-06-29 11:20:07,16.96,USD,gameplay
EV0005963,E005775,P100033,G010,2024-06-25 06:43:07,10.25,GBP,gameplay
EV0003533,E003516,P100037,G017,2024-04-20 19:57:11,33.58,USD,bonus
EV0004331,E004262,P100168,G004,2024-04-15 09:17:28,52.34,USD,bonus
EV0001014,E001014,P100180,G018,2024-01-04 19:23:55,23.56,USD,gameplay
EV0001953,E001953,P100148,G013,2024-02-18 06:30:30,156.83,BRL,gameplay
EV0001526,E001526,P100076,G010,2024-02-13 18:10:12,28.72,GBP,gameplay
EV0006241,E006040,P100079,G014,2024-06-15 14:40:31,16.54,USD,gameplay
EV0006726,E006491,P100159,G010,2024-06-06 02:50:47,76.4,BRL,gameplay
EV0000600,E000600,P100106,G015,2024-01-18 14:41:35,377.08,BRL,bonus
EV0002022,E002022,P100160,G002,2024-02-19 16:16:10,19.3,GBP,gameplay
EV0002310,E002310,P100011,G015,2024-03-25 13:38:17,5.02,USD,gameplay
EV0005430,E005279,P100143,G008,2024-05-04 12:27:51,113.94,BRL,gameplay
EV0005226,E005091,P100109,G007,2024-05-12 14:32:21,13.49,GBP,gameplay
EV0001750,E001750,P100113,G016,2024-02-27 13:43:56,5.38,USD,gameplay
EV0002989,E002989,P100139,G017,2024-03-16 22:17:34,26.88,USD,bonus
EV0006404,E006190,P100106,G015,2024-06-12 14:20:13,258.67,BRL,bonus
EV0006868,E006624,P100183,G008,2024-06-08 23:30:34,69.31,EUR,bonus
EV0004999,E004886,P100073,G015,2024-05-17 21:47:21,169.56,USD,tournament
EV0002346,E002346,P100016,G016,2024-03-21 02:47:04,25.12,USD,gameplay
EV0004681,E004589,P100021,G003,2024-05-03 14:45:08,6.12,USD,gameplay
EV0003167,E003167,P100174,G005,2024-03-30 05:04:36,21.26,GBP,gameplay
EV0006218,E006017,P100074,G016,2024-06-08 11:54:25,78.53,EUR,tournament
EV0004861,E004758,P100052,G011,2024-05-24 20:18:01,29.65,GBP,gameplay
EV0005986,E005797,P100036,G008,2024-06-18 18:22:20,4.97,EUR,gameplay
EV0005952,E005765,P100031,G002,2024-06-17 10:09:41,8.03,USD,gameplay
EV0004621,E004532,P100012,G004,2024-05-23 02:50:31,69.78,USD,tournament
EV0001065,E001065,P100190,G017,2024-01-27 22:44:57,195.7,BRL,gameplay
EV0006281,E006076,P100086,G013,2024-06-26 18:39:45,133.53,BRL,gameplay
EV0000220,E000220,P100036,G008,2024-01-13 14:36:15,16.71,EUR,gameplay
EV0005869,E005686,P100017,G008,2024-06-16 09:18:56,120.16,BRL,gameplay
EV0004073,E004025,P100130,G013,2024-04-25 04:31:32,201.24,BRL,bonus
EV0003723,E003697,P100065,G007,2024-04-11 12:36:06,5.57,USD,gameplay
EV0000721,E000721,P100128,G016,2024-01-01 00:33:52,8.12,GBP,gameplay
EV0000146,E000146,P100023,G002,2024-01-11 09:41:03,35.84,EUR,gameplay
EV0004211,E004151,P100150,G010,2024-04-21 11:56:26,19.24,EUR,gameplay
EV0001100,E001100,P100196,G014,2024-01-20 05:34:20,159.14,BRL,gameplay
EV0001319,E001319,P100036,G008,2024-02-22 17:54:38,35.19,EUR,gameplay
EV0005258,E005121,P100115,G008,2024-05-03 04:56:32,164.26,BRL,gameplay
EV0004596,E004507,P100007,G013,2024-05-29 04:24:46,10.63,EUR,bonus
EV0003853,E003822,P100090,G004,2024-04-08 11:40:13,13.34,EUR,gameplay
EV0002779,E002779,P100101,G009,2024-03-29 21:36:03,61.6,BRL,gameplay
EV0002822,E002822,P100111,G005,2024-03-14 12:24:19,132.36,BRL,gameplay
EV0001687,E001687,P100102,G014,2024-02-04 13:04:30,27.05,USD,gameplay
EV0004362,E004293,P100173,G018,2024-04-23 13:24:00,6.83,USD,gameplay
EV0001006,E001006,P100178,G015,2024-01-08 18:02:08,9.97,EUR,gameplay
EV0002084,E002084,P100172,G002,2024-02-14 03:59:45,34.77,EUR,gameplay
EV0001890,E001890,P100137,G010,2024-02-09 03:59:35,20.84,USD,gameplay
EV0002790,E002790,P100104,G008,2024-03-20 12:01:34,93.4,BRL,gameplay
EV0003851,E003820,P100090,G004,2024-04-20 02:28:09,20.46,EUR,gameplay
EV0001426,E001426,P100057,G004,2024-02-26 06:12:34,37.35,USD,gameplay
EV0000680,E000680,P100121,G009,2024-01-28 08:13:14,30.74,USD,gameplay
EV0005028,E004913,P100078,G014,2024-05-17 17:38:14,14.53,EUR,gameplay
EV0004415,E004343,P100181,G001,2024-04-03 05:43:28,26.24,BRL,gameplay
EV0003395,E003387,P100014,G004,2024-04-10 16:37:16,30.75,EUR,gameplay
EV0001967,E001967,P100150,G010,2024-02-24 05:14:06,5.61,EUR,gameplay
EV0001138,E001138,P100002,G004,2024-02-22 15:31:32,90.39,USD,tournament
EV0001338,E001338,P100040,G007,2024-02-03 19:42:39,30.48,USD,gameplay
EV0003569,E003550,P100042,G017,2024-04-05 21:09:03,400.8,BRL,bonus
EV0003756,E003728,P100070,G013,2024-04-22 11:04:39,29.42,EUR,gameplay
EV0001164,E001164,P100007,G013,2024-02-22 17:11:56,21.44,EUR,gameplay
EV0003398,E003389,P100014,G004,2024-04-14 13:31:55,22.65,EUR,gameplay
EV0003035,E003035,P100150,G010,2024-03-20 17:29:39,24.47,EUR,gameplay
EV0005854,E005672,P100015,G006,2024-06-29 07:17:51,51.63,EUR,tournament
EV0001607,E001607,P100089,G007,2024-02-07 21:57:07,29.19,EUR,gameplay
EV0003121,E003121,P100167,G018,2024-03-18 04:15:37,13.46,EUR,gameplay
EV0003055,E003055,P100153,G014,2024-03-27 08:21:46,21.73,EUR,gameplay
EV0003139,E003139,P100169,G012,2024-03-09 02:12:12,43.76,GBP,bonus
EV0003551,E003533,P100039,G003,2024-04-19 17:50:34,27.46,GBP,gameplay
EV0000125,E000125,P100020,G012,2024-01-25 18:36:14,140.01,BRL,gameplay
EV0001409,E001409,P100055,G007,2024-02-05 01:15:32,26.07,EUR,gameplay
EV0004830,E004730,P100046,G011,2024-05-20 16:18:08,266.56,BRL,bonus
EV0001024,E001024,P100181,G001,2024-01-13 07:04:30,177.59,BRL,gameplay
EV0004178,E004122,P100146,G015,2024-04-01 22:14:39,915.32,BRL,tournament
EV0006845,E006601,P100179,G011,2024-06-10 08:08:43,107.24,USD,tournament
EV0004626,E004536,P100013,G014,2024-05-05 15:59:44,157.59,BRL,bonus
EV0002891,E002891,P100122,G009,2024-03-28 23:47:32,27.04,EUR,gameplay
EV0006220,E006019,P100075,G017,2024-06-02 05:43:29,166.34,BRL,gameplay
EV0005060,E004941,P100084,G001,2024-05-25 23:26:55,23.49,EUR,gameplay
EV0005703,E005531,P100191,G004,2024-05-14 02:09:57,47.16,GBP,tournament
EV0001154,E001154,P100005,G002,2024-02-11 12:36:24,23.8,EUR,gameplay
EV0002288,E002288,P100006,G007,2024-03-21 07:01:54,14.11,GBP,gameplay
EV0002223,E002223,P100198,G007,2024-02-20 14:32:23,27.19,USD,gameplay
EV0003023,E003023,P100148,G013,2024-03-13 21:07:50,87.89,BRL,gameplay
EV0001797,E001797,P100120,G010,2024-02-01 17:50:57,94.33,BRL,gameplay
EV0004245,E004184,P100155,G009,2024-04-21 08:42:14,16.83,EUR,gameplay
EV0005423,E005272,P100142,G018,2024-05-09 04:09:57,149.97,BRL,gameplay
EV0005413,E005263,P100140,G017,2024-05-19 05:50:44,25.09,GBP,gameplay
EV0002011,E002011,P100159,G010,2024-02-26 04:02:15,153.86,BRL,gameplay
EV0006058,E005866,P100049,G002,2024-06-05 22:29:16,18.43,EUR,gameplay
EV0001640,E001640,P100094,G010,2024-02-17 21:43:56,20.27,EUR,gameplay
EV0004921,E004814,P100061,G003,2024-05-26 10:28:13,34.21,EUR,gameplay
EV0004948,E004838,P100065,G007,2024-05-04 19:11:29,18.63,USD,gameplay
EV0000110,E000110,P100018,G018,2024-01-19 11:03:03,10.43,GBP,gameplay
EV0006267,E006062,P100083,G013,2024-06-12 17:12:38,62.54,BRL,bonus
EV0000972,E000972,P100171,G015,2024-01-23 03:05:54,54.67,USD,bonus
EV0003252,E003252,P100190,G017,2024-03-28 18:04:40,83.22,BRL,gameplay
EV0004458,E004382,P100187,G016,2024-04-20 10:50:41,75.83,USD,tournament
EV0002627,E002627,P100071,G004,2024-03-30 15:50:17,31.88,USD,bonus
EV0006640,E006409,P100145,G002,2024-06-03 04:54:52,75.02,EUR,bonus
EV0004015,E003971,P100117,G002,2024-04-14 02:31:26,13.27,GBP,gameplay
EV0002975,E002975,P100137,G010,2024-03-14 18:21:00,203.94,USD,tournament
EV0002983,E002983,P100138,G008,2024-03-24 02:06:43,18.23,EUR,gameplay
EV0004658,E004566,P100018,G018,2024-05-22 11:31:35,22.97,GBP,gameplay
EV0001783,E001783,P100118,G003,2024-02-13 02:14:24,9.8,EUR,gameplay
EV0005636,E005466,P100178,G015,2024-05-20 23:14:00,21.62,EUR,gameplay
EV0006166,E005970,P100067,G011,2024-06-26 08:47:21,51.62,USD,bonus
EV0001527,E001527,P100076,G010,2024-02-25 23:22:32,186.09,GBP,tournament
EV0005551,E005387,P100161,G012,2024-05-18 08:50:16,133.05,EUR,tournament
EV0006388,E006174,P100102,G014,2024-06-15 16:27:21,20.42,USD,gameplay
EV0004951,E004841,P100065,G007,2024-05-24 12:48:53,8.73,USD,gameplay
EV0004008,E003966,P100116,G013,2024-04-25 10:14:52,18.52,EUR,gameplay
EV0004527,E004446,P100196,G014,2024-04-09 05:52:08,188.95,BRL,gameplay
EV0002222,E002222,P100198,G007,2024-02-14 01:19:27,28.46,USD,gameplay
EV0006084,E005892,P100054,G015,2024-06-26 06:43:53,27.72,EUR,gameplay
EV0003865,E003834,P100093,G007,2024-04-09 12:31:05,10.71,EUR,gameplay
EV0000189,E000189,P100030,G008,2024-01-24 05:40:43,19.98,GBP,gameplay
EV0001853,E001853,P100132,G007,2024-02-21 16:22:25,26.16,GBP,gameplay
EV0001042,E001042,P100184,G014,2024-01-15 22:40:00,124.08,USD,tournament
EV0001067,E001067,P100190,G017,2024-01-12 05:13:35,102.36,BRL,gameplay
EV0001557,E001557,P100081,G014,2024-02-26 23:20:43,33.44,BRL,gameplay
EV0005670,E005499,P100184,G014,2024-05-26 12:07:49,32.98,USD,gameplay
EV0006810,E006568,P100173,G018,2024-06-28 08:48:10,22.75,USD,gameplay
EV0005011,E004898,P100074,G016,2024-05-09 04:42:42,66.63,EUR,bonus
EV0003159,E003159,P100172,G002,2024-03-31 23:01:31,29.33,EUR,gameplay
EV0004329,E004261,P100168,G004,2024-04-11 23:26:08,60.57,USD,bonus
EV0000324,E000324,P100053,G004,2024-01-24 12:22:27,46.65,BRL,gameplay
EV0002882,E002882,P100121,G009,2024-03-06 15:29:42,27.65,USD,bonus
EV0002218,E002218,P100198,G007,2024-02-14 05:10:25,38.55,USD,gameplay
EV0003260,E003260,P100191,G004,2024-03-19 14:00:11,26.52,GBP,gameplay
EV0000823,E000823,P100142,G018,2024-01-26 06:55:08,119.98,BRL,gameplay
EV0002382,E002382,P100024,G007,2024-03-14 17:28:08,109.56,BRL,gameplay
EV0006690,E006458,P100154,G013,2024-06-28 13:59:38,9.0,EUR,gameplay
EV0004668,E004576,P100019,G014,2024-05-29 07:52:46,35.24,EUR,gameplay
EV0006869,E006625,P100183,G008,2024-06-06 09:13:47,119.91,EUR,tournament
EV0001927,E001927,P100143,G008,2024-02-03 09:14:02,129.09,BRL,gameplay
EV0002484,E002484,P100045,G009,2024-03-22 11:06:10,123.99,BRL,gameplay
EV0000470,E000470,P100080,G013,2024-01-01 20:31:18,9.9,USD,gameplay
EV0002830,E002830,P100113,G016,2024-03-18 15:02:59,33.74,USD,gameplay
EV0004708,E004615,P100025,G016,2024-05-01 18:10:35,49.34,GBP,tournament
EV0002339,E002339,P100015,G006,2024-03-23 23:20:54,30.5,EUR,gameplay
EV0000186,E000186,P100029,G018,2024-01-30 23:36:20,26.39,USD,bonus
EV0001730,E001730,P100110,G018,2024-02-05 12:28:46,401.81,BRL,tournament
EV0000791,E000791,P100138,G008,2024-01-02 21:46:25,11.78,EUR,gameplay
EV0004197,E004139,P100148,G013,2024-04-18 07:28:19,55.64,BRL,gameplay
EV0004023,E003979,P100119,G014,2024-04-05 04:15:20,39.77,USD,gameplay
EV0002904,E002904,P100124,G017,2024-03-04 07:59:24,14.14,EUR,gameplay
EV0003201,E003201,P100180,G018,2024-03-28 17:20:01,18.52,USD,gameplay
EV0005493,E005335,P100153,G014,2024-05-27 18:51:51,31.94,EUR,gameplay
EV0000983,E000983,P100173,G018,2024-01-09 04:44:21,56.52,USD,bonus
EV0004059,E004012,P100126,G009,2024-04-09 12:43:00,176.75,BRL,gameplay
EV0002900,E002900,P100123,G010,2024-03-08 12:00:27,170.81,BRL,gameplay
EV0003419,E003410,P100019,G014,2024-04-09 11:51:48,15.12,EUR,gameplay
EV0003027,E003027,P100148,G013,2024-03-20 01:20:24,545.52,BRL,tournament
EV0003545,E003527,P100039,G003,2024-04-25 04:14:50,19.27,GBP,gameplay
EV0002128,E002128,P100180,G018,2024-02-20 13:55:00,29.11,USD,gameplay
EV0000648,E000648,P100116,G013,2024-01-19 16:07:33,30.19,EUR,gameplay
EV0001836,E001836,P100127,G015,2024-02-13 03:31:50,26.47,GBP,gameplay
EV0002005,E002005,P100157,G014,2024-02-22 02:04:16,141.92,BRL,gameplay
EV0000004,E000004,P100001,G003,2024-01-15 22:58:23,191.21,BRL,gameplay
EV0001218,E001218,P100016,G016,2024-02-26 19:45:47,75.75,USD,bonus
EV0004741,E004645,P100031,G002,2024-05-05 02:18:28,26.38,USD,gameplay
EV0006415,E006198,P100107,G011,2024-06-22 01:46:42,101.84,USD,tournament
EV0003185,E003185,P100177,G012,2024-03-26 07:23:03,146.16,BRL,gameplay
EV0001411,E001411,P100055,G007,2024-02-07 02:21:12,51.03,EUR,bonus
EV0000614,E000614,P100109,G007,2024-01-25 18:46:54,9.96,GBP,gameplay
EV0005697,E005525,P100189,G009,2024-05-17 18:20:08,18.44,EUR,gameplay
EV0006482,E006261,P100118,G003,2024-06-15 23:20:37,34.63,EUR,gameplay
EV0004791,E004694,P100041,G012,2024-05-13 11:45:39,21.62,USD,gameplay
EV0006792,E006552,P100171,G015,2024-06-21 23:05:29,27.97,USD,gameplay
EV0004588,E004500,P100005,G002,2024-05-31 21:18:26,13.59,EUR,gameplay
EV0004172,E004117,P100145,G002,2024-04-06 20:00:05,12.78,EUR,gameplay
EV0002192,E002192,P100191,G004,2024-02-22 20:11:30,6.96,GBP,gameplay
EV0003745,E003718,P100068,G007,2024-04-27 15:18:44,34.35,BRL,gameplay
EV0006250,E006047,P100081,G014,2024-06-19 07:22:09,83.86,BRL,gameplay
EV0001301,E001301,P100032,G015,2024-02-01 14:09:49,122.35,USD,tournament
EV0003249,E003249,P100190,G017,2024-03-31 05:53:59,282.78,BRL,bonus
EV0001558,E001558,P100082,G009,2024-02-24 19:50:05,20.43,EUR,gameplay
EV0004291,E004226,P100162,G002,2024-04-24 18:04:13,65.62,EUR,bonus
EV0004637,E004546,P100014,G004,2024-05-20 08:33:33,24.28,EUR,gameplay
EV0002841,E002841,P100115,G008,2024-03-14 04:27:35,126.14,BRL,gameplay
EV0006971,E006721,P100200,G018,2024-06-19 15:35:19,213.25,EUR,tournament
EV0000941,E000941,P100165,G016,2024-01-02 01:36:30,46.58,EUR,bonus
EV0004143,E004089,P100140,G017,2024-04-02 03:09:15,7.46,GBP,gameplay
EV0001182,E001182,P100010,G005,2024-02-24 23:15:59,18.65,USD,gameplay
EV0006016,E005825,P100041,G012,2024-06-02 06:30:25,51.12,USD,bonus
EV0003458,E003447,P100025,G016,2024-04-01 22:02:27,5.86,GBP,gameplay
EV0003671,E003647,P100058,G014,2024-04-13 21:48:01,103.7,BRL,gameplay
EV0005575,E005409,P100165,G016,2024-05-25 20:58:24,27.46,EUR,gameplay
EV0002381,E002381,P100023,G002,2024-03-29 07:05:26,5.18,EUR,gameplay
EV0006432,E006212,P100110,G018,2024-06-06 13:20:18,75.81,BRL,gameplay
EV0000616,E000616,P100109,G007,2024-01-28 19:43:10,21.91,GBP,gameplay
EV0001124,E001124,P100204,G001,2024-01-10 17:46:02,13.71,GBP,gameplay
EV0000181,E000181,P100029,G018,2024-01-24 03:02:51,37.81,USD,gameplay
EV0003425,E003416,P100020,G012,2024-04-16 05:01:12,158.06,BRL,gameplay
EV0002486,E002486,P100045,G009,2024-03-19 18:23:54,167.01,BRL,gameplay
EV0006431,E006212,P100110,G018,2024-06-06 13:20:09,75.81,BRL,gameplay
EV0003399,E003390,P100014,G004,2024-04-26 09:20:27,5.09,EUR,gameplay
EV0003367,E003362,P100010,G005,2024-04-19 07:17:34,22.59,USD,gameplay
EV0000797,E000797,P100139,G017,2024-01-08 07:04:17,30.75,USD,gameplay
EV0000562,E000562,P100099,G015,2024-01-31 21:20:35,37.13,USD,bonus
EV0001933,E001933,P100144,G016,2024-02-06 12:50:56,42.28,USD,bonus
EV0005679,E005508,P100185,G012,2024-05-02 08:43:52,23.6,GBP,gameplay
EV0001511,E001511,P100074,G016,2024-02-11 05:28:40,17.08,EUR,gameplay
EV0000312,E000312,P100051,G005,2024-01-29 20:19:10,68.15,EUR,bonus
EV0004836,E004736,P100047,G018,2024-05-21 12:56:49,7.57,EUR,gameplay
EV0004845,E004744,P100048,G005,2024-05-30 22:59:18,35.01,EUR,gameplay
EV0003540,E003523,P100038,G013,2024-04-01 00:25:31,358.84,BRL,bonus
EV0006314,E006106,P100091,G006,2024-06-07 01:20:27,229.43,BRL,bonus
EV0002796,E002796,P100105,G012,2024-03-20 15:01:43,10.0,GBP,gameplay
EV0001814,E001814,P100123,G010,2024-02-02 21:18:54,128.38,BRL,gameplay
EV0005109,E004985,P100091,G006,2024-05-27 11:05:34,140.5,BRL,gameplay
EV0006226,E006025,P100077,G008,2024-06-12 14:48:52,37.03,USD,gameplay
EV0000396,E000396,P100068,G007,2024-01-30 19:12:51,25.17,BRL,gameplay
EV0000921,E000921,P100161,G012,2024-01-04 14:11:19,15.16,EUR,gameplay
EV0004530,E004448,P100197,G002,2024-04-18 07:57:26,30.03,GBP,gameplay
EV0006381,E006168,P100101,G009,2024-06-16 17:13:02,160.99,BRL,gameplay
EV0006768,E006530,P100166,G003,2024-06-06 15:15:40,30.7,USD,gameplay
EV0000207,E000207,P100033,G010,2024-01-08 12:36:53,9.22,GBP,gameplay
EV0006519,E006295,P100125,G011,2024-06-11 08:18:59,12.67,USD,gameplay
EV0001775,E001775,P100117,G002,2024-02-03 05:45:49,13.39,GBP,gameplay
EV0001578,E001578,P100084,G001,2024-02-10 07:31:43,31.23,EUR,gameplay
EV0000132,E000132,P100021,G003,2024-01-30 17:21:34,11.06,USD,gameplay
EV0002194,E002194,P100191,G004,2024-02-23 03:40:22,4.77,GBP,gameplay
EV0006834,E006590,P100177,G012,2024-06-09 18:26:19,85.36,BRL,gameplay
EV0004477,E004401,P100190,G017,2024-04-01 04:01:43,62.18,BRL,gameplay
EV0005601,E005433,P100171,G015,2024-05-24 20:33:14,6.34,USD,gameplay
EV0004161,E004106,P100143,G008,2024-04-07 06:56:15,173.64,BRL,gameplay
EV0002701,E002701,P100084,G001,2024-03-29 03:32:34,31.74,EUR,gameplay
EV0000098,E000098,P100016,G016,2024-01-01 02:02:41,33.88,USD,gameplay
EV0004981,E004868,P100069,G003,2024-05-20 13:13:31,20.15,GBP,gameplay
EV0004856,E004754,P100051,G005,2024-05-06 07:54:12,37.35,EUR,gameplay
EV0006852,E006608,P100180,G018,2024-06-11 05:55:26,29.12,USD,gameplay
EV0004219,E004159,P100151,G004,2024-04-01 12:30:41,13.6,USD,gameplay
EV0006743,E006506,P100160,G002,2024-06-28 16:18:52,103.26,GBP,tournament
EV0000149,E000149,P100024,G007,2024-01-26 15:11:59,171.68,BRL,gameplay
EV0004270,E004207,P100159,G010,2024-04-23 17:52:28,160.14,BRL,gameplay
EV0006026,E005834,P100043,G004,2024-06-01 02:11:54,35.66,USD,gameplay
EV0000068,E000068,P100011,G015,2024-01-14 19:52:11,19.86,USD,gameplay
EV0006291,E006086,P100088,G012,2024-06-11 10:37:24,72.44,BRL,gameplay
EV0004928,E004819,P100062,G010,2024-05-18 15:35:54,23.23,USD,gameplay
EV0005619,E005450,P100174,G005,2024-05-03 03:58:21,24.92,GBP,gameplay
EV0000901,E000901,P100156,G018,2024-01-12 17:20:17,12.23,USD,gameplay
EV0005759,E005582,P100200,G018,2024-05-18 16:29:30,19.61,EUR,gameplay
EV0003292,E003292,P100198,G007,2024-03-01 18:42:20,16.8,USD,gameplay
EV0006709,E006475,P100157,G014,2024-06-02 18:40:56,58.0,BRL,gameplay
EV0000979,E000979,P100172,G002,2024-01-21 15:06:09,17.34,EUR,gameplay
EV0004537,E004454,P100198,G007,2024-04-29 20:24:57,121.34,USD,tournament
EV0002475,E002475,P100044,G007,2024-03-04 02:39:04,16.46,EUR,gameplay
EV0003666,E003642,P100058,G014,2024-04-01 02:39:55,53.78,BRL,gameplay
EV0006932,E006684,P100192,G008,2024-06-08 01:34:39,14.02,GBP,gameplay
EV0002057,E002057,P100167,G018,2024-02-18 22:59:30,13.23,EUR,gameplay
EV0006505,E006282,P100122,G009,2024-06-19 07:39:29,22.37,EUR,gameplay
EV0004552,E004467,P100202,G012,2024-04-03 02:16:14,7.95,USD,gameplay
EV0000357,E000357,P100060,G014,2024-01-14 00:14:34,4.83,EUR,gameplay
EV0002233,E002233,P100199,G018,2024-02-14 08:22:29,27.15,USD,gameplay
EV0004385,E004315,P100176,G008,2024-04-18 10:41:26,9.88,GBP,gameplay
EV0004575,E004487,P100003,G012,2024-05-25 14:40:42,139.21,BRL,bonus
EV0005042,E004925,P100082,G009,2024-05-20 18:16:37,24.01,EUR,gameplay
EV0005983,E005794,P100036,G008,2024-06-16 12:10:09,9.58,EUR,gameplay
EV0003627,E003605,P100052,G011,2024-04-30 17:04:01,163.73,GBP,tournament
EV0004775,E004678,P100040,G007,2024-05-22 10:34:52,6.52,USD,gameplay
EV0001375,E001375,P100048,G005,2024-02-15 00:14:47,35.14,EUR,gameplay
EV0000886,E000886,P100154,G013,2024-01-13 20:34:53,5.64,EUR,gameplay
EV0006440,E006220,P100111,G005,2024-06-11 04:13:06,36.28,BRL,gameplay
EV0002210,E002210,P100196,G014,2024-02-05 10:48:59,350.38,BRL,tournament
EV0005724,E005548,P100193,G004,2024-05-24 11:01:46,116.21,GBP,tournament
EV0000020,E000020,P100004,G008,2024-01-21 05:02:15,14.71,EUR,bonus
EV0006137,E005942,P100062,G010,2024-06-08 15:36:48,7.56,USD,gameplay
EV0004179,E004123,P100146,G015,2024-04-08 07:23:48,40.58,BRL,gameplay
EV0000321,E000321,P100053,G004,2024-01-20 20:10:28,123.82,BRL,gameplay
EV0003684,E003660,P100060,G014,2024-04-15 02:07:56,35.79,EUR,gameplay
EV0006984,E006734,P100210,G014,2024-06-15 09:55:44,84.82,USD,tournament
EV0001045,E001045,P100185,G012,2024-01-20 10:47:59,22.5,GBP,gameplay
EV0001157,E001157,P100006,G007,2024-02-14 06:31:40,13.66,GBP,gameplay
EV0001239,E001239,P100019,G014,2024-02-24 23:58:51,19.41,EUR,gameplay
EV0002034,E002034,P100163,G003,2024-02-02 22:16:16,152.52,BRL,gameplay
EV0002748,E002748,P100096,G014,2024-03-25 13:53:40,69.07,BRL,gameplay
EV0005991,E005802,P100037,G017,2024-06-27 05:10:46,30.19,USD,gameplay
EV0001219,E001219,P100016,G016,2024-02-17 19:24:19,51.07,USD,tournament
EV0006782,E006544,P100169,G012,2024-06-06 05:59:51,22.24,GBP,gameplay
EV0000631,E000631,P100113,G016,2024-01-19 04:03:10,6.37,USD,gameplay
EV0003086,E003086,P100159,G010,2024-03-28 00:24:09,81.92,BRL,bonus
EV0002272,E002272,P100004,G008,2024-03-24 02:00:47,25.47,EUR,bonus
EV0006040,E005848,P100045,G009,2024-06-18 00:24:25,104.99,BRL,gameplay
EV0000731,E000731,P100129,G004,2024-01-18 00:11:06,33.75,BRL,gameplay
EV0003416,E003407,P100019,G014,2024-04-24 12:55:48,27.17,EUR,gameplay
EV0006802,E006560,P100172,G002,2024-06-22 00:01:23,17.32,EUR,gameplay
EV0001617,E001617,P100090,G004,2024-02-24 19:27:04,13.69,EUR,gameplay
EV0000918,E000918,P100161,G012,2024-01-14 13:36:50,27.1,EUR,gameplay
EV0001307,E001307,P100034,G016,2024-02-27 08:57:33,86.35,BRL,gameplay
EV0003467,E003456,P100026,G014,2024-04-16 19:04:23,43.28,GBP,bonus
EV0004035,E003991,P100122,G009,2024-04-20 23:33:27,6.27,EUR,gameplay
EV0005116,E004991,P100092,G001,2024-05-11 19:52:17,132.86,BRL,gameplay
EV0000542,E000542,P100095,G014,2024-01-25 14:29:42,167.76,USD,tournament
EV0000163,E000163,P100026,G014,2024-01-15 23:38:23,33.78,GBP,bonus
EV0006664,E006433,P100150,G010,2024-06-01 09:20:26,17.3,EUR,gameplay
EV0002739,E002739,P100095,G014,2024-03-09 15:04:50,36.13,USD,bonus
EV0002058,E002058,P100168,G004,2024-02-14 00:44:10,6.19,USD,gameplay
EV0002189,E002189,P100190,G017,2024-02-21 21:50:18,204.51,BRL,bonus
EV0006902,E006655,P100187,G016,2024-06-19 10:02:52,30.55,USD,gameplay
EV0003722,E003696,P100064,G006,2024-04-07 06:08:33,155.28,GBP,tournament
EV0006078,E005886,P100053,G004,2024-06-07 02:12:46,65.73,BRL,gameplay
EV0006805,E006563,P100172,G002,2024-06-29 05:05:14,33.49,EUR,gameplay
EV0006450,E006230,P100114,G002,2024-06-01 07:53:13,22.64,GBP,gameplay
EV0005748,E005571,P100197,G002,2024-05-24 22:12:41,21.85,GBP,gameplay
EV0004817,E004718,P100044,G007,2024-05-30 01:03:46,5.11,EUR,gameplay
EV0002052,E002052,P100166,G003,2024-02-08 18:52:52,32.52,USD,gameplay
EV0004268,E004205,P100159,G010,2024-04-08 12:20:08,160.19,BRL,gameplay
EV0003889,E003858,P100098,G009,2024-04-24 23:07:07,14.48,GBP,gameplay
EV0001645,E001645,P100096,G014,2024-02-05 16:22:03,90.41,BRL,gameplay
EV0004793,E004696,P100042,G017,2024-05-10 08:01:01,67.29,BRL,gameplay
EV0000619,E000619,P100110,G018,2024-01-12 07:02:42,36.07,BRL,gameplay
EV0002976,E002976,P100137,G010,2024-03-24 09:46:48,11.56,USD,gameplay
EV0006100,E005907,P100057,G004,2024-06-03 23:42:40,22.52,USD,gameplay
EV0004812,E004714,P100044,G007,2024-05-01 10:05:37,17.06,EUR,gameplay
EV0003954,E003916,P100109,G007,2024-04-21 12:00:09,7.73,GBP,gameplay
EV0000716,E000716,P100127,G015,2024-01-28 15:29:55,28.78,GBP,gameplay
EV0003000,E003000,P100142,G018,2024-03-18 05:43:53,91.64,BRL,gameplay
EV0000516,E000516,P100090,G004,2024-01-26 05:07:08,166.31,EUR,tournament
EV0002834,E002834,P100114,G002,2024-03-11 19:29:22,15.82,GBP,gameplay
EV0005456,E005301,P100148,G013,2024-05-14 14:23:04,117.31,BRL,gameplay
EV0001533,E001533,P100077,G008,2024-02-13 12:45:37,178.88,USD,tournament
EV0006724,E006489,P100158,G016,2024-06-04 22:38:07,105.16,BRL,gameplay
EV0006571,E006343,P100133,G002,2024-06-04 00:56:54,6.64,GBP,gameplay
EV0000205,E000205,P100033,G010,2024-01-28 07:47:09,5.13,GBP,gameplay
EV0003530,E003513,P100036,G008,2024-04-23 18:07:00,48.5,EUR,tournament
EV0002570,E002570,P100063,G010,2024-03-19 22:52:23,161.18,BRL,gameplay
EV0005289,E005149,P100120,G010,2024-05-13 17:09:37,43.27,BRL,gameplay
EV0003270,E003270,P100194,G005,2024-03-22 16:22:11,180.91,BRL,gameplay
EV0001233,E001233,P100018,G018,2024-02-01 16:49:36,19.6,GBP,gameplay
EV0004889,E004783,P100057,G004,2024-05-12 05:56:29,21.68,USD,bonus
EV0005602,E005433,P100171,G015,2024-05-24 20:33:28,6.34,USD,gameplay
EV0004599,E004510,P100008,G018,2024-05-27 20:10:24,23.66,EUR,gameplay
EV0006538,E006312,P100128,G016,2024-06-15 00:18:54,63.97,GBP,tournament
EV0001420,E001420,P100056,G017,2024-02-08 08:46:11,75.7,BRL,gameplay
EV0003556,E003538,P100041,G012,2024-04-27 05:14:45,33.04,USD,gameplay
EV0004828,E004728,P100046,G011,2024-05-03 01:22:43,358.74,BRL,bonus
EV0004475,E004399,P100190,G017,2024-04-12 16:38:48,129.27,BRL,gameplay
EV0006762,E006524,P100164,G018,2024-06-17 04:19:19,37.07,EUR,gameplay
EV0004807,E004710,P100043,G004,2024-05-12 04:49:33,131.53,USD,tournament
EV0002816,E002816,P100111,G005,2024-03-13 04:00:18,320.93,BRL,tournament
EV0001565,E001565,P100082,G009,2024-02-01 05:59:59,37.0,EUR,gameplay
EV0001038,E001038,P100183,G008,2024-01-24 13:13:08,5.03,EUR,gameplay
EV0000759,E000759,P100134,G016,2024-01-10 10:26:41,404.94,BRL,tournament
EV0002370,E002370,P100022,G001,2024-03-29 15:01:17,31.3,EUR,gameplay
EV0002187,E002187,P100189,G009,2024-02-21 21:53:10,19.3,EUR,gameplay
EV0006713,E006479,P100157,G014,2024-06-16 20:41:14,179.65,BRL,gameplay
EV0004355,E004286,P100172,G002,2024-04-18 13:02:08,24.8,EUR,gameplay
EV0003265,E003265,P100193,G004,2024-03-04 04:50:23,153.37,GBP,tournament
EV0004605,E004516,P100009,G005,2024-05-20 03:02:06,12.85,GBP,gameplay
EV0000296,E000296,P100048,G005,2024-01-07 01:36:22,11.32,EUR,gameplay
EV0005646,E005475,P100179,G011,2024-05-19 19:54:50,14.96,USD,gameplay
EV0005103,E004980,P100090,G004,2024-05-03 17:24:24,11.78,EUR,gameplay
EV0001282,E001282,P100027,G011,2024-02-12 15:51:54,55.68,USD,bonus
EV0002984,E002984,P100138,G008,2024-03-23 04:14:47,45.42,EUR,bonus
EV0000069,E000069,P100011,G015,2024-01-03 10:42:18,16.24,USD,gameplay
EV0004078,E004030,P100130,G013,2024-04-25 21:51:38,279.41,BRL,bonus
EV0005808,E005630,P100006,G007,2024-06-16 13:01:40,11.38,GBP,gameplay
EV0002850,E002850,P100116,G013,2024-03-31 16:19:31,13.63,EUR,gameplay
EV0000092,E000092,P100015,G006,2024-01-02 03:33:09,34.12,EUR,gameplay
EV0005836,E005655,P100011,G015,2024-06-09 02:08:51,171.56,USD,tournament
EV0005589,E005422,P100168,G004,2024-05-06 20:16:40,25.23,USD,gameplay
EV0000977,E000977,P100172,G002,2024-01-13 10:03:16,6.65,EUR,gameplay
EV0002583,E002583,P100065,G007,2024-03-23 12:21:23,28.52,USD,gameplay
EV0000903,E000903,P100156,G018,2024-01-11 17:28:03,26.46,USD,gameplay
EV0003349,E003345,P100007,G013,2024-04-25 03:28:56,9.1,EUR,gameplay
EV0001093,E001093,P100195,G012,2024-01-16 02:38:47,31.77,USD,gameplay
EV0003050,E003050,P100152,G002,2024-03-08 23:43:23,19.11,USD,gameplay
EV0002722,E002722,P100091,G006,2024-03-05 18:55:43,27.13,BRL,gameplay
EV0005864,E005682,P100016,G016,2024-06-25 07:13:44,19.58,USD,bonus
EV0002430,E002430,P100033,G010,2024-03-09 03:49:52,15.43,GBP,gameplay
EV0006421,E006202,P100107,G011,2024-06-11 12:04:24,8.73,USD,gameplay
EV0004589,E004501,P100005,G002,2024-05-22 18:01:26,18.77,EUR,gameplay
EV0004571,E004484,P100003,G012,2024-05-07 09:11:32,84.89,BRL,gameplay
EV0006981,E006731,P100207,G011,2024-06-10 05:49:38,25.26,EUR,gameplay
EV0006360,E006149,P100099,G015,2024-06-03 18:17:54,167.53,USD,tournament
EV0006680,E006448,P100152,G002,2024-06-09 21:01:25,35.41,USD,gameplay
EV0000949,E000949,P100166,G003,2024-01-24 18:16:03,62.46,USD,bonus
EV0001531,E001531,P100077,G008,2024-02-22 04:16:15,20.94,USD,gameplay
EV0001838,E001838,P100128,G016,2024-02-21 14:51:10,27.86,GBP,gameplay
EV0003712,E003686,P100063,G010,2024-04-22 23:08:02,415.89,BRL,tournament
EV0002728,E002728,P100094,G010,2024-03-25 23:51:41,4.88,EUR,gameplay
EV0005499,E005341,P100155,G009,2024-05-01 09:19:28,23.95,EUR,gameplay
EV0004255,E004192,P100157,G014,2024-04-01 14:09:33,286.92,BRL,bonus
EV0001965,E001965,P100149,G016,2024-02-25 21:33:16,34.86,EUR,gameplay
EV0005563,E005398,P100163,G003,2024-05-11 20:40:08,115.82,BRL,gameplay
EV0004539,E004456,P100199,G018,2024-04-03 09:38:02,28.39,USD,bonus
EV0002996,E002996,P100141,G016,2024-03-10 14:03:42,453.08,BRL,tournament
EV0000099,E000099,P100016,G016,2024-01-07 18:26:39,102.93,USD,tournament
EV0006582,E006353,P100134,G016,2024-06-26 09:38:44,84.97,BRL,gameplay
EV0003821,E003792,P100085,G009,2024-04-27 17:11:17,5.5,GBP,gameplay
EV0000601,E000601,P100106,G015,2024-01-09 03:12:46,142.83,BRL,gameplay
EV0003559,E003541,P100041,G012,2024-04-22 11:36:06,60.6,USD,bonus
EV0006849,E006605,P100179,G011,2024-06-28 09:57:00,68.13,USD,bonus
EV0001366,E001366,P100047,G018,2024-02-17 10:56:43,23.04,EUR,bonus
EV0001833,E001833,P100127,G015,2024-02-21 00:40:37,29.08,GBP,gameplay
EV0006968,E006718,P100199,G018,2024-06-30 11:59:04,9.61,USD,gameplay
EV0001813,E001813,P100123,G010,2024-02-20 17:06:40,158.3,BRL,gameplay
EV0002274,E002274,P100005,G002,2024-03-09 22:34:07,18.39,EUR,gameplay
EV0004631,E004541,P100013,G014,2024-05-29 01:04:45,87.58,BRL,gameplay
EV0003375,E003369,P100012,G004,2024-04-25 22:01:58,19.02,USD,gameplay
EV0000934,E000934,P100164,G018,2024-01-05 09:55:42,63.65,EUR,bonus
EV0005139,E005011,P100096,G014,2024-05-26 23:07:25,70.06,BRL,gameplay
EV0001285,E001285,P100027,G011,2024-02-16 09:15:13,238.61,USD,tournament
EV0002276,E002276,P100005,G002,2024-03-10 12:53:52,28.54,EUR,gameplay
EV0001465,E001465,P100063,G010,2024-02-07 09:27:52,96.73,BRL,bonus
EV0005202,E005069,P100106,G015,2024-05-20 22:09:45,36.7,BRL,gameplay
EV0001920,E001920,P100141,G016,2024-02-22 04:29:43,227.58,BRL,bonus
EV0002657,E002657,P100077,G008,2024-03-13 20:42:25,16.18,USD,gameplay
EV0000035,E000035,P100006,G007,2024-01-26 05:46:28,158.68,GBP,tournament
EV0002347,E002347,P100016,G016,2024-03-25 03:34:10,39.1,USD,gameplay
EV0002646,E002646,P100076,G010,2024-03-01 20:27:41,95.6,GBP,tournament
EV0006394,E006180,P100104,G008,2024-06-29 14:10:03,129.58,BRL,gameplay
EV0003568,E003549,P100042,G017,2024-04-07 19:18:34,57.23,BRL,gameplay
EV0005319,E005176,P100124,G017,2024-05-31 11:52:37,156.29,EUR,tournament
EV0003145,E003145,P100171,G015,2024-03-19 11:24:07,22.35,USD,gameplay
EV0003539,E003522,P100038,G013,2024-04-28 09:19:37,60.13,BRL,gameplay
EV0000455,E000455,P100079,G014,2024-01-06 15:37:35,25.79,USD,gameplay
EV0001268,E001268,P100024,G007,2024-02-25 14:09:30,40.59,BRL,gameplay
EV0005691,E005519,P100187,G016,2024-05-02 01:57:35,37.19,USD,gameplay
EV0000767,E000767,P100134,G016,2024-01-17 01:46:04,133.23,BRL,gameplay
EV0001855,E001855,P100132,G007,2024-02-22 11:23:09,5.81,GBP,gameplay
EV0003861,E003830,P100092,G001,2024-04-01 09:52:35,110.37,BRL,gameplay
EV0005476,E005319,P100151,G004,2024-05-13 05:09:21,26.2,USD,gameplay
EV0000242,E000242,P100038,G013,2024-01-08 18:33:10,199.13,BRL,gameplay
EV0002109,E002109,P100176,G008,2024-02-01 01:54:01,23.64,GBP,gameplay
EV0001947,E001947,P100147,G014,2024-02-05 19:56:07,7.35,USD,gameplay
EV0000530,E000530,P100092,G001,2024-01-15 10:07:31,175.25,BRL,gameplay
EV0006043,E005851,P100045,G009,2024-06-22 02:10:07,81.75,BRL,gameplay
EV0001514,E001514,P100074,G016,2024-02-07 07:32:05,30.55,EUR,gameplay
EV0000269,E000269,P100043,G004,2024-01-04 00:54:21,33.36,USD,gameplay
EV0002875,E002875,P100120,G010,2024-03-15 04:45:09,62.6,BRL,gameplay
EV0005509,E005349,P100157,G014,2024-05-03 05:52:40,270.2,BRL,bonus
EV0000881,E000881,P100153,G014,2024-01-05 15:09:40,5.78,EUR,gameplay
EV0003202,E003202,P100180,G018,2024-03-25 21:18:52,31.46,USD,gameplay
EV0000176,E000176,P100028,G006,2024-01-28 12:24:05,28.57,GBP,bonus
EV0005082,E004961,P100086,G013,2024-05-25 06:41:49,159.98,BRL,gameplay
EV0003571,E003552,P100042,G017,2024-04-04 02:26:23,119.24,BRL,gameplay
EV0001673,E001673,P100100,G011,2024-02-08 07:21:27,149.47,BRL,gameplay
EV0000368,E000368,P100062,G010,2024-01-12 06:28:19,9.23,USD,gameplay
EV0001291,E001291,P100029,G018,2024-02-15 14:53:48,37.43,USD,gameplay
EV0004198,E004140,P100148,G013,2024-04-06 07:17:22,162.76,BRL,gameplay
EV0003829,E003799,P100087,G003,2024-04-12 12:18:06,4.31,GBP,gameplay
EV0003146,E003146,P100171,G015,2024-03-29 21:34:18,20.66,USD,gameplay
EV0002317,E002317,P100012,G004,2024-03-08 06:19:32,8.8,USD,gameplay
EV0005812,E005634,P100007,G013,2024-06-29 17:49:04,15.34,EUR,gameplay
EV0003429,E003419,P100020,G012,2024-04-11 22:40:52,32.96,BRL,gameplay
EV0005942,E005756,P100030,G008,2024-06-14 11:03:54,17.38,GBP,bonus
EV0006891,E006644,P100185,G012,2024-06-07 12:28:48,27.02,GBP,gameplay
EV0003953,E003915,P100108,G016,2024-04-05 07:48:19,36.45,EUR,gameplay
EV0002235,E002235,P100199,G018,2024-02-11 11:02:09,6.42,USD,gameplay
EV0003449,E003438,P100024,G007,2024-04-13 14:27:24,149.02,BRL,gameplay
EV0006558,E006330,P100131,G004,2024-06-28 19:37:52,44.23,BRL,gameplay
EV0004181,E004125,P100146,G015,2024-04-23 01:26:01,177.68,BRL,gameplay
EV0002610,E002610,P100069,G003,2024-03-19 05:02:44,17.83,GBP,bonus
EV0005484,E005327,P100152,G002,2024-05-07 13:05:20,18.36,USD,gameplay
EV0004707,E004614,P100025,G016,2024-05-12 05:42:30,13.16,GBP,gameplay
EV0001902,E001902,P100139,G017,2024-02-11 14:09:00,10.83,USD,gameplay
EV0005246,E005110,P100113,G016,2024-05-26 13:31:15,39.94,USD,gameplay
EV0003247,E003247,P100189,G009,2024-03-15 03:41:30,10.66,EUR,gameplay
EV0000589,E000589,P100104,G008,2024-01-02 22:54:04,155.85,BRL,gameplay
EV0002020,E002020,P100160,G002,2024-02-25 01:51:06,181.7,GBP,tournament
EV0002556,E002556,P100059,G017,2024-03-31 14:01:44,30.76,GBP,bonus
EV0006974,E006724,P100200,G018,2024-06-19 05:11:48,11.51,EUR,gameplay
EV0001179,E001179,P100010,G005,2024-02-04 16:42:53,30.71,USD,gameplay
EV0006002,E005813,P100039,G003,2024-06-08 17:28:49,30.06,GBP,gameplay
EV0003592,E003572,P100047,G018,2024-04-13 04:27:56,32.03,EUR,gameplay
EV0001376,E001376,P100048,G005,2024-02-23 11:12:05,13.81,EUR,gameplay
EV0001110,E001110,P100197,G002,2024-01-24 03:14:08,12.17,GBP,gameplay
EV0003258,E003258,P100191,G004,2024-03-09 18:51:49,10.81,GBP,gameplay
EV0003784,E003756,P100077,G008,2024-04-08 13:27:26,5.7,USD,gameplay
EV0003336,E003332,P100005,G002,2024-04-18 23:18:06,116.95,EUR,tournament
EV0003991,E003950,P100113,G016,2024-04-01 14:20:24,19.45,USD,gameplay
EV0006667,E006436,P100150,G010,2024-06-13 11:52:30,59.23,EUR,bonus
EV0005154,E005023,P100098,G009,2024-05-06 05:16:00,18.94,GBP,gameplay
EV0004488,E004412,P100191,G004,2024-04-07 10:22:44,9.92,GBP,gameplay
EV0004193,E004136,P100147,G014,2024-04-27 08:56:27,39.11,USD,gameplay
EV0006542,E006316,P100129,G004,2024-06-16 01:01:15,184.56,BRL,gameplay
EV0002410,E002410,P100029,G018,2024-03-10 12:57:33,76.42,USD,bonus
EV0000193,E000193,P100031,G002,2024-01-30 01:35:26,33.2,USD,gameplay
EV0004977,E004864,P100068,G007,2024-05-31 00:27:04,193.16,BRL,gameplay
EV0004666,E004574,P100019,G014,2024-05-08 14:35:37,53.58,EUR,bonus
EV0001289,E001289,P100028,G006,2024-02-26 11:49:02,30.66,GBP,gameplay
EV0003757,E003729,P100070,G013,2024-04-15 15:16:39,30.13,EUR,gameplay
EV0001462,E001462,P100063,G010,2024-02-15 01:23:33,118.31,BRL,gameplay
EV0002422,E002422,P100032,G015,2024-03-27 08:07:40,12.87,USD,bonus
EV0003363,E003358,P100009,G005,2024-04-10 19:24:24,45.52,GBP,bonus
EV0006271,E006066,P100083,G013,2024-06-18 17:40:28,183.13,BRL,gameplay
EV0006407,E006193,P100106,G015,2024-06-10 21:10:24,347.68,BRL,bonus
EV0001745,E001745,P100112,G015,2024-02-03 07:04:00,90.09,BRL,gameplay
EV0003523,E003506,P100035,G003,2024-04-25 22:58:03,27.01,GBP,gameplay
EV0003597,E003577,P100047,G018,2024-04-08 23:19:58,18.8,EUR,bonus
EV0000841,E000841,P100145,G002,2024-01-04 14:29:52,5.87,EUR,gameplay
EV0003840,E003810,P100088,G012,2024-04-10 15:57:24,519.0,BRL,tournament
EV0004716,E004622,P100026,G014,2024-05-20 09:12:18,26.94,GBP,gameplay
EV0003670,E003646,P100058,G014,2024-04-08 02:51:38,185.01,BRL,gameplay
EV0001276,E001276,P100026,G014,2024-02-03 08:57:41,12.38,GBP,gameplay
EV0000906,E000906,P100157,G014,2024-01-15 19:22:19,146.06,BRL,gameplay
EV0006374,E006162,P100100,G011,2024-06-10 15:28:38,115.74,BRL,gameplay
EV0000005,E000005,P100001,G003,2024-01-08 13:37:25,173.13,BRL,gameplay
EV0006780,E006542,P100168,G004,2024-06-14 18:04:51,14.37,USD,gameplay
EV0001210,E001210,P100014,G004,2024-02-28 08:18:47,11.27,EUR,gameplay
EV0002885,E002885,P100121,G009,2024-03-28 22:11:00,62.61,USD,bonus
EV0003809,E003780,P100082,G009,2024-04-09 21:27:40,11.86,EUR,gameplay
EV0004049,E004004,P100124,G017,2024-04-25 19:30:53,21.2,EUR,gameplay
EV0003251,E003251,P100190,G017,2024-03-29 05:06:46,156.55,BRL,gameplay
EV0003351,E003346,P100008,G018,2024-04-17 11:29:12,18.88,EUR,gameplay
EV0000816,E000816,P100142,G018,2024-01-22 11:22:40,28.27,BRL,gameplay
EV0001647,E001647,P100097,G014,2024-02-25 03:18:19,18.4,GBP,gameplay
EV0000991,E000991,P100175,G009,2024-01-23 11:31:05,8.74,USD,gameplay
EV0006035,E005843,P100044,G007,2024-06-30 22:06:38,20.96,EUR,gameplay
EV0000383,E000383,P100065,G007,2024-01-14 06:41:56,18.41,USD,gameplay
EV0000483,E000483,P100083,G013,2024-01-03 15:21:40,113.35,BRL,bonus
EV0005858,E005676,P100015,G006,2024-06-07 03:25:01,190.28,EUR,tournament
EV0006527,E006302,P100126,G009,2024-06-29 00:44:19,149.84,BRL,bonus
EV0001293,E001293,P100029,G018,2024-02-02 16:06:10,67.65,USD,bonus
EV0000502,E000502,P100087,G003,2024-01-29 03:32:46,15.27,GBP,gameplay
EV0005730,E005554,P100194,G005,2024-05-25 05:22:09,70.83,BRL,gameplay
EV0000165,E000165,P100027,G011,2024-01-22 19:55:50,202.37,USD,tournament
EV0001839,E001839,P100129,G004,2024-02-22 18:40:38,185.55,BRL,gameplay
EV0006048,E005856,P100046,G011,2024-06-04 09:52:42,52.07,BRL,gameplay
EV0003896,E003864,P100099,G015,2024-04-07 12:48:25,156.19,USD,tournament
EV0000876,E000876,P100152,G002,2024-01-26 20:13:00,17.24,USD,gameplay
EV0005204,E005071,P100106,G015,2024-05-06 02:56:56,157.03,BRL,gameplay
EV0000017,E000017,P100003,G012,2024-01-26 23:57:02,122.25,BRL,gameplay
EV0003288,E003288,P100197,G002,2024-03-11 06:34:00,15.37,GBP,gameplay
EV0005907,E005723,P100023,G002,2024-06-15 06:17:19,52.38,EUR,bonus
EV0002653,E002653,P100077,G008,2024-03-03 06:28:10,24.18,USD,gameplay
EV0005680,E005509,P100185,G012,2024-05-24 07:25:36,8.74,GBP,gameplay
EV0000987,E000987,P100173,G018,2024-01-11 21:19:25,39.71,USD,gameplay
EV0003765,E003737,P100072,G008,2024-04-27 19:46:18,14.86,GBP,gameplay
EV0005751,E005574,P100198,G007,2024-05-18 05:52:36,16.62,USD,gameplay
EV0005828,E005648,P100009,G005,2024-06-20 08:29:12,14.4,GBP,gameplay
EV0000452,E000452,P100078,G014,2024-01-07 01:15:02,32.96,EUR,gameplay
EV0004835,E004735,P100047,G018,2024-05-14 17:33:57,35.09,EUR,gameplay
EV0005625,E005455,P100175,G009,2024-05-29 04:11:38,111.9,USD,tournament
EV0002905,E002905,P100124,G017,2024-03-18 20:12:00,15.48,EUR,gameplay
EV0001171,E001171,P100008,G018,2024-02-08 03:09:12,12.34,EUR,gameplay
EV0004809,E004712,P100044,G007,2024-05-01 01:51:02,8.9,EUR,gameplay
EV0006751,E006514,P100161,G012,2024-06-12 15:58:37,13.52,EUR,gameplay
EV0002643,E002643,P100075,G017,2024-03-15 08:12:45,191.25,BRL,gameplay
EV0000491,E000491,P100084,G001,2024-01-02 09:18:29,6.74,EUR,gameplay
EV0000549,E000549,P100096,G014,2024-01-29 23:32:19,130.7,BRL,gameplay
EV0003968,E003929,P100111,G005,2024-04-19 03:36:02,41.33,BRL,gameplay
EV0001994,E001994,P100155,G009,2024-02-08 20:22:27,20.83,EUR,gameplay
EV0005457,E005302,P100148,G013,2024-05-04 02:27:19,113.09,BRL,gameplay
EV0003781,E003753,P100076,G010,2024-04-17 18:49:55,16.93,GBP,gameplay
EV0004168,E004113,P100144,G016,2024-04-07 20:55:20,15.68,USD,gameplay
EV0003001,E003001,P100142,G018,2024-03-25 05:13:04,89.05,BRL,bonus
EV0003649,E003626,P100055,G007,2024-04-21 03:48:38,42.16,EUR,bonus
EV0002260,E002260,P100003,G012,2024-03-18 10:48:29,76.39,BRL,gameplay
EV0002636,E002636,P100073,G015,2024-03-11 19:56:34,16.2,USD,gameplay
EV0005170,E005038,P100100,G011,2024-05-29 02:47:26,130.4,BRL,gameplay
EV0003342,E003338,P100006,G007,2024-04-29 17:54:10,16.26,GBP,gameplay
EV0005957,E005770,P100032,G015,2024-06-12 22:25:10,23.65,USD,gameplay
EV0001597,E001597,P100088,G012,2024-02-06 20:47:24,131.03,BRL,gameplay
EV0003936,E003899,P100105,G012,2024-04-18 15:09:47,23.52,GBP,gameplay
EV0004888,E004782,P100056,G017,2024-05-05 07:42:22,43.4,BRL,gameplay
EV0005260,E005123,P100116,G013,2024-05-06 02:16:40,61.65,EUR,bonus
EV0000942,E000942,P100165,G016,2024-01-16 22:05:09,8.29,EUR,gameplay
EV0006318,E006109,P100091,G006,2024-06-30 06:52:29,85.51,BRL,gameplay
EV0001223,E001223,P100016,G016,2024-02-05 15:55:53,6.55,USD,gameplay
EV0004909,E004803,P100059,G017,2024-05-28 21:09:35,13.87,GBP,gameplay
EV0004717,E004623,P100027,G011,2024-05-08 18:48:34,204.58,USD,tournament
EV0003977,E003936,P100112,G015,2024-04-01 06:48:16,186.7,BRL,gameplay
EV0004823,E004723,P100045,G009,2024-05-21 14:26:27,302.8,BRL,bonus
EV0002119,E002119,P100178,G015,2024-02-14 17:17:30,11.89,EUR,gameplay
EV0002191,E002191,P100191,G004,2024-02-09 06:29:16,24.72,GBP,gameplay
EV0001689,E001689,P100103,G016,2024-02-10 01:36:03,29.96,GBP,gameplay
EV0003715,E003689,P100064,G006,2024-04-01 01:35:50,121.65,GBP,tournament
EV0005669,E005498,P100184,G014,2024-05-10 08:59:59,11.81,USD,gameplay
EV0005428,E005277,P100142,G018,2024-05-10 19:16:59,155.49,BRL,gameplay
EV0002705,E002705,P100086,G013,2024-03-12 23:26:44,474.77,BRL,tournament
EV0004124,E004073,P100137,G010,2024-04-12 06:37:31,27.56,USD,gameplay
EV0004603,E004514,P100009,G005,2024-05-13 22:18:36,23.03,GBP,gameplay
EV0001446,E001446,P100061,G003,2024-02-27 11:50:25,14.41,EUR,gameplay
EV0001322,E001322,P100037,G017,2024-02-25 11:29:06,11.74,USD,gameplay
EV0005988,E005799,P100037,G017,2024-06-02 01:09:47,22.17,USD,gameplay
EV0003368,E003363,P100010,G005,2024-04-02 13:08:16,12.98,USD,gameplay
EV0004787,E004690,P100041,G012,2024-05-05 22:54:17,6.68,USD,gameplay
EV0001302,E001302,P100032,G015,2024-02-03 02:21:20,33.22,USD,gameplay
EV0003984,E003943,P100113,G016,2024-04-03 17:27:30,39.61,USD,gameplay
EV0005829,E005648,P100009,G005,2024-06-20 08:29:49,14.4,GBP,gameplay
EV0005517,E005357,P100158,G016,2024-05-29 20:15:25,108.79,BRL,gameplay
EV0000331,E000331,P100054,G015,2024-01-27 18:26:23,17.15,EUR,gameplay
EV0005933,E005748,P100028,G006,2024-06-07 17:13:53,23.48,GBP,gameplay
EV0003464,E003453,P100026,G014,2024-04-05 12:34:46,11.77,GBP,gameplay
EV0000418,E000418,P100072,G008,2024-01-06 01:06:21,28.08,GBP,gameplay
EV0001008,E001008,P100179,G011,2024-01-01 05:59:05,15.65,USD,bonus
EV0001954,E001954,P100148,G013,2024-02-19 15:23:42,143.69,BRL,gameplay
EV0001221,E001221,P100016,G016,2024-02-16 10:56:29,10.95,USD,gameplay
EV0000370,E000370,P100062,G010,2024-01-20 01:13:53,29.66,USD,gameplay
EV0003362,E003357,P100009,G005,2024-04-06 09:40:02,21.12,GBP,gameplay
EV0003028,E003028,P100148,G013,2024-03-15 00:02:38,115.13,BRL,gameplay
EV0005880,E005697,P100018,G018,2024-06-13 07:06:29,59.21,GBP,tournament
EV0000297,E000297,P100049,G002,2024-01-23 09:18:36,10.08,EUR,gameplay
EV0002227,E002227,P100199,G018,2024-02-02 03:55:31,21.27,USD,gameplay
EV0000485,E000485,P100083,G013,2024-01-19 05:31:50,160.69,BRL,gameplay
EV0000040,E000040,P100007,G013,2024-01-26 19:08:55,62.15,EUR,bonus
EV0000019,E000019,P100003,G012,2024-01-02 14:06:51,51.5,BRL,gameplay
EV0002503,E002503,P100049,G002,2024-03-13 09:31:50,20.59,EUR,gameplay
EV0002220,E002220,P100198,G007,2024-02-13 00:10:20,27.96,USD,gameplay
EV0000783,E000783,P100137,G010,2024-01-03 18:25:36,33.39,USD,gameplay
EV0004485,E004409,P100191,G004,2024-04-23 16:42:59,11.25,GBP,gameplay
EV0002092,E002092,P100173,G018,2024-02-16 16:42:11,27.32,USD,gameplay
EV0005863,E005681,P100016,G016,2024-06-20 12:25:43,19.09,USD,gameplay
EV0005098,E004976,P100089,G007,2024-05-17 20:39:04,16.99,EUR,gameplay
EV0003566,E003547,P100042,G017,2024-04-09 10:56:19,338.06,BRL,bonus
EV0001010,E001010,P100180,G018,2024-01-21 08:33:28,12.22,USD,gameplay
EV0004040,E003995,P100123,G010,2024-04-04 22:31:47,46.36,BRL,gameplay
EV0000179,E000179,P100028,G006,2024-01-01 00:19:29,9.94,GBP,gameplay
EV0004048,E004003,P100124,G017,2024-04-15 03:26:06,178.52,EUR,tournament
EV0003306,E003306,P100208,G005,2024-03-02 07:03:07,35.33,USD,gameplay
EV0004633,E004543,P100013,G014,2024-05-14 17:16:52,94.75,BRL,gameplay
EV0003019,E003019,P100146,G015,2024-03-25 21:44:01,1042.56,BRL,tournament
EV0002629,E002629,P100071,G004,2024-03-21 18:58:14,16.26,USD,gameplay
EV0004339,E004270,P100169,G012,2024-04-08 19:57:30,4.34,GBP,gameplay
EV0001016,E001016,P100180,G018,2024-01-07 03:50:09,14.67,USD,gameplay
EV0001665,E001665,P100099,G015,2024-02-01 13:30:18,25.9,USD,gameplay
EV0003411,E003402,P100017,G008,2024-04-16 17:08:12,222.88,BRL,bonus
EV0003734,E003708,P100066,G015,2024-04-24 03:53:58,123.09,BRL,gameplay
EV0005526,E005364,P100159,G010,2024-05-22 21:33:19,66.9,BRL,gameplay
EV0005698,E005526,P100189,G009,2024-05-28 18:26:52,18.08,EUR,gameplay
EV0000506,E000506,P100087,G003,2024-01-11 07:00:00,29.26,GBP,gameplay
EV0001859,E001859,P100132,G007,2024-02-20 21:04:36,11.36,GBP,gameplay
EV0003811,E003782,P100082,G009,2024-04-05 19:26:27,24.93,EUR,gameplay
EV0001584,E001584,P100085,G009,2024-02-28 05:54:31,23.7,GBP,gameplay
EV0003014,E003014,P100144,G016,2024-03-18 04:52:11,14.14,USD,gameplay
EV0002743,E002743,P100095,G014,2024-03-10 04:20:58,23.57,USD,gameplay
EV0006552,E006324,P100130,G013,2024-06-21 07:47:48,189.87,BRL,gameplay
EV0002849,E002849,P100116,G013,2024-03-08 07:52:01,192.98,EUR,tournament
EV0006439,E006219,P100111,G005,2024-06-04 17:41:01,51.87,BRL,gameplay
EV0005686,E005514,P100186,G002,2024-05-09 09:39:02,27.01,GBP,gameplay
EV0006739,E006502,P100160,G002,2024-06-16 14:56:21,42.96,GBP,bonus
EV0005228,E005093,P100109,G007,2024-05-21 11:29:13,12.85,GBP,gameplay
EV0000212,E000212,P100034,G016,2024-01-27 21:03:48,324.98,BRL,tournament
EV0003313,E003311,P100001,G003,2024-04-17 03:02:41,1068.63,BRL,tournament
EV0005117,E004992,P100092,G001,2024-05-22 02:58:10,151.33,BRL,gameplay
EV0006964,E006714,P100199,G018,2024-06-14 13:35:37,7.83,USD,gameplay
EV0004772,E004675,P100039,G003,2024-05-15 22:09:34,15.39,GBP,gameplay
EV0006497,E006274,P100121,G009,2024-06-04 07:21:23,8.87,USD,gameplay
EV0002116,E002116,P100177,G012,2024-02-27 19:54:19,94.68,BRL,gameplay
EV0001349,E001349,P100043,G004,2024-02-06 09:09:11,8.48,USD,gameplay
EV0005313,E005172,P100124,G017,2024-05-28 10:07:49,26.7,EUR,bonus
EV0003007,E003007,P100143,G008,2024-03-24 00:12:25,63.23,BRL,gameplay
EV0004169,E004114,P100144,G016,2024-04-06 17:10:11,25.5,USD,gameplay
EV0006763,E006525,P100164,G018,2024-06-10 22:35:14,34.44,EUR,bonus
EV0005254,E005117,P100115,G008,2024-05-23 21:01:13,29.46,BRL,gameplay
EV0005111,E004987,P100091,G006,2024-05-07 02:13:58,79.4,BRL,gameplay
EV0006715,E006481,P100158,G016,2024-06-10 17:59:06,170.44,BRL,bonus
EV0006908,E006661,P100188,G015,2024-06-21 05:39:17,39.89,GBP,bonus
EV0005827,E005647,P100009,G005,2024-06-05 01:51:23,11.95,GBP,gameplay
EV0000964,E000964,P100169,G012,2024-01-28 13:39:58,13.51,GBP,gameplay
EV0004808,E004711,P100044,G007,2024-05-29 18:57:10,13.34,EUR,gameplay
EV0001177,E001177,P100009,G005,2024-02-29 11:42:42,29.62,GBP,gameplay
EV0004533,E004450,P100197,G002,2024-04-13 03:17:30,11.29,GBP,gameplay
EV0006697,E006465,P100155,G009,2024-06-22 14:10:06,22.61,EUR,gameplay
EV0004500,E004424,P100193,G004,2024-04-16 18:51:18,14.95,GBP,gameplay
EV0001310,E001310,P100034,G016,2024-02-21 12:49:12,169.27,BRL,gameplay
EV0003909,E003874,P100100,G011,2024-04-29 03:39:44,39.18,BRL,gameplay
EV0002685,E002685,P100082,G009,2024-03-01 18:57:02,124.32,EUR,tournament
EV0003155,E003155,P100172,G002,2024-03-24 15:50:46,22.63,EUR,gameplay
EV0001192,E001192,P100012,G004,2024-02-06 14:40:20,35.08,USD,gameplay
EV0000905,E000905,P100157,G014,2024-01-23 19:57:37,93.77,BRL,gameplay
EV0003681,E003657,P100060,G014,2024-04-13 11:27:44,31.05,EUR,gameplay
EV0006877,E006632,P100184,G014,2024-06-30 08:48:03,6.54,USD,gameplay
EV0004555,E004470,P100205,G007,2024-04-25 14:53:03,9.51,USD,gameplay
EV0003602,E003582,P100048,G005,2024-04-17 15:25:01,203.17,EUR,tournament
EV0002719,E002719,P100090,G004,2024-03-03 02:15:46,12.97,EUR,gameplay
EV0004408,E004336,P100181,G001,2024-04-23 08:53:38,175.27,BRL,gameplay
EV0002161,E002161,P100185,G012,2024-02-06 23:00:12,28.35,GBP,bonus
EV0000263,E000263,P100042,G017,2024-01-17 17:37:44,114.6,BRL,gameplay
EV0000973,E000973,P100171,G015,2024-01-25 20:36:51,18.16,USD,gameplay
EV0000575,E000575,P100101,G009,2024-01-18 20:00:07,108.32,BRL,gameplay
EV0002525,E002525,P100054,G015,2024-03-18 15:12:08,71.8,EUR,bonus
EV0002026,E002026,P100161,G012,2024-02-21 19:00:07,12.81,EUR,gameplay
EV0003361,E003356,P100009,G005,2024-04-25 14:37:51,13.39,GBP,gameplay
EV0005816,E005637,P100007,G013,2024-06-03 10:59:24,30.12,EUR,gameplay
EV0001484,E001484,P100067,G011,2024-02-24 12:10:04,9.35,USD,gameplay
EV0003790,E003761,P100078,G014,2024-04-20 01:03:28,22.9,EUR,gameplay
EV0005519,E005358,P100158,G016,2024-05-29 14:51:35,35.02,BRL,gameplay
EV0006566,E006338,P100132,G007,2024-06-26 18:15:02,14.53,GBP,gameplay
EV0003172,E003172,P100176,G008,2024-03-24 19:45:44,18.34,GBP,gameplay
EV0000827,E000827,P100143,G008,2024-01-24 00:48:20,179.3,BRL,gameplay
EV0004819,E004719,P100045,G009,2024-05-04 23:00:51,104.52,BRL,gameplay
EV0006336,E006125,P100094,G010,2024-06-11 23:07:40,35.48,EUR,gameplay
EV0003477,E003464,P100027,G011,2024-04-21 17:09:17,32.9,USD,gameplay
EV0000560,E000560,P100098,G009,2024-01-24 20:35:24,27.4,GBP,gameplay
EV0003719,E003693,P100064,G006,2024-04-02 04:14:34,26.52,GBP,gameplay
EV0006498,E006275,P100121,G009,2024-06-05 01:46:30,24.99,USD,gameplay
EV0003739,E003712,P100067,G011,2024-04-06 04:21:17,37.59,USD,gameplay
EV0004148,E004094,P100141,G016,2024-04-09 15:20:09,101.14,BRL,gameplay
EV0005409,E005259,P100140,G017,2024-05-21 07:07:25,11.63,GBP,gameplay
EV0004120,E004069,P100137,G010,2024-04-25 15:11:34,10.53,USD,gameplay
EV0005969,E005781,P100034,G016,2024-06-10 09:46:53,150.59,BRL,gameplay
EV0001324,E001324,P100037,G017,2024-02-07 14:04:23,9.55,USD,gameplay
EV0003882,E003851,P100096,G014,2024-04-25 02:36:15,121.29,BRL,gameplay
EV0000260,E000260,P100041,G012,2024-01-22 11:10:41,13.69,USD,gameplay
EV0001758,E001758,P100114,G002,2024-02-10 05:34:06,42.87,GBP,tournament
EV0002277,E002277,P100005,G002,2024-03-13 22:59:32,6.0,EUR,gameplay
EV0005236,E005101,P100110,G018,2024-05-16 23:51:51,289.66,BRL,bonus
EV0005120,E004995,P100093,G007,2024-05-10 17:48:36,47.93,EUR,bonus
EV0006982,E006732,P100208,G005,2024-06-10 00:53:45,50.37,USD,tournament
EV0006074,E005882,P100053,G004,2024-06-07 10:09:21,73.86,BRL,gameplay
EV0004071,E004024,P100129,G004,2024-04-03 02:00:20,80.84,BRL,gameplay
EV0005525,E005363,P100158,G016,2024-05-03 11:21:54,76.57,BRL,gameplay
EV0000898,E000898,P100156,G018,2024-01-21 06:20:12,31.55,USD,gameplay
EV0002404,E002404,P100028,G006,2024-03-01 06:46:47,72.17,GBP,tournament
EV0000166,E000166,P100027,G011,2024-01-23 11:04:58,20.64,USD,gameplay
EV0004251,E004188,P100156,G018,2024-04-10 01:28:59,38.86,USD,bonus
EV0006119,E005926,P100059,G017,2024-06-24 15:16:00,16.42,GBP,gameplay
EV0000792,E000792,P100138,G008,2024-01-19 16:05:14,58.01,EUR,bonus
EV0004756,E004660,P100034,G016,2024-05-10 12:07:30,185.75,BRL,gameplay
EV0004436,E004363,P100184,G014,2024-04-30 17:27:01,23.52,USD,gameplay
EV0003289,E003289,P100198,G007,2024-03-26 09:49:33,35.69,USD,gameplay
EV0001685,E001685,P100102,G014,2024-02-14 17:45:16,9.47,USD,gameplay
EV0003852,E003821,P100090,G004,2024-04-12 09:38:05,25.24,EUR,gameplay
EV0002811,E002811,P100110,G018,2024-03-28 05:49:17,26.85,BRL,gameplay
EV0000174,E000174,P100028,G006,2024-01-02 09:26:11,29.28,GBP,gameplay
EV0002055,E002055,P100167,G018,2024-02-05 18:31:40,21.1,EUR,gameplay
EV0001644,E001644,P100096,G014,2024-02-22 16:57:14,196.37,BRL,gameplay
EV0005434,E005282,P100144,G016,2024-05-23 13:15:20,36.21,USD,gameplay
EV0000257,E000257,P100040,G007,2024-01-15 19:30:37,18.19,USD,gameplay
EV0000771,E000771,P100135,G010,2024-01-19 11:43:29,29.44,EUR,gameplay
EV0006945,E006696,P100195,G012,2024-06-10 19:22:05,38.38,USD,gameplay
EV0004994,E004881,P100072,G008,2024-05-29 08:53:31,26.86,GBP,gameplay
EV0001909,E001909,P100140,G017,2024-02-15 00:52:22,10.69,GBP,gameplay
EV0006570,E006342,P100132,G007,2024-06-18 11:57:41,165.93,GBP,tournament
EV0003927,E003891,P100103,G016,2024-04-04 11:12:32,20.62,GBP,gameplay
EV0004711,E004618,P100026,G014,2024-05-13 20:52:30,15.93,GBP,gameplay
EV0002756,E002756,P100098,G009,2024-03-09 12:17:29,44.35,GBP,tournament
EV0003190,E003190,P100178,G015,2024-03-13 06:08:22,19.82,EUR,gameplay
EV0006742,E006505,P100160,G002,2024-06-27 12:22:41,23.29,GBP,gameplay
EV0002540,E002540,P100057,G004,2024-03-01 20:52:58,24.1,USD,gameplay
EV0004942,E004832,P100064,G006,2024-05-12 04:05:16,5.06,GBP,gameplay
EV0006514,E006291,P100124,G017,2024-06-22 18:20:16,19.56,EUR,gameplay
EV0004375,E004306,P100175,G009,2024-04-22 17:29:25,14.23,USD,gameplay
EV0003759,E003731,P100071,G004,2024-04-15 15:30:20,14.38,USD,gameplay
EV0005830,E005649,P100010,G005,2024-06-27 23:23:43,6.98,USD,gameplay
EV0004718,E004624,P100027,G011,2024-05-23 22:04:13,35.58,USD,gameplay
EV0000327,E000327,P100054,G015,2024-01-07 16:38:32,208.31,EUR,tournament
EV0005046,E004929,P100082,G009,2024-05-04 10:25:30,35.7,EUR,gameplay
EV0004821,E004721,P100045,G009,2024-05-09 02:21:34,150.11,BRL,gameplay
EV0002257,E002257,P100002,G004,2024-03-22 21:40:48,176.06,USD,tournament
EV0000303,E000303,P100050,G007,2024-01-03 12:32:47,35.8,USD,gameplay
EV0003795,E003766,P100079,G014,2024-04-13 14:06:15,130.5,USD,tournament
EV0003683,E003659,P100060,G014,2024-04-19 23:24:17,11.07,EUR,gameplay
EV0006088,E005896,P100055,G007,2024-06-26 21:36:24,36.51,EUR,gameplay
EV0005505,E005345,P100156,G018,2024-05-11 21:30:38,20.67,USD,bonus
EV0001653,E001653,P100097,G014,2024-02-17 16:57:09,9.18,GBP,gameplay
EV0004010,E003967,P100116,G013,2024-04-09 09:25:07,36.14,EUR,gameplay
EV0002231,E002231,P100199,G018,2024-02-12 23:02:34,25.85,USD,gameplay
EV0002696,E002696,P100083,G013,2024-03-09 04:21:59,81.23,BRL,bonus
EV0003730,E003704,P100066,G015,2024-04-05 01:08:34,195.29,BRL,gameplay
EV0002496,E002496,P100048,G005,2024-03-16 06:50:25,36.23,EUR,gameplay
EV0006358,E006147,P100099,G015,2024-06-03 03:35:27,213.82,USD,tournament
EV0004935,E004825,P100063,G010,2024-05-28 10:06:15,38.25,BRL,gameplay
EV0005075,E004954,P100085,G009,2024-05-20 17:58:56,5.01,GBP,gameplay
EV0002081,E002081,P100172,G002,2024-02-26 02:47:50,36.19,EUR,gameplay
EV0000689,E000689,P100122,G009,2024-01-13 18:06:20,26.45,EUR,gameplay
EV0000762,E000762,P100134,G016,2024-01-21 12:42:31,30.63,BRL,gameplay
EV0000248,E000248,P100039,G003,2024-01-21 19:08:19,26.28,GBP,gameplay
EV0006446,E006226,P100113,G016,2024-06-07 20:40:59,37.16,USD,gameplay
EV0001940,E001940,P100146,G015,2024-02-17 14:53:03,160.61,BRL,gameplay
EV0003834,E003804,P100087,G003,2024-04-30 09:19:16,10.07,GBP,gameplay
EV0005640,E005470,P100178,G015,2024-05-26 07:13:33,6.28,EUR,gameplay
EV0004916,E004810,P100061,G003,2024-05-30 14:38:08,35.81,EUR,gameplay
EV0001482,E001482,P100067,G011,2024-02-15 04:30:52,13.48,USD,gameplay
EV0001542,E001542,P100078,G014,2024-02-04 14:36:52,21.02,EUR,gameplay
EV0002833,E002833,P100114,G002,2024-03-17 06:40:33,5.43,GBP,gameplay
EV0004402,E004330,P100179,G011,2024-04-25 11:32:10,43.13,USD,bonus
EV0005354,E005209,P100129,G004,2024-05-10 09:07:27,256.85,BRL,bonus
EV0004276,E004212,P100160,G002,2024-04-20 16:26:18,131.5,GBP,tournament
EV0006509,E006286,P100123,G010,2024-06-22 00:31:37,123.89,BRL,gameplay
EV0003254,E003254,P100191,G004,2024-03-08 18:54:57,22.63,GBP,gameplay
EV0001112,E001112,P100198,G007,2024-01-25 03:04:01,39.74,USD,bonus
EV0006082,E005890,P100054,G015,2024-06-26 08:58:44,28.75,EUR,gameplay
EV0006844,E006600,P100178,G015,2024-06-14 06:45:38,18.0,EUR,gameplay
EV0001969,E001969,P100150,G010,2024-02-24 07:06:57,29.79,EUR,gameplay
EV0002932,E002932,P100130,G013,2024-03-06 22:05:55,75.81,BRL,gameplay
EV0005113,E004989,P100091,G006,2024-05-25 10:34:52,397.02,BRL,bonus
EV0006178,E005982,P100069,G003,2024-06-01 23:56:24,12.55,GBP,bonus
EV0006695,E006463,P100155,G009,2024-06-03 19:48:03,140.82,EUR,tournament
EV0001804,E001804,P100121,G009,2024-02-06 19:24:13,24.11,USD,gameplay
EV0005024,E004910,P100077,G008,2024-05-25 06:38:43,23.96,USD,gameplay
EV0001885,E001885,P100136,G004,2024-02-05 07:58:23,71.13,USD,tournament
EV0004221,E004161,P100151,G004,2024-04-24 05:26:26,9.75,USD,gameplay
EV0004996,E004883,P100072,G008,2024-05-18 12:14:36,57.85,GBP,tournament
EV0001284,E001284,P100027,G011,2024-02-06 19:31:06,11.07,USD,gameplay
EV0002193,E002193,P100191,G004,2024-02-12 18:24:42,19.69,GBP,gameplay
EV0003158,E003158,P100172,G002,2024-03-11 13:01:21,27.07,EUR,gameplay
EV0003994,E003953,P100114,G002,2024-04-18 02:44:32,147.21,GBP,tournament
EV0006038,E005846,P100044,G007,2024-06-22 01:52:13,97.45,EUR,tournament
EV0002772,E002772,P100101,G009,2024-03-13 00:04:12,338.65,BRL,bonus
EV0002036,E002036,P100164,G018,2024-02-03 16:28:07,16.04,EUR,gameplay
EV0006863,E006619,P100183,G008,2024-06-26 03:23:15,26.09,EUR,gameplay
EV0004535,E004452,P100198,G007,2024-04-05 12:52:03,35.86,USD,gameplay
EV0005305,E005164,P100122,G009,2024-05-11 02:25:16,34.44,EUR,bonus
EV0002144,E002144,P100183,G008,2024-02-07 08:18:52,5.11,EUR,gameplay
EV0001225,E001225,P100017,G008,2024-02-09 16:20:27,160.36,BRL,gameplay
EV0002582,E002582,P100065,G007,2024-03-07 15:24:24,15.59,USD,gameplay
EV0006285,E006080,P100086,G013,2024-06-26 16:04:57,99.55,BRL,gameplay
EV0000570,E000570,P100100,G011,2024-01-25 20:39:53,259.43,BRL,bonus
EV0004287,E004223,P100162,G002,2024-04-01 00:00:57,8.71,EUR,gameplay
EV0005685,E005513,P100185,G012,2024-05-31 10:43:06,23.55,GBP,gameplay
EV0006755,E006517,P100162,G002,2024-06-16 04:11:37,12.03,EUR,gameplay
EV0006508,E006285,P100123,G010,2024-06-26 14:53:46,907.45,BRL,tournament
EV0003501,E003487,P100031,G002,2024-04-30 04:30:12,30.23,USD,gameplay
EV0000809,E000809,P100141,G016,2024-01-20 08:03:29,163.43,BRL,gameplay
EV0006799,E006558,P100171,G015,2024-06-22 23:46:33,26.81,USD,gameplay
EV0001778,E001778,P100118,G003,2024-02-28 19:58:43,35.42,EUR,bonus
EV0000421,E000421,P100072,G008,2024-01-27 15:09:03,19.43,GBP,gameplay
EV0004579,E004491,P100003,G012,2024-05-25 12:10:23,527.27,BRL,tournament
EV0002373,E002373,P100023,G002,2024-03-26 06:55:47,58.4,EUR,tournament
EV0004593,E004504,P100006,G007,2024-05-07 22:29:08,35.87,GBP,bonus
EV0006473,E006252,P100117,G002,2024-06-10 10:06:43,15.09,GBP,gameplay
EV0005917,E005732,P100025,G016,2024-06-16 22:22:55,18.47,GBP,gameplay
EV0001085,E001085,P100193,G004,2024-01-28 16:21:04,12.13,GBP,gameplay
EV0003060,E003060,P100154,G013,2024-03-26 03:05:06,31.19,EUR,gameplay
EV0003614,E003594,P100049,G002,2024-04-29 05:26:52,12.65,EUR,gameplay
EV0003958,E003920,P100110,G018,2024-04-04 07:59:08,88.57,BRL,gameplay
EV0002692,E002692,P100083,G013,2024-03-24 17:34:09,185.04,BRL,gameplay
EV0004979,E004866,P100069,G003,2024-05-04 05:38:29,18.69,GBP,bonus
EV0003244,E003244,P100188,G015,2024-03-28 18:02:20,13.97,GBP,gameplay
EV0001121,E001121,P100200,G018,2024-01-17 22:30:23,11.56,EUR,gameplay
EV0000150,E000150,P100025,G016,2024-01-19 19:06:59,8.27,GBP,bonus
EV0003295,E003295,P100199,G018,2024-03-24 23:41:00,63.2,USD,tournament
EV0006734,E006497,P100159,G010,2024-06-15 12:45:32,183.08,BRL,gameplay
EV0002991,E002991,P100140,G017,2024-03-04 02:32:37,173.98,GBP,tournament
EV0005811,E005633,P100007,G013,2024-06-18 07:15:22,34.35,EUR,bonus
EV0004759,E004663,P100035,G003,2024-05-03 01:18:03,10.85,GBP,gameplay
EV0001770,E001770,P100117,G002,2024-02-23 21:24:15,9.87,GBP,bonus
EV0002508,E002508,P100050,G007,2024-03-14 23:32:33,186.83,USD,tournament
EV0000039,E000039,P100007,G013,2024-01-13 16:33:26,13.75,EUR,gameplay
EV0002311,E002311,P100011,G015,2024-03-17 15:32:18,11.18,USD,gameplay
EV0005122,E004996,P100093,G007,2024-05-24 01:12:52,59.6,EUR,bonus
EV0004798,E004701,P100042,G017,2024-05-26 20:37:07,595.59,BRL,tournament
EV0005558,E005394,P100163,G003,2024-05-25 16:35:08,201.6,BRL,gameplay
EV0004371,E004302,P100174,G005,2024-04-30 14:37:03,12.46,GBP,gameplay
EV0001088,E001088,P100194,G005,2024-01-13 09:35:31,57.67,BRL,gameplay
EV0006848,E006604,P100179,G011,2024-06-05 15:15:21,32.62,USD,gameplay
EV0001261,E001261,P100023,G002,2024-02-18 00:00:25,16.23,EUR,bonus
EV0005239,E005104,P100111,G005,2024-05-07 19:52:24,107.75,BRL,gameplay
EV0004105,E004055,P100134,G016,2024-04-14 05:03:49,113.34,BRL,gameplay
EV0001727,E001727,P100109,G007,2024-02-20 09:22:56,44.79,GBP,bonus
EV0004868,E004765,P100053,G004,2024-05-24 07:42:59,78.37,BRL,gameplay
EV0004234,E004173,P100153,G014,2024-04-14 22:20:56,22.81,EUR,gameplay
EV0003575,E003556,P100043,G004,2024-04-12 22:12:02,8.61,USD,gameplay
EV0001581,E001581,P100084,G001,2024-02-28 22:36:30,17.35,EUR,bonus
EV0000013,E000013,P100003,G012,2024-01-15 20:19:50,37.02,BRL,gameplay
EV0004451,E004376,P100186,G002,2024-04-26 01:51:14,21.38,GBP,gameplay
EV0000866,E000866,P100150,G010,2024-01-12 12:52:04,14.32,EUR,gameplay
EV0004574,E004486,P100003,G012,2024-05-07 08:12:26,102.15,BRL,gameplay
EV0000055,E000055,P100009,G005,2024-01-22 02:33:23,8.98,GBP,gameplay
EV0001213,E001213,P100015,G006,2024-02-08 19:28:58,36.44,EUR,gameplay
EV0006513,E006290,P100124,G017,2024-06-27 09:38:12,34.54,EUR,gameplay
EV0002158,E002158,P100185,G012,2024-02-18 13:41:22,144.2,GBP,tournament
EV0006401,E006187,P100105,G012,2024-06-20 06:22:17,16.81,GBP,gameplay
EV0006072,E005880,P100053,G004,2024-06-10 01:10:04,171.08,BRL,gameplay
EV0000476,E000476,P100081,G014,2024-01-22 10:41:05,433.94,BRL,tournament
EV0003101,E003101,P100164,G018,2024-03-22 21:48:54,186.92,EUR,tournament
EV0003226,E003226,P100185,G012,2024-03-05 09:23:40,4.88,GBP,gameplay
EV0001796,E001796,P100120,G010,2024-02-23 13:22:58,53.82,BRL,gameplay
EV0001107,E001107,P100197,G002,2024-01-15 02:07:52,56.56,GBP,tournament
EV0003625,E003604,P100052,G011,2024-04-09 01:41:52,3.94,GBP,gameplay
EV0000041,E000041,P100007,G013,2024-01-28 11:35:59,25.39,EUR,gameplay
EV0003089,E003089,P100160,G002,2024-03-14 18:06:31,18.55,GBP,gameplay
EV0006338,E006127,P100094,G010,2024-06-04 01:38:14,30.52,EUR,gameplay
EV0005975,E005787,P100035,G003,2024-06-12 00:15:10,6.08,GBP,gameplay
EV0004906,E004800,P100059,G017,2024-05-09 07:52:49,24.62,GBP,gameplay
EV0006912,E006664,P100189,G009,2024-06-02 14:00:03,15.96,EUR,gameplay
EV0006500,E006277,P100121,G009,2024-06-23 14:08:42,35.12,USD,gameplay
EV0003923,E003887,P100103,G016,2024-04-02 06:19:13,156.34,GBP,tournament
EV0001705,E001705,P100106,G015,2024-02-11 08:13:37,103.73,BRL,gameplay
EV0003988,E003947,P100113,G016,2024-04-21 11:44:16,26.14,USD,gameplay
EV0005524,E005362,P100158,G016,2024-05-02 08:39:01,34.76,BRL,gameplay
EV0006976,E006726,P100201,G009,2024-06-23 00:07:31,129.37,BRL,gameplay
EV0003246,E003246,P100188,G015,2024-03-08 23:06:25,21.43,GBP,gameplay
EV0004342,E004273,P100170,G018,2024-04-10 12:47:04,31.28,USD,gameplay
EV0002270,E002270,P100004,G008,2024-03-26 05:29:32,37.2,EUR,gameplay
EV0005635,E005465,P100178,G015,2024-05-24 02:08:42,18.88,EUR,gameplay
EV0004130,E004078,P100138,G008,2024-04-08 19:02:17,66.36,EUR,bonus
EV0006766,E006528,P100166,G003,2024-06-06 18:30:50,27.16,USD,gameplay
EV0004325,E004257,P100167,G018,2024-04-24 23:02:15,9.81,EUR,gameplay
EV0003232,E003232,P100187,G016,2024-03-30 07:27:28,58.33,USD,bonus
EV0005846,E005665,P100014,G004,2024-06-19 03:43:36,8.6,EUR,gameplay
EV0002099,E002099,P100174,G005,2024-02-28 13:03:35,9.66,GBP,gameplay
EV0001642,E001642,P100095,G014,2024-02-12 07:47:42,23.7,USD,gameplay
EV0000243,E000243,P100039,G003,2024-01-09 15:09:04,11.2,GBP,gameplay
EV0000081,E000081,P100013,G014,2024-01-04 04:54:04,222.36,BRL,bonus
EV0002060,E002060,P100168,G004,2024-02-13 22:35:15,34.81,USD,bonus
EV0006954,E006704,P100196,G014,2024-06-25 20:22:07,112.28,BRL,gameplay
EV0001023,E001023,P100181,G001,2024-01-11 07:06:15,161.64,BRL,gameplay
EV0003864,E003833,P100093,G007,2024-04-17 18:55:06,55.49,EUR,tournament
EV0000588,E000588,P100104,G008,2024-01-01 20:46:39,45.8,BRL,gameplay
EV0005668,E005497,P100184,G014,2024-05-05 01:02:26,12.93,USD,bonus
EV0000879,E000879,P100153,G014,2024-01-31 00:53:11,23.05,EUR,gameplay
EV0004654,E004562,P100017,G008,2024-05-08 11:56:50,168.56,BRL,gameplay
EV0001897,E001897,P100138,G008,2024-02-20 22:45:25,12.03,EUR,gameplay
EV0005660,E005489,P100182,G006,2024-05-07 06:45:45,9.83,EUR,gameplay
EV0006551,E006323,P100130,G013,2024-06-22 09:16:10,113.32,BRL,bonus
EV0006221,E006020,P100076,G010,2024-06-21 19:22:13,7.87,GBP,gameplay
EV0002107,E002107,P100176,G008,2024-02-27 17:25:55,30.43,GBP,gameplay
EV0002367,E002367,P100020,G012,2024-03-09 16:07:29,617.27,BRL,tournament
EV0006521,E006297,P100125,G011,2024-06-17 16:34:51,29.45,USD,gameplay
EV0003960,E003921,P100110,G018,2024-04-27 09:46:45,108.66,BRL,gameplay
EV0000426,E000426,P100073,G015,2024-01-06 14:02:16,18.35,USD,gameplay
EV0005033,E004918,P100079,G014,2024-05-25 17:40:57,17.16,USD,gameplay
EV0000487,E000487,P100083,G013,2024-01-13 00:02:34,194.32,BRL,gameplay
EV0000859,E000859,P100148,G013,2024-01-14 14:05:38,108.47,BRL,gameplay
EV0001396,E001396,P100053,G004,2024-02-02 12:20:56,198.12,BRL,gameplay
EV0004000,E003959,P100115,G008,2024-04-23 10:06:35,50.42,BRL,gameplay
EV0006955,E006705,P100197,G002,2024-06-22 02:29:30,22.73,GBP,gameplay
EV0001732,E001732,P100110,G018,2024-02-05 02:20:08,154.18,BRL,gameplay
EV0001027,E001027,P100182,G006,2024-01-07 10:08:02,36.21,EUR,gameplay
EV0004564,E004478,P100001,G003,2024-05-05 04:17:24,50.55,BRL,gameplay
EV0000966,E000966,P100170,G018,2024-01-25 21:47:15,18.69,USD,gameplay
EV0002581,E002581,P100065,G007,2024-03-30 19:00:47,9.57,USD,gameplay
EV0000228,E000228,P100037,G017,2024-01-23 12:59:04,31.33,USD,gameplay
EV0004789,E004692,P100041,G012,2024-05-22 14:30:06,33.76,USD,gameplay
EV0002741,E002741,P100095,G014,2024-03-24 22:25:00,15.51,USD,gameplay
EV0000867,E000867,P100150,G010,2024-01-03 09:30:08,202.3,EUR,tournament
EV0005414,E005264,P100140,G017,2024-05-08 10:29:12,19.1,GBP,gameplay
EV0004060,E004013,P100126,G009,2024-04-14 19:44:07,89.17,BRL,gameplay
EV0005940,E005754,P100029,G018,2024-06-17 07:17:32,36.13,USD,gameplay
EV0005498,E005340,P100154,G013,2024-05-03 22:45:14,31.8,EUR,bonus
EV0002232,E002232,P100199,G018,2024-02-03 17:06:08,13.7,USD,gameplay
EV0000469,E000469,P100080,G013,2024-01-26 19:25:42,229.94,USD,tournament
EV0002726,E002726,P100093,G007,2024-03-02 09:38:21,32.72,EUR,gameplay
EV0006059,E005867,P100049,G002,2024-06-22 19:40:34,23.18,EUR,gameplay
EV0002616,E002616,P100070,G013,2024-03-01 12:30:09,23.64,EUR,bonus
EV0004222,E004162,P100151,G004,2024-04-09 02:39:01,25.11,USD,gameplay
EV0000384,E000384,P100065,G007,2024-01-26 17:50:01,99.83,USD,tournament
EV0005316,E005174,P100124,G017,2024-05-27 03:34:05,31.0,EUR,gameplay
EV0004840,E004740,P100047,G018,2024-05-22 22:34:38,25.71,EUR,gameplay
EV0001049,E001049,P100187,G016,2024-01-31 18:55:44,21.75,USD,gameplay
EV0002014,E002014,P100159,G010,2024-02-28 19:24:31,71.84,BRL,bonus
EV0005369,E005222,P100132,G007,2024-05-11 16:45:06,21.98,GBP,gameplay
EV0003371,E003365,P100011,G015,2024-04-27 03:37:57,7.58,USD,gameplay
EV0004560,E004475,P100211,G014,2024-04-24 03:06:18,64.37,GBP,tournament
EV0002356,E002356,P100017,G008,2024-03-29 22:55:36,1189.63,BRL,tournament
EV0006368,E006157,P100100,G011,2024-06-12 03:13:23,404.76,BRL,tournament
EV0005868,E005685,P100016,G016,2024-06-10 06:54:01,11.39,USD,gameplay
EV0006668,E006437,P100150,G010,2024-06-16 12:02:35,33.24,EUR,gameplay
EV0003366,E003361,P100010,G005,2024-04-08 20:26:17,50.6,USD,bonus
EV0004283,E004219,P100162,G002,2024-04-17 14:45:31,35.13,EUR,bonus
EV0000216,E000216,P100035,G003,2024-01-01 00:33:46,18.89,GBP,gameplay
EV0001842,E001842,P100129,G004,2024-02-18 00:33:32,132.8,BRL,gameplay
EV0001566,E001566,P100082,G009,2024-02-09 07:46:16,17.14,EUR,gameplay
EV0000157,E000157,P100026,G014,2024-01-01 08:24:15,29.33,GBP,gameplay
EV0004298,E004233,P100163,G003,2024-04-19 17:58:52,188.97,BRL,gameplay
EV0006323,E006114,P100092,G001,2024-06-14 14:08:57,85.37,BRL,gameplay
EV0006969,E006719,P100200,G018,2024-06-19 04:05:09,18.11,EUR,gameplay
EV0001265,E001265,P100023,G002,2024-02-03 04:08:00,30.86,EUR,gameplay
EV0005905,E005721,P100022,G001,2024-06-12 13:08:30,179.36,EUR,tournament
EV0004849,E004748,P100049,G002,2024-05-02 01:55:41,43.86,EUR,bonus
EV0004785,E004688,P100041,G012,2024-05-23 23:30:41,16.17,USD,gameplay
EV0004884,E004778,P100055,G007,2024-05-23 20:00:19,9.04,EUR,gameplay
EV0001725,E001725,P100108,G016,2024-02-03 01:38:09,34.72,EUR,gameplay
EV0002105,E002105,P100175,G009,2024-02-23 10:58:22,68.05,USD,tournament
EV0002907,E002907,P100124,G017,2024-03-24 08:10:42,35.27,EUR,gameplay
EV0003220,E003220,P100184,G014,2024-03-09 09:55:10,157.78,USD,tournament
EV0005263,E005126,P100116,G013,2024-05-25 10:28:16,35.25,EUR,bonus
EV0003948,E003910,P100107,G011,2024-04-03 03:13:34,11.01,USD,gameplay
EV0006550,E006322,P100129,G004,2024-06-13 20:37:17,69.31,BRL,gameplay
EV0005564,E005399,P100164,G018,2024-05-05 07:50:36,32.13,EUR,gameplay
EV0000388,E000388,P100066,G015,2024-01-25 18:14:10,235.77,BRL,bonus
EV0002423,E002423,P100032,G015,2024-03-29 22:44:55,25.47,USD,gameplay
EV0002308,E002308,P100011,G015,2024-03-14 03:46:56,5.34,USD,gameplay
EV0004144,E004090,P100141,G016,2024-04-10 18:23:17,111.42,BRL,gameplay
EV0001888,E001888,P100137,G010,2024-02-15 03:47:07,8.57,USD,gameplay
EV0004597,E004508,P100008,G018,2024-05-10 12:50:12,36.81,EUR,gameplay
EV0001964,E001964,P100149,G016,2024-02-16 19:42:11,16.91,EUR,gameplay
EV0001245,E001245,P100020,G012,2024-02-10 21:38:08,168.3,BRL,gameplay
EV0003256,E003256,P100191,G004,2024-03-15 23:47:56,23.22,GBP,gameplay
EV0004919,E004812,P100061,G003,2024-05-22 19:06:21,18.71,EUR,gameplay
EV0002053,E002053,P100166,G003,2024-02-08 13:43:37,74.8,USD,bonus
EV0003985,E003944,P100113,G016,2024-04-01 19:52:53,6.42,USD,gameplay
EV0001380,E001380,P100049,G002,2024-02-06 17:12:42,20.95,EUR,gameplay
EV0000376,E000376,P100064,G006,2024-01-03 00:04:12,28.83,GBP,gameplay
EV0002994,E002994,P100141,G016,2024-03-22 08:12:11,253.13,BRL,bonus
EV0001383,E001383,P100049,G002,2024-02-24 08:12:54,66.69,EUR,bonus
EV0006194,E005996,P100071,G004,2024-06-28 16:30:21,30.42,USD,gameplay
EV0002024,E002024,P100161,G012,2024-02-03 07:49:34,223.5,EUR,tournament
EV0000444,E000444,P100077,G008,2024-01-11 22:15:03,36.14,USD,gameplay
EV0001955,E001955,P100148,G013,2024-02-26 03:29:26,93.74,BRL,gameplay
EV0002420,E002420,P100031,G002,2024-03-27 03:34:47,20.34,USD,gameplay
EV0004922,E004815,P100061,G003,2024-05-25 00:22:08,20.57,EUR,gameplay
EV0001898,E001898,P100138,G008,2024-02-24 22:17:31,7.95,EUR,gameplay
EV0000520,E000520,P100091,G006,2024-01-29 13:28:02,110.64,BRL,gameplay
EV0004917,E004811,P100061,G003,2024-05-03 14:13:54,110.56,EUR,tournament
EV0002282,E002282,P100006,G007,2024-03-11 09:44:28,154.02,GBP,tournament
EV0001114,E001114,P100198,G007,2024-01-02 15:07:58,152.7,USD,tournament
EV0001868,E001868,P100134,G016,2024-02-10 22:29:31,33.68,BRL,gameplay
EV0003910,E003875,P100100,G011,2024-04-07 10:34:55,277.67,BRL,bonus
EV0000468,E000468,P100080,G013,2024-01-10 06:09:33,36.23,USD,gameplay
EV0002684,E002684,P100082,G009,2024-03-01 01:31:27,26.96,EUR,gameplay
EV0000373,E000373,P100063,G010,2024-01-08 03:29:06,156.23,BRL,gameplay
EV0002738,E002738,P100095,G014,2024-03-22 06:28:42,24.96,USD,gameplay
EV0006210,E006011,P100074,G016,2024-06-09 08:17:56,21.37,EUR,gameplay
EV0003524,E003507,P100035,G003,2024-04-24 05:58:56,9.63,GBP,gameplay
EV0004975,E004862,P100068,G007,2024-05-09 17:54:26,47.62,BRL,gameplay
EV0003417,E003408,P100019,G014,2024-04-27 20:10:23,15.97,EUR,gameplay
EV0006696,E006464,P100155,G009,2024-06-24 23:43:55,30.17,EUR,bonus
EV0000985,E000985,P100173,G018,2024-01-24 02:34:14,19.14,USD,gameplay
EV0006120,E005927,P100060,G014,2024-06-25 11:25:00,18.34,EUR,gameplay
EV0004486,E004410,P100191,G004,2024-04-15 01:15:45,20.21,GBP,gameplay
EV0006564,E006336,P100131,G004,2024-06-27 09:58:08,165.19,BRL,gameplay
EV0006818,E006575,P100174,G005,2024-06-01 20:28:25,23.68,GBP,gameplay
EV0000907,E000907,P100157,G014,2024-01-25 21:51:34,59.8,BRL,gameplay
EV0006972,E006722,P100200,G018,2024-06-21 19:26:47,32.11,EUR,gameplay
EV0002902,E002902,P100124,G017,2024-03-24 20:50:19,33.22,EUR,gameplay
EV0006064,E005872,P100051,G005,2024-06-07 01:06:25,62.85,EUR,bonus
EV0004805,E004708,P100043,G004,2024-05-21 12:54:18,37.34,USD,gameplay
EV0004170,E004115,P100144,G016,2024-04-18 05:22:46,31.42,USD,gameplay
EV0000390,E000390,P100066,G015,2024-01-31 07:36:54,69.71,BRL,bonus
EV0001483,E001483,P100067,G011,2024-02-27 00:38:06,10.65,USD,gameplay
EV0005355,E005209,P100129,G004,2024-05-10 09:07:41,256.85,BRL,bonus
EV0002921,E002921,P100128,G016,2024-03-15 12:20:41,123.5,GBP,tournament
EV0006850,E006606,P100179,G011,2024-06-04 13:27:12,6.98,USD,gameplay
EV0004497,E004421,P100192,G008,2024-04-20 02:47:02,158.0,GBP,tournament
EV0005501,E005342,P100155,G009,2024-05-09 01:51:57,23.47,EUR,gameplay
EV0006841,E006597,P100178,G015,2024-06-15 05:39:38,10.51,EUR,gameplay
EV0006183,E005986,P100069,G003,2024-06-26 12:55:27,30.69,GBP,gameplay
EV0000048,E000048,P100008,G018,2024-01-27 04:48:45,39.85,EUR,bonus
EV0001283,E001283,P100027,G011,2024-02-23 23:05:42,12.25,USD,gameplay
EV0001457,E001457,P100062,G010,2024-02-20 18:55:25,26.11,USD,gameplay
EV0004744,E004648,P100031,G002,2024-05-30 12:31:25,7.24,USD,gameplay
EV0002398,E002398,P100028,G006,2024-03-04 21:54:21,108.03,GBP,tournament
EV0001359,E001359,P100045,G009,2024-02-18 05:50:15,397.53,BRL,tournament
EV0006168,E005972,P100067,G011,2024-06-12 11:53:40,62.12,USD,bonus
EV0004526,E004446,P100196,G014,2024-04-09 05:51:58,188.95,BRL,gameplay
EV0004612,E004523,P100011,G015,2024-05-13 00:18:37,16.38,USD,bonus
EV0001399,E001399,P100053,G004,2024-02-10 12:25:06,124.49,BRL,gameplay
EV0000541,E000541,P100095,G014,2024-01-14 01:59:40,8.77,USD,gameplay
EV0002093,E002093,P100173,G018,2024-02-29 09:42:31,68.85,USD,bonus
EV0002924,E002924,P100129,G004,2024-03-11 14:05:08,26.62,BRL,gameplay
EV0006224,E006023,P100076,G010,2024-06-10 16:55:07,28.65,GBP,gameplay
EV0005972,E005784,P100034,G016,2024-06-20 13:33:33,454.35,BRL,tournament
EV0003729,E003703,P100066,G015,2024-04-16 05:15:01,71.64,BRL,gameplay
EV0002087,E002087,P100172,G002,2024-02-08 21:12:16,16.9,EUR,gameplay
EV0000661,E000661,P100118,G003,2024-01-25 05:40:31,12.97,EUR,bonus
EV0006015,E005824,P100041,G012,2024-06-14 19:18:24,35.37,USD,gameplay
EV0001000,E001000,P100177,G012,2024-01-27 03:29:39,183.68,BRL,gameplay
EV0001632,E001632,P100093,G007,2024-02-19 23:17:03,9.3,EUR,gameplay
EV0005383,E005235,P100134,G016,2024-05-26 14:30:10,205.79,BRL,bonus
EV0001822,E001822,P100124,G017,2024-02-14 07:35:25,35.89,EUR,gameplay
EV0001917,E001917,P100141,G016,2024-02-10 06:02:37,201.56,BRL,gameplay
EV0002784,E002784,P100103,G016,2024-03-03 18:47:39,29.37,GBP,gameplay
EV0004431,E004358,P100184,G014,2024-04-09 00:00:03,21.46,USD,gameplay
EV0002070,E002070,P100170,G018,2024-02-05 01:52:47,31.51,USD,gameplay
EV0000773,E000773,P100135,G010,2024-01-22 05:34:38,20.97,EUR,gameplay
EV0003642,E003620,P100055,G007,2024-04-07 12:02:06,199.73,EUR,tournament
EV0003554,E003536,P100040,G007,2024-04-15 11:22:33,29.3,USD,gameplay
EV0003487,E003473,P100029,G018,2024-04-20 10:56:46,37.18,USD,gameplay
EV0000250,E000250,P100039,G003,2024-01-10 23:44:40,60.46,GBP,bonus
EV0005233,E005098,P100110,G018,2024-05-07 23:47:41,55.36,BRL,gameplay
EV0002835,E002835,P100114,G002,2024-03-02 16:37:07,11.45,GBP,gameplay
EV0006576,E006347,P100133,G002,2024-06-12 21:57:50,29.84,GBP,gameplay
EV0005397,E005247,P100136,G004,2024-05-25 14:11:52,29.88,USD,gameplay
EV0005417,E005267,P100141,G016,2024-05-06 04:18:48,43.56,BRL,gameplay
EV0001998,E001998,P100157,G014,2024-02-14 22:27:35,957.89,BRL,tournament
EV0001384,E001384,P100050,G007,2024-02-18 19:16:43,58.51,USD,bonus
EV0000197,E000197,P100031,G002,2024-01-28 02:12:51,26.1,USD,gameplay
EV0003071,E003071,P100156,G018,2024-03-09 23:18:52,29.6,USD,gameplay
EV0004226,E004166,P100152,G002,2024-04-13 00:47:54,201.19,USD,tournament
EV0005051,E004933,P100083,G013,2024-05-14 18:33:39,139.52,BRL,gameplay
EV0001406,E001406,P100054,G015,2024-02-02 01:08:19,9.14,EUR,gameplay
EV0003802,E003773,P100081,G014,2024-04-28 20:52:17,237.68,BRL,bonus
EV0005629,E005459,P100176,G008,2024-05-19 17:14:01,25.29,GBP,gameplay
EV0006735,E006498,P100159,G010,2024-06-28 20:32:57,115.57,BRL,gameplay
EV0005262,E005125,P100116,G013,2024-05-26 04:53:21,149.34,EUR,tournament
EV0006264,E006059,P100083,G013,2024-06-13 01:49:39,94.7,BRL,gameplay
EV0000625,E000625,P100111,G005,2024-01-16 19:00:32,220.84,BRL,bonus
EV0003776,E003748,P100075,G017,2024-04-11 23:24:40,81.52,BRL,gameplay
EV0000115,E000115,P100019,G014,2024-01-09 19:43:39,29.38,EUR,gameplay
EV0002083,E002083,P100172,G002,2024-02-22 02:45:44,28.61,EUR,gameplay
EV0002180,E002180,P100189,G009,2024-02-01 05:50:00,25.06,EUR,gameplay
EV0002839,E002839,P100115,G008,2024-03-07 02:39:24,160.29,BRL,gameplay
EV0001598,E001598,P100088,G012,2024-02-22 21:05:49,1257.51,BRL,tournament
EV0004688,E004596,P100022,G001,2024-05-14 12:11:57,18.55,EUR,bonus
EV0004300,E004234,P100163,G003,2024-04-01 02:30:42,49.03,BRL,gameplay
EV0001733,E001733,P100110,G018,2024-02-11 15:27:30,93.59,BRL,gameplay
EV0001253,E001253,P100021,G003,2024-02-10 18:03:35,154.62,USD,tournament
EV0002244,E002244,P100209,G002,2024-02-10 23:45:38,6.73,EUR,gameplay
EV0006484,E006263,P100118,G003,2024-06-04 00:34:32,86.23,EUR,tournament
EV0006481,E006260,P100118,G003,2024-06-24 10:56:08,27.31,EUR,gameplay
EV0000459,E000459,P100079,G014,2024-01-14 16:01:55,14.42,USD,gameplay
EV0002861,E002861,P100117,G002,2024-03-11 18:24:54,8.08,GBP,gameplay
EV0003528,E003511,P100036,G008,2024-04-01 07:42:48,16.48,EUR,gameplay
EV0000624,E000624,P100111,G005,2024-01-17 12:22:52,184.14,BRL,gameplay
EV0001209,E001209,P100014,G004,2024-02-15 21:31:07,29.84,EUR,gameplay
EV0001810,E001810,P100123,G010,2024-02-23 21:27:40,175.17,BRL,gameplay
EV0003856,E003825,P100091,G006,2024-04-09 09:54:57,215.11,BRL,bonus
EV0002617,E002617,P100070,G013,2024-03-16 12:10:19,11.19,EUR,gameplay
EV0002359,E002359,P100018,G018,2024-03-11 07:42:13,25.18,GBP,bonus
EV0006055,E005863,P100048,G005,2024-06-04 08:02:51,21.27,EUR,gameplay
EV0004471,E004395,P100189,G009,2024-04-15 18:20:45,19.71,EUR,gameplay
EV0004028,E003984,P100120,G010,2024-04-23 19:31:49,358.24,BRL,tournament
EV0005133,E005006,P100095,G014,2024-05-11 09:07:50,33.01,USD,gameplay
EV0003186,E003186,P100178,G015,2024-03-28 11:48:24,52.97,EUR,bonus
EV0003412,E003403,P100018,G018,2024-04-12 14:59:50,27.62,GBP,gameplay
EV0000196,E000196,P100031,G002,2024-01-07 01:17:24,30.36,USD,gameplay
EV0000595,E000595,P100105,G012,2024-01-28 17:09:07,8.38,GBP,bonus
EV0002273,E002273,P100004,G008,2024-03-28 16:30:55,26.92,EUR,gameplay
EV0002559,E002559,P100060,G014,2024-03-24 04:48:59,12.76,EUR,gameplay
EV0001099,E001099,P100196,G014,2024-01-03 16:12:49,137.09,BRL,gameplay
EV0003111,E003111,P100165,G016,2024-03-22 19:58:23,15.39,EUR,gameplay
EV0005891,E005708,P100020,G012,2024-06-01 02:05:38,66.3,BRL,gameplay
EV0000868,E000868,P100151,G004,2024-01-17 13:33:13,14.6,USD,gameplay
EV0006600,E006371,P100137,G010,2024-06-13 10:13:55,56.65,USD,bonus
EV0005196,E005063,P100105,G012,2024-05-28 10:55:14,5.85,GBP,gameplay
EV0004188,E004131,P100147,G014,2024-04-26 19:16:18,27.5,USD,gameplay
EV0001633,E001633,P100093,G007,2024-02-12 22:49:15,50.94,EUR,bonus
EV0002749,E002749,P100097,G014,2024-03-14 01:48:27,51.97,GBP,bonus
EV0006898,E006651,P100187,G016,2024-06-13 09:53:41,28.21,USD,gameplay
EV0005018,E004904,P100076,G010,2024-05-22 20:39:03,193.09,GBP,tournament
EV0002146,E002146,P100183,G008,2024-02-18 17:41:42,220.4,EUR,tournament
EV0003623,E003602,P100051,G005,2024-04-11 23:52:09,17.93,EUR,gameplay
EV0000852,E000852,P100147,G014,2024-01-26 16:39:10,18.44,USD,gameplay
EV0006728,E006493,P100159,G010,2024-06-11 19:05:02,306.72,BRL,bonus
EV0000145,E000145,P100023,G002,2024-01-29 15:30:41,34.9,EUR,gameplay
EV0006740,E006503,P100160,G002,2024-06-16 05:35:42,15.15,GBP,gameplay
EV0003432,E003421,P100021,G003,2024-04-28 07:56:27,13.03,USD,gameplay
EV0002427,E002427,P100032,G015,2024-03-09 23:46:17,35.28,USD,gameplay
EV0000051,E000051,P100008,G018,2024-01-08 09:07:03,29.76,EUR,gameplay
EV0003191,E003191,P100178,G015,2024-03-06 20:15:40,161.66,EUR,tournament
EV0001497,E001497,P100072,G008,2024-02-18 18:10:16,13.2,GBP,bonus
EV0000493,E000493,P100084,G001,2024-01-29 15:22:48,31.45,EUR,bonus
EV0005406,E005256,P100139,G017,2024-05-21 01:27:19,29.61,USD,gameplay
EV0000359,E000359,P100061,G003,2024-01-24 09:06:13,32.12,EUR,gameplay
EV0006886,E006640,P100185,G012,2024-06-23 10:47:38,8.52,GBP,gameplay
EV0003135,E003135,P100169,G012,2024-03-05 11:01:35,7.3,GBP,gameplay
EV0000299,E000299,P100049,G002,2024-01-14 01:17:55,28.91,EUR,gameplay
EV0000654,E000654,P100118,G003,2024-01-04 23:14:28,32.6,EUR,gameplay
EV0006691,E006459,P100155,G009,2024-06-19 06:25:51,36.14,EUR,gameplay
EV0004318,E004251,P100166,G003,2024-04-11 14:16:17,33.27,USD,gameplay
EV0002558,E002558,P100060,G014,2024-03-19 06:09:26,167.26,EUR,tournament
EV0004190,E004133,P100147,G014,2024-04-30 23:12:29,30.14,USD,bonus
EV0000016,E000016,P100003,G012,2024-01-20 19:32:24,350.05,BRL,bonus
EV0006703,E006469,P100156,G018,2024-06-20 06:43:33,32.72,USD,gameplay
EV0000853,E000853,P100148,G013,2024-01-06 10:36:55,32.75,BRL,gameplay
EV0000623,E000623,P100111,G005,2024-01-21 02:33:16,89.11,BRL,gameplay
EV0006819,E006576,P100174,G005,2024-06-30 16:14:20,4.99,GBP,gameplay
EV0004710,E004617,P100026,G014,2024-05-22 03:25:30,10.59,GBP,gameplay
EV0001334,E001334,P100039,G003,2024-02-16 00:07:35,25.95,GBP,gameplay
EV0006188,E005990,P100070,G013,2024-06-18 03:43:55,20.72,EUR,gameplay
EV0003100,E003100,P100164,G018,2024-03-27 17:41:38,52.52,EUR,bonus
EV0005041,E004925,P100082,G009,2024-05-20 18:16:29,24.01,EUR,gameplay
EV0003717,E003691,P100064,G006,2024-04-05 20:05:41,186.14,GBP,tournament
EV0002714,E002714,P100088,G012,2024-03-16 20:39:37,129.75,BRL,gameplay
EV0005208,E005075,P100107,G011,2024-05-09 09:47:25,27.45,USD,gameplay
EV0004370,E004301,P100174,G005,2024-04-09 23:47:23,13.96,GBP,gameplay
EV0000022,E000022,P100004,G008,2024-01-13 13:49:21,34.35,EUR,gameplay
EV0002377,E002377,P100023,G002,2024-03-13 20:23:58,11.39,EUR,gameplay
EV0000593,E000593,P100104,G008,2024-01-18 09:40:09,164.89,BRL,gameplay
EV0002507,E002507,P100050,G007,2024-03-07 11:34:03,15.6,USD,gameplay
EV0002607,E002607,P100069,G003,2024-03-22 19:43:04,27.0,GBP,bonus
EV0002973,E002973,P100137,G010,2024-03-30 16:58:11,50.21,USD,bonus
EV0002246,E002246,P100214,G016,2024-02-24 15:13:34,107.23,BRL,gameplay
EV0004294,E004229,P100163,G003,2024-04-26 21:44:08,54.04,BRL,gameplay
EV0001178,E001178,P100009,G005,2024-02-27 23:53:08,29.12,GBP,bonus
EV0006158,E005962,P100065,G007,2024-06-04 03:43:21,42.68,USD,bonus
EV0003536,E003519,P100037,G017,2024-04-13 18:27:58,27.54,USD,gameplay
EV0006798,E006557,P100171,G015,2024-06-05 17:12:15,9.67,USD,gameplay
EV0001925,E001925,P100143,G008,2024-02-28 16:42:49,75.55,BRL,gameplay
EV0003376,E003370,P100012,G004,2024-04-10 15:09:16,29.49,USD,bonus
EV0003181,E003181,P100177,G012,2024-03-28 19:36:58,121.3,BRL,gameplay
EV0000803,E000803,P100139,G017,2024-01-24 01:15:39,8.0,USD,gameplay
EV0005650,E005479,P100180,G018,2024-05-25 14:53:22,13.13,USD,gameplay
EV0005844,E005663,P100013,G014,2024-06-20 16:38:03,31.44,BRL,gameplay
EV0000501,E000501,P100087,G003,2024-01-17 08:39:38,6.63,GBP,gameplay
EV0000779,E000779,P100136,G004,2024-01-08 06:54:20,15.51,USD,gameplay
EV0001874,E001874,P100134,G016,2024-02-11 22:39:50,77.27,BRL,bonus
EV0000284,E000284,P100046,G011,2024-01-02 11:00:31,104.13,BRL,gameplay
EV0005570,E005405,P100164,G018,2024-05-30 23:40:27,93.42,EUR,tournament
EV0001824,E001824,P100124,G017,2024-02-21 12:46:11,8.85,EUR,gameplay
EV0005795,E005617,P100004,G008,2024-06-21 21:52:08,89.02,EUR,tournament
EV0005342,E005197,P100127,G015,2024-05-27 17:21:18,18.36,GBP,gameplay
EV0002082,E002082,P100172,G002,2024-02-06 16:21:17,7.07,EUR,gameplay
EV0001963,E001963,P100149,G016,2024-02-13 02:58:53,102.9,EUR,tournament
EV0003549,E003531,P100039,G003,2024-04-03 12:25:28,28.17,GBP,gameplay
EV0006154,E005958,P100064,G006,2024-06-15 05:27:19,157.53,GBP,tournament
EV0005175,E005043,P100101,G009,2024-05-29 05:45:34,107.59,BRL,bonus
EV0000662,E000662,P100119,G014,2024-01-30 16:18:12,34.77,USD,gameplay
EV0004678,E004586,P100020,G012,2024-05-13 09:17:19,134.74,BRL,gameplay
EV0002305,E002305,P100009,G005,2024-03-19 15:29:06,19.5,GBP,gameplay
EV0004093,E004043,P100133,G002,2024-04-16 19:03:26,17.42,GBP,gameplay
EV0005469,E005312,P100149,G016,2024-05-07 18:54:31,22.75,EUR,gameplay
EV0006856,E006612,P100181,G001,2024-06-15 10:16:56,39.09,BRL,gameplay
EV0006752,E006515,P100161,G012,2024-06-21 04:14:31,84.74,EUR,tournament
EV0000403,E000403,P100069,G003,2024-01-06 12:19:46,19.9,GBP,gameplay
EV0004987,E004874,P100071,G004,2024-05-11 08:37:02,35.13,USD,gameplay
EV0002553,E002553,P100059,G017,2024-03-16 03:34:41,14.34,GBP,gameplay
EV0003320,E003318,P100002,G004,2024-04-01 18:27:11,11.88,USD,gameplay
EV0006861,E006617,P100182,G006,2024-06-06 18:38:56,17.55,EUR,gameplay
EV0001700,E001700,P100104,G008,2024-02-29 17:16:46,193.14,BRL,gameplay
EV0001931,E001931,P100144,G016,2024-02-25 06:16:08,77.84,USD,tournament
EV0000117,E000117,P100019,G014,2024-01-05 06:38:32,16.46,EUR,gameplay
EV0004212,E004152,P100150,G010,2024-04-22 12:48:14,19.75,EUR,gameplay
EV0001248,E001248,P100020,G012,2024-02-12 19:11:27,100.25,BRL,gameplay
EV0003229,E003229,P100186,G002,2024-03-07 20:40:27,4.73,GBP,gameplay
EV0001292,E001292,P100029,G018,2024-02-20 19:50:54,8.71,USD,gameplay
EV0003843,E003813,P100088,G012,2024-04-05 09:21:46,40.12,BRL,gameplay
EV0000845,E000845,P100147,G014,2024-01-23 16:57:09,37.17,USD,gameplay
EV0000344,E000344,P100058,G014,2024-01-19 20:04:31,149.96,BRL,gameplay
EV0003174,E003174,P100176,G008,2024-03-20 16:35:40,26.47,GBP,gameplay
EV0002405,E002405,P100028,G006,2024-03-05 18:55:33,19.91,GBP,gameplay
EV0004540,E004456,P100199,G018,2024-04-03 09:38:39,28.39,USD,bonus
EV0006767,E006529,P100166,G003,2024-06-05 06:51:58,31.28,USD,gameplay
EV0002000,E002000,P100157,G014,2024-02-02 07:14:05,86.17,BRL,gameplay
EV0006268,E006063,P100083,G013,2024-06-06 01:10:25,174.57,BRL,gameplay
EV0003250,E003250,P100190,G017,2024-03-05 18:36:58,57.5,BRL,gameplay
EV0000640,E000640,P100115,G008,2024-01-18 16:48:07,178.96,BRL,gameplay
EV0001715,E001715,P100107,G011,2024-02-26 00:50:06,51.97,USD,bonus
EV0003219,E003219,P100184,G014,2024-03-19 16:26:50,70.48,USD,bonus
EV0001749,E001749,P100113,G016,2024-02-02 19:48:11,35.84,USD,gameplay
EV0005443,E005290,P100146,G015,2024-05-14 16:30:45,118.72,BRL,gameplay
EV0006581,E006352,P100134,G016,2024-06-16 18:58:16,164.84,BRL,gameplay
EV0006777,E006539,P100168,G004,2024-06-23 10:26:51,19.95,USD,gameplay
EV0002372,E002372,P100022,G001,2024-03-17 04:08:44,5.0,EUR,gameplay
EV0006562,E006334,P100131,G004,2024-06-16 10:02:55,189.62,BRL,gameplay
EV0005334,E005189,P100126,G009,2024-05-26 01:26:34,58.89,BRL,gameplay
EV0004899,E004793,P100058,G014,2024-05-14 08:56:06,110.42,BRL,bonus
EV0004266,E004203,P100159,G010,2024-04-09 18:28:25,123.96,BRL,gameplay
EV0001451,E001451,P100061,G003,2024-02-14 22:26:13,32.2,EUR,gameplay
EV0003600,E003580,P100047,G018,2024-04-02 11:34:15,16.46,EUR,gameplay
EV0004460,E004384,P100187,G016,2024-04-29 13:01:47,12.69,USD,gameplay
EV0002962,E002962,P100135,G010,2024-03-29 01:47:29,6.71,EUR,gameplay
EV0001393,E001393,P100053,G004,2024-02-16 07:21:53,503.7,BRL,tournament
EV0004724,E004630,P100027,G011,2024-05-14 14:55:50,15.25,USD,gameplay
EV0000167,E000167,P100027,G011,2024-01-18 16:12:36,7.16,USD,gameplay
EV0001728,E001728,P100109,G007,2024-02-22 11:59:16,28.57,GBP,gameplay
EV0001433,E001433,P100059,G017,2024-02-16 15:17:37,16.89,GBP,gameplay
EV0004410,E004338,P100181,G001,2024-04-01 09:38:44,341.69,BRL,bonus
EV0004292,E004227,P100162,G002,2024-04-19 15:20:09,21.35,EUR,gameplay
EV0005572,E005407,P100165,G016,2024-05-01 19:45:33,18.67,EUR,gameplay
EV0006141,E005946,P100063,G010,2024-06-09 19:04:37,343.94,BRL,tournament
EV0000415,E000415,P100071,G004,2024-01-03 10:10:56,38.31,USD,gameplay
EV0003168,E003168,P100175,G009,2024-03-15 19:02:35,18.93,USD,gameplay
EV0006710,E006476,P100157,G014,2024-06-09 08:00:19,278.2,BRL,tournament
EV0002442,E002442,P100036,G008,2024-03-25 05:13:35,25.54,EUR,gameplay
EV0001723,E001723,P100108,G016,2024-02-16 05:07:14,34.02,EUR,gameplay
EV0005121,E004996,P100093,G007,2024-05-24 01:12:34,59.6,EUR,bonus
EV0002394,E002394,P100027,G011,2024-03-16 11:12:40,25.02,USD,gameplay
EV0003162,E003162,P100173,G018,2024-03-05 00:23:48,32.3,USD,gameplay
EV0002571,E002571,P100063,G010,2024-03-06 14:57:01,257.81,BRL,bonus
EV0004393,E004322,P100177,G012,2024-04-23 12:50:18,30.77,BRL,gameplay
EV0003341,E003337,P100006,G007,2024-04-28 21:08:01,27.65,GBP,gameplay
EV0004423,E004350,P100182,G006,2024-04-15 23:36:38,17.6,EUR,gameplay
EV0001415,E001415,P100056,G017,2024-02-23 07:29:39,277.17,BRL,bonus
EV0003423,E003414,P100020,G012,2024-04-22 19:46:52,200.0,BRL,gameplay
EV0004297,E004232,P100163,G003,2024-04-04 19:16:35,193.8,BRL,gameplay
EV0000489,E000489,P100084,G001,2024-01-24 07:14:44,4.76,EUR,gameplay
EV0003004,E003004,P100142,G018,2024-03-30 18:21:56,369.07,BRL,bonus
EV0006056,E005864,P100049,G002,2024-06-09 08:36:56,23.4,EUR,gameplay
EV0001211,E001211,P100014,G004,2024-02-28 06:38:13,8.89,EUR,gameplay
EV0001595,E001595,P100087,G003,2024-02-11 18:27:09,17.76,GBP,gameplay
EV0000757,E000757,P100133,G002,2024-01-20 07:20:46,13.79,GBP,gameplay
EV0001141,E001141,P100003,G012,2024-02-02 01:11:35,207.59,BRL,bonus
EV0005360,E005213,P100130,G013,2024-05-10 11:17:04,112.68,BRL,gameplay
EV0003578,E003559,P100043,G004,2024-04-15 14:22:25,33.99,USD,gameplay
EV0005848,E005667,P100014,G004,2024-06-07 03:28:09,31.76,EUR,gameplay
EV0004786,E004689,P100041,G012,2024-05-20 01:00:28,5.04,USD,gameplay
EV0004127,E004075,P100138,G008,2024-04-12 13:54:59,20.65,EUR,gameplay
EV0003495,E003481,P100030,G008,2024-04-05 06:02:02,25.96,GBP,gameplay
EV0000822,E000822,P100142,G018,2024-01-18 04:13:41,165.58,BRL,bonus
EV0003630,E003608,P100052,G011,2024-04-07 03:27:01,26.66,GBP,gameplay
EV0002952,E002952,P100134,G016,2024-03-27 20:37:07,127.44,BRL,gameplay
EV0003116,E003116,P100166,G003,2024-03-18 21:09:27,31.71,USD,gameplay
EV0004479,E004403,P100190,G017,2024-04-01 20:54:21,144.78,BRL,gameplay
EV0004748,E004652,P100032,G015,2024-05-25 17:13:13,33.6,USD,gameplay
EV0003660,E003637,P100057,G004,2024-04-03 05:59:40,13.8,USD,gameplay
EV0002527,E002527,P100054,G015,2024-03-03 22:51:04,17.44,EUR,gameplay
EV0000075,E000075,P100012,G004,2024-01-25 20:23:23,7.35,USD,gameplay
EV0005017,E004903,P100075,G017,2024-05-02 10:19:53,59.8,BRL,gameplay
EV0002481,E002481,P100045,G009,2024-03-16 02:11:16,181.01,BRL,gameplay
EV0006915,E006667,P100189,G009,2024-06-07 21:38:55,28.14,EUR,gameplay
EV0006929,E006681,P100192,G008,2024-06-02 06:16:57,20.72,GBP,gameplay
EV0001563,E001563,P100082,G009,2024-02-04 15:42:34,33.85,EUR,gameplay
EV0003890,E003859,P100098,G009,2024-04-08 17:08:54,50.77,GBP,tournament
EV0003532,E003515,P100037,G017,2024-04-21 19:58:06,24.0,USD,gameplay
EV0006236,E006035,P100079,G014,2024-06-23 10:47:01,9.03,USD,gameplay
EV0004138,E004084,P100139,G017,2024-04-08 06:56:10,31.43,USD,gameplay
EV0001299,E001299,P100032,G015,2024-02-14 07:08:51,31.37,USD,gameplay
EV0001664,E001664,P100099,G015,2024-02-02 21:53:21,28.96,USD,gameplay
EV0000230,E000230,P100037,G017,2024-01-24 04:50:44,18.43,USD,gameplay
EV0001841,E001841,P100129,G004,2024-02-17 23:16:59,26.22,BRL,gameplay
EV0003296,E003296,P100199,G018,2024-03-22 18:38:22,92.92,USD,tournament
EV0002844,E002844,P100115,G008,2024-03-22 15:07:05,109.27,BRL,bonus
EV0006290,E006085,P100088,G012,2024-06-29 16:20:31,78.7,BRL,gameplay
EV0000420,E000420,P100072,G008,2024-01-10 09:15:06,11.1,GBP,gameplay
EV0000030,E000030,P100005,G002,2024-01-01 11:19:11,21.09,EUR,gameplay
EV0002141,E002141,P100182,G006,2024-02-01 09:44:12,19.98,EUR,gameplay
EV0000701,E000701,P100125,G011,2024-01-12 21:38:12,19.41,USD,gameplay
EV0001959,E001959,P100149,G016,2024-02-06 11:32:54,4.95,EUR,gameplay
EV0006357,E006146,P100098,G009,2024-06-22 05:26:01,6.91,GBP,gameplay
EV0004414,E004342,P100181,G001,2024-04-20 09:35:59,88.28,BRL,bonus
EV0002608,E002608,P100069,G003,2024-03-11 14:22:47,23.29,GBP,gameplay
EV0001346,E001346,P100042,G017,2024-02-03 17:38:20,840.48,BRL,tournament
EV0005022,E004908,P100076,G010,2024-05-22 13:38:11,15.68,GBP,gameplay
EV0004417,E004345,P100182,G006,2024-04-27 20:10:21,28.68,EUR,bonus
EV0000528,E000528,P100092,G001,2024-01-08 17:41:24,67.76,BRL,bonus
EV0002280,E002280,P100005,G002,2024-03-05 07:50:30,26.25,EUR,gameplay
EV0003016,E003016,P100145,G002,2024-03-17 04:39:28,25.59,EUR,gameplay
EV0006634,E006404,P100144,G016,2024-06-08 14:34:00,36.28,USD,gameplay
EV0002250,E002250,P100001,G003,2024-03-05 19:37:10,108.09,BRL,gameplay
EV0002954,E002954,P100134,G016,2024-03-22 12:08:13,154.83,BRL,gameplay
EV0004111,E004060,P100135,G010,2024-04-03 01:27:40,20.66,EUR,gameplay
EV0006330,E006120,P100093,G007,2024-06-19 07:48:44,31.07,EUR,gameplay
EV0006000,E005811,P100038,G013,2024-06-10 11:48:31,88.8,BRL,bonus
EV0002054,E002054,P100167,G018,2024-02-11 10:07:05,30.57,EUR,gameplay
EV0004750,E004654,P100032,G015,2024-05-23 17:38:25,37.85,USD,gameplay
EV0005614,E005445,P100174,G005,2024-05-23 10:23:10,26.68,GBP,gameplay
EV0001972,E001972,P100150,G010,2024-02-27 00:59:11,159.4,EUR,tournament
EV0002856,E002856,P100117,G002,2024-03-03 10:59:56,28.67,GBP,gameplay
EV0001520,E001520,P100075,G017,2024-02-25 09:38:34,176.76,BRL,gameplay
EV0003210,E003210,P100182,G006,2024-03-17 03:15:51,32.47,EUR,gameplay
EV0006670,E006439,P100150,G010,2024-06-11 05:04:31,15.64,EUR,gameplay
EV0005712,E005539,P100192,G008,2024-05-09 04:35:43,24.65,GBP,gameplay
EV0004182,E004126,P100146,G015,2024-04-02 10:25:17,112.27,BRL,gameplay
EV0006310,E006103,P100090,G004,2024-06-25 09:37:53,32.49,EUR,gameplay
EV0001827,E001827,P100125,G011,2024-02-18 05:20:13,14.11,USD,gameplay
EV0005749,E005572,P100197,G002,2024-05-29 01:56:09,36.77,GBP,bonus
EV0001440,E001440,P100060,G014,2024-02-06 14:14:16,17.11,EUR,gameplay
EV0005839,E005658,P100012,G004,2024-06-26 16:45:23,13.16,USD,gameplay
EV0000740,E000740,P100130,G013,2024-01-11 05:40:46,79.78,BRL,gameplay
EV0002299,E002299,P100008,G018,2024-03-18 23:34:55,22.86,EUR,gameplay
EV0004686,E004594,P100022,G001,2024-05-06 07:54:05,14.24,EUR,gameplay
EV0005931,E005746,P100027,G011,2024-06-06 05:25:30,6.08,USD,gameplay
EV0001466,E001466,P100063,G010,2024-02-20 18:19:37,109.51,BRL,gameplay
EV0001270,E001270,P100024,G007,2024-02-01 14:37:15,111.33,BRL,gameplay
EV0005003,E004890,P100073,G015,2024-05-11 20:48:59,36.22,USD,gameplay
EV0001007,E001007,P100178,G015,2024-01-20 12:49:10,32.06,EUR,gameplay
EV0001551,E001551,P100081,G014,2024-02-13 19:03:22,286.5,BRL,bonus
EV0004676,E004584,P100020,G012,2024-05-19 17:03:08,37.79,BRL,gameplay
EV0000787,E000787,P100137,G010,2024-01-02 10:22:56,7.75,USD,gameplay
EV0004314,E004247,P100165,G016,2024-04-20 02:50:30,29.79,EUR,gameplay
EV0003386,E003380,P100013,G014,2024-04-09 10:51:42,86.28,BRL,gameplay
EV0001519,E001519,P100075,G017,2024-02-26 15:01:48,52.97,BRL,gameplay
EV0005694,E005522,P100188,G015,2024-05-18 04:03:25,8.43,GBP,gameplay
EV0006875,E006630,P100184,G014,2024-06-09 14:05:22,34.73,USD,gameplay
EV0006376,E006164,P100101,G009,2024-06-06 11:09:49,158.69,BRL,gameplay
EV0004590,E004502,P100005,G002,2024-05-10 18:30:37,22.35,EUR,gameplay
EV0003847,E003817,P100090,G004,2024-04-08 19:22:35,22.29,EUR,gameplay
EV0002287,E002287,P100006,G007,2024-03-23 04:09:38,23.73,GBP,gameplay
EV0005337,E005192,P100126,G009,2024-05-26 12:52:45,93.06,BRL,gameplay
EV0002823,E002823,P100111,G005,2024-03-07 00:13:27,81.02,BRL,gameplay
EV0004559,E004474,P100210,G014,2024-04-11 22:01:43,27.65,USD,gameplay
EV0005608,E005439,P100173,G018,2024-05-04 13:25:16,5.66,USD,gameplay
EV0006363,E006152,P100099,G015,2024-06-23 16:29:29,183.67,USD,tournament
EV0000202,E000202,P100032,G015,2024-01-18 20:22:19,126.13,USD,tournament
EV0003846,E003816,P100089,G007,2024-04-05 20:29:31,29.84,EUR,gameplay
EV0005183,E005051,P100102,G014,2024-05-09 02:43:04,21.01,USD,gameplay
EV0001767,E001767,P100116,G013,2024-02-08 06:51:43,35.68,EUR,gameplay
EV0001474,E001474,P100065,G007,2024-02-29 05:17:56,6.53,USD,gameplay
EV0005926,E005741,P100027,G011,2024-06-24 21:33:58,44.26,USD,bonus
EV0003424,E003415,P100020,G012,2024-04-13 06:15:42,186.43,BRL,gameplay
EV0003944,E003906,P100105,G012,2024-04-05 02:36:23,30.01,GBP,bonus
EV0006894,E006647,P100186,G002,2024-06-24 00:55:08,25.92,GBP,gameplay
EV0006294,E006089,P100088,G012,2024-06-11 02:54:47,182.64,BRL,gameplay
EV0003791,E003762,P100078,G014,2024-04-15 13:59:15,9.93,EUR,gameplay
EV0004752,E004656,P100032,G015,2024-05-10 13:56:58,26.23,USD,gameplay
EV0003096,E003096,P100162,G002,2024-03-17 11:36:37,31.7,EUR,gameplay
EV0005177,E005045,P100101,G009,2024-05-11 13:34:46,116.4,BRL,gameplay
EV0004189,E004132,P100147,G014,2024-04-07 22:06:24,30.98,USD,bonus
EV0005637,E005467,P100178,G015,2024-05-29 03:47:07,27.8,EUR,bonus
EV0005860,E005678,P100016,G016,2024-06-25 22:48:28,13.84,USD,bonus
EV0001317,E001317,P100035,G003,2024-02-04 14:19:36,21.42,GBP,gameplay
EV0003193,E003193,P100179,G011,2024-03-31 06:34:57,94.44,USD,tournament
EV0005503,E005343,P100155,G009,2024-05-17 14:33:27,26.36,EUR,gameplay
EV0006124,E005930,P100060,G014,2024-06-17 13:55:34,66.31,EUR,bonus
EV0004304,E004238,P100164,G018,2024-04-03 21:12:30,11.93,EUR,gameplay
EV0005449,E005295,P100147,G014,2024-05-28 09:28:09,28.41,USD,gameplay
EV0000902,E000902,P100156,G018,2024-01-10 18:15:10,29.65,USD,gameplay
EV0003093,E003093,P100161,G012,2024-03-11 09:15:30,60.63,EUR,bonus
EV0000727,E000727,P100128,G016,2024-01-21 07:33:48,6.04,GBP,gameplay
EV0003801,E003772,P100081,G014,2024-04-27 18:10:00,993.22,BRL,tournament
EV0001191,E001191,P100011,G015,2024-02-13 08:19:05,37.19,USD,bonus
EV0006054,E005862,P100048,G005,2024-06-27 01:56:34,31.45,EUR,gameplay
EV0005548,E005384,P100161,G012,2024-05-11 00:39:59,168.44,EUR,tournament
EV0002207,E002207,P100195,G012,2024-02-25 11:00:30,24.44,USD,gameplay
EV0001362,E001362,P100046,G011,2024-02-09 19:16:53,188.77,BRL,gameplay
EV0001660,E001660,P100098,G009,2024-02-22 08:07:26,16.79,GBP,gameplay
EV0005242,E005106,P100111,G005,2024-05-13 14:36:50,31.76,BRL,gameplay
EV0000062,E000062,P100011,G015,2024-01-26 06:56:02,12.06,USD,gameplay
EV0004456,E004381,P100187,G016,2024-04-17 23:10:12,36.82,USD,gameplay
EV0004387,E004316,P100176,G008,2024-04-04 08:44:14,4.43,GBP,gameplay
EV0001576,E001576,P100084,G001,2024-02-05 16:42:38,220.33,EUR,tournament
EV0003297,E003297,P100200,G018,2024-03-27 00:49:06,156.42,EUR,tournament
EV0001094,E001094,P100195,G012,2024-01-14 08:40:43,21.82,USD,gameplay
EV0005227,E005092,P100109,G007,2024-05-21 23:40:31,13.23,GBP,gameplay
EV0004346,E004277,P100171,G015,2024-04-12 15:52:35,5.58,USD,gameplay
EV0003855,E003824,P100091,G006,2024-04-04 11:37:19,1116.43,BRL,tournament
EV0005919,E005734,P100025,G016,2024-06-09 20:29:45,12.77,GBP,gameplay
EV0002763,E002763,P100099,G015,2024-03-07 11:19:12,13.38,USD,gameplay
EV0002596,E002596,P100067,G011,2024-03-16 19:45:11,191.65,USD,tournament
EV0000632,E000632,P100113,G016,2024-01-31 12:38:36,11.3,USD,gameplay
EV0002778,E002778,P100101,G009,2024-03-26 03:59:47,72.85,BRL,gameplay
EV0000440,E000440,P100076,G010,2024-01-31 03:59:06,19.73,GBP,gameplay
EV0003704,E003678,P100062,G010,2024-04-10 12:59:04,20.15,USD,gameplay
EV0002630,E002630,P100072,G008,2024-03-19 15:56:01,76.34,GBP,tournament
EV0002285,E002285,P100006,G007,2024-03-23 09:19:45,37.82,GBP,bonus
EV0001134,E001134,P100002,G004,2024-02-21 04:01:06,22.4,USD,gameplay
EV0002946,E002946,P100132,G007,2024-03-17 08:36:50,7.93,GBP,bonus
EV0005110,E004986,P100091,G006,2024-05-14 13:19:59,160.05,BRL,gameplay
EV0002463,E002463,P100041,G012,2024-03-11 22:15:50,29.26,USD,gameplay
EV0002001,E002001,P100157,G014,2024-02-24 17:36:02,65.6,BRL,gameplay
EV0001235,E001235,P100019,G014,2024-02-22 03:25:23,26.84,EUR,gameplay
EV0004736,E004641,P100029,G018,2024-05-28 21:24:08,15.54,USD,gameplay
EV0004428,E004355,P100183,G008,2024-04-04 13:20:22,8.91,EUR,gameplay
EV0001693,E001693,P100103,G016,2024-02-19 06:37:44,3.95,GBP,gameplay
EV0006779,E006541,P100168,G004,2024-06-08 17:01:07,8.55,USD,gameplay
EV0005638,E005468,P100178,G015,2024-05-25 20:30:36,23.46,EUR,gameplay
EV0001661,E001661,P100098,G009,2024-02-22 22:08:20,17.22,GBP,gameplay
EV0003087,E003087,P100159,G010,2024-03-31 23:13:06,38.18,BRL,gameplay
EV0002819,E002819,P100111,G005,2024-03-27 23:25:48,837.52,BRL,tournament
EV0006108,E005915,P100058,G014,2024-06-27 07:56:17,131.14,BRL,bonus
EV0006116,E005923,P100059,G017,2024-06-28 19:20:16,8.97,GBP,gameplay
EV0002452,E002452,P100038,G013,2024-03-30 21:25:54,151.36,BRL,gameplay
EV0005125,E004999,P100094,G010,2024-05-19 23:59:06,56.62,EUR,tournament
EV0002037,E002037,P100164,G018,2024-02-11 18:23:53,12.37,EUR,gameplay
EV0000423,E000423,P100072,G008,2024-01-07 05:40:18,6.52,GBP,gameplay
EV0003509,E003493,P100032,G015,2024-04-08 22:16:57,25.59,USD,gameplay
EV0004171,E004116,P100144,G016,2024-04-25 09:28:11,38.4,USD,bonus
EV0002622,E002622,P100071,G004,2024-03-21 05:21:40,38.49,USD,gameplay
EV0003973,E003933,P100111,G005,2024-04-02 16:10:07,73.8,BRL,gameplay
EV0006222,E006021,P100076,G010,2024-06-01 09:08:12,25.57,GBP,bonus
EV0001454,E001454,P100062,G010,2024-02-14 13:43:48,117.96,USD,tournament
EV0000496,E000496,P100085,G009,2024-01-23 20:50:02,7.23,GBP,gameplay
EV0005756,E005579,P100199,G018,2024-05-29 05:05:16,39.53,USD,gameplay
EV0006678,E006446,P100152,G002,2024-06-03 17:44:12,6.95,USD,gameplay
EV0003555,E003537,P100040,G007,2024-04-29 00:44:38,39.42,USD,gameplay
EV0002124,E002124,P100179,G011,2024-02-04 17:10:13,245.16,USD,tournament
EV0001830,E001830,P100126,G009,2024-02-15 20:40:49,48.48,BRL,gameplay
EV0006511,E006288,P100124,G017,2024-06-11 19:12:58,15.29,EUR,gameplay
EV0006534,E006308,P100128,G016,2024-06-19 19:55:30,24.95,GBP,gameplay
EV0001717,E001717,P100107,G011,2024-02-29 14:52:10,31.59,USD,gameplay
EV0006024,E005832,P100043,G004,2024-06-17 10:20:50,33.52,USD,gameplay
EV0004129,E004077,P100138,G008,2024-04-25 02:57:23,10.0,EUR,gameplay
EV0001658,E001658,P100098,G009,2024-02-07 09:02:08,18.42,GBP,bonus
EV0004462,E004386,P100187,G016,2024-04-07 03:54:28,37.48,USD,gameplay
EV0004985,E004872,P100071,G004,2024-05-23 05:07:24,32.84,USD,gameplay
EV0000076,E000076,P100012,G004,2024-01-20 04:43:28,24.85,USD,gameplay
EV0004359,E004290,P100173,G018,2024-04-04 22:35:38,27.07,USD,gameplay
EV0006809,E006567,P100173,G018,2024-06-05 19:00:11,19.4,USD,gameplay
EV0003390,E003382,P100013,G014,2024-04-23 12:56:53,90.03,BRL,gameplay
EV0006624,E006394,P100143,G008,2024-06-29 12:16:42,44.15,BRL,gameplay
EV0000494,E000494,P100085,G009,2024-01-26 12:01:14,28.55,GBP,gameplay
EV0003017,E003017,P100146,G015,2024-03-03 23:48:20,137.58,BRL,gameplay
EV0005317,E005175,P100124,G017,2024-05-28 09:10:30,32.79,EUR,gameplay
EV0000304,E000304,P100050,G007,2024-01-12 14:31:20,37.77,USD,gameplay
EV0004051,E004006,P100125,G011,2024-04-16 10:53:14,157.09,USD,tournament
EV0006785,E006546,P100170,G018,2024-06-07 02:59:12,17.73,USD,gameplay
EV0006030,E005838,P100043,G004,2024-06-04 18:06:42,17.47,USD,gameplay
EV0006447,E006227,P100113,G016,2024-06-21 22:58:57,23.73,USD,gameplay
EV0003505,E003490,P100031,G002,2024-04-10 06:56:50,21.39,USD,gameplay
EV0003768,E003740,P100073,G015,2024-04-02 01:17:36,31.61,USD,gameplay
EV0002620,E002620,P100070,G013,2024-03-03 10:45:30,36.27,EUR,gameplay
EV0000611,E000611,P100108,G016,2024-01-28 16:40:01,33.51,EUR,gameplay
EV0002821,E002821,P100111,G005,2024-03-03 19:23:53,31.75,BRL,gameplay
EV0004452,E004377,P100186,G002,2024-04-25 04:21:33,18.14,GBP,gameplay
EV0001903,E001903,P100139,G017,2024-02-01 05:16:56,19.98,USD,gameplay
EV0002046,E002046,P100166,G003,2024-02-29 16:51:03,9.24,USD,gameplay
EV0003903,E003870,P100100,G011,2024-04-13 21:39:02,77.33,BRL,gameplay
EV0003546,E003528,P100039,G003,2024-04-01 23:50:02,6.41,GBP,gameplay
EV0006028,E005836,P100043,G004,2024-06-26 02:38:18,37.0,USD,gameplay
EV0002578,E002578,P100064,G006,2024-03-29 05:03:41,33.86,GBP,bonus
EV0000920,E000920,P100161,G012,2024-01-27 15:07:37,27.68,EUR,gameplay
EV0006962,E006712,P100199,G018,2024-06-29 12:33:59,19.8,USD,gameplay
EV0006242,E006041,P100080,G013,2024-06-12 09:56:45,35.59,USD,gameplay
EV0000854,E000854,P100148,G013,2024-01-28 04:11:49,51.37,BRL,gameplay
EV0002993,E002993,P100140,G017,2024-03-18 22:10:01,47.98,GBP,bonus
EV0004265,E004202,P100159,G010,2024-04-30 04:14:29,130.08,BRL,gameplay
EV0000922,E000922,P100161,G012,2024-01-04 21:52:38,13.76,EUR,bonus
EV0005794,E005616,P100004,G008,2024-06-19 15:13:03,16.53,EUR,gameplay
EV0000398,E000398,P100068,G007,2024-01-05 03:54:33,148.62,BRL,gameplay
EV0004698,E004605,P100024,G007,2024-05-23 18:41:21,29.34,BRL,gameplay
EV0006851,E006607,P100180,G018,2024-06-05 02:23:25,29.19,USD,gameplay
EV0006520,E006296,P100125,G011,2024-06-30 16:45:37,31.56,USD,gameplay
EV0003435,E003424,P100021,G003,2024-04-09 13:03:52,17.58,USD,gameplay
EV0006756,E006518,P100162,G002,2024-06-07 11:40:48,25.25,EUR,gameplay
EV0006480,E006259,P100118,G003,2024-06-19 07:22:55,170.97,EUR,tournament
EV0002648,E002648,P100076,G010,2024-03-02 16:03:46,24.07,GBP,gameplay
EV0001198,E001198,P100013,G014,2024-02-05 00:25:12,165.58,BRL,gameplay
EV0004357,E004288,P100173,G018,2024-04-05 01:20:18,27.06,USD,gameplay
EV0004246,E004185,P100155,G009,2024-04-19 01:06:24,25.51,EUR,gameplay
EV0005554,E005390,P100162,G002,2024-05-02 21:43:56,23.48,EUR,gameplay
EV0002435,E002435,P100034,G016,2024-03-23 23:02:22,169.71,BRL,gameplay
EV0002462,E002462,P100041,G012,2024-03-08 10:34:22,37.39,USD,gameplay
EV0005892,E005709,P100020,G012,2024-06-16 04:14:33,49.76,BRL,gameplay
EV0003633,E003611,P100053,G004,2024-04-05 16:49:25,88.2,BRL,gameplay
EV0002912,E002912,P100125,G011,2024-03-17 17:29:32,117.51,USD,tournament
EV0001456,E001456,P100062,G010,2024-02-05 04:21:36,32.49,USD,gameplay
EV0006272,E006067,P100084,G001,2024-06-17 09:18:28,25.09,EUR,gameplay
EV0002920,E002920,P100128,G016,2024-03-27 21:59:58,47.51,GBP,bonus
EV0003708,E003682,P100063,G010,2024-04-01 17:27:51,175.44,BRL,gameplay
EV0001875,E001875,P100135,G010,2024-02-05 18:29:07,10.2,EUR,gameplay
EV0002592,E002592,P100066,G015,2024-03-20 03:03:45,143.08,BRL,gameplay
EV0002533,E002533,P100056,G017,2024-03-22 23:28:01,59.73,BRL,gameplay
EV0006104,E005911,P100057,G004,2024-06-08 00:40:52,38.41,USD,gameplay
EV0005689,E005517,P100187,G016,2024-05-06 18:58:24,198.13,USD,tournament
EV0000777,E000777,P100136,G004,2024-01-15 12:00:46,38.66,USD,gameplay
EV0002978,E002978,P100138,G008,2024-03-19 18:22:06,36.24,EUR,gameplay
EV0005719,E005544,P100192,G008,2024-05-02 15:52:34,23.63,GBP,gameplay
EV0002120,E002120,P100178,G015,2024-02-17 07:24:01,27.54,EUR,gameplay
EV0003905,E003871,P100100,G011,2024-04-16 15:11:41,1184.71,BRL,tournament
EV0003394,E003386,P100014,G004,2024-04-01 01:01:38,16.89,EUR,gameplay
EV0004721,E004627,P100027,G011,2024-05-22 15:26:21,12.06,USD,gameplay
EV0002309,E002309,P100011,G015,2024-03-19 20:39:48,27.49,USD,gameplay
EV0003317,E003315,P100002,G004,2024-04-02 13:28:06,11.84,USD,gameplay
EV0001552,E001552,P100081,G014,2024-02-01 14:55:44,336.57,BRL,bonus
EV0000526,E000526,P100092,G001,2024-01-28 15:54:31,52.57,BRL,gameplay
EV0003813,E003784,P100083,G013,2024-04-10 21:43:31,131.81,BRL,gameplay
EV0006150,E005954,P100064,G006,2024-06-01 09:53:40,148.56,GBP,tournament
EV0002799,E002799,P100106,G015,2024-03-09 11:14:17,82.3,BRL,bonus
EV0002652,E002652,P100076,G010,2024-03-02 16:26:41,14.55,GBP,gameplay
EV0006536,E006310,P100128,G016,2024-06-08 16:06:51,25.64,GBP,gameplay
EV0001434,E001434,P100059,G017,2024-02-19 20:02:13,28.71,GBP,gameplay
EV0005427,E005276,P100142,G018,2024-05-29 11:57:01,199.71,BRL,gameplay
EV0003868,E003837,P100093,G007,2024-04-26 13:16:57,16.8,EUR,gameplay
EV0004892,E004786,P100057,G004,2024-05-12 09:21:05,28.69,USD,gameplay
EV0006223,E006022,P100076,G010,2024-06-02 22:54:24,15.42,GBP,bonus
EV0002182,E002182,P100189,G009,2024-02-29 06:47:48,166.06,EUR,tournament
EV0001391,E001391,P100052,G011,2024-02-10 02:40:40,8.29,GBP,gameplay
EV0005271,E005134,P100118,G003,2024-05-17 07:12:15,26.5,EUR,bonus
EV0004872,E004769,P100054,G015,2024-05-29 20:26:49,9.91,EUR,gameplay
EV0000908,E000908,P100158,G016,2024-01-15 18:08:05,315.14,BRL,bonus
EV0003950,E003912,P100108,G016,2024-04-09 10:55:59,30.66,EUR,gameplay
EV0004341,E004272,P100170,G018,2024-04-22 04:58:40,57.52,USD,bonus
EV0004005,E003963,P100115,G008,2024-04-15 02:01:05,118.79,BRL,gameplay
EV0003588,E003568,P100046,G011,2024-04-13 11:23:03,116.96,BRL,gameplay
EV0003098,E003098,P100163,G003,2024-03-09 18:51:10,105.56,BRL,gameplay
EV0006578,E006349,P100133,G002,2024-06-08 23:43:44,21.58,GBP,gameplay
EV0003422,E003413,P100020,G012,2024-04-15 09:49:34,152.82,BRL,gameplay
EV0001714,E001714,P100107,G011,2024-02-08 02:17:09,6.53,USD,gameplay
EV0000106,E000106,P100017,G008,2024-01-02 09:24:55,49.75,BRL,gameplay
EV0005568,E005403,P100164,G018,2024-05-28 05:59:11,15.21,EUR,gameplay
EV0001952,E001952,P100148,G013,2024-02-27 23:42:15,58.1,BRL,gameplay
EV0001522,E001522,P100075,G017,2024-02-20 15:04:21,91.84,BRL,gameplay
EV0006164,E005968,P100067,G011,2024-06-09 15:03:10,38.75,USD,bonus
EV0005114,E004990,P100091,G006,2024-05-17 17:23:40,136.37,BRL,gameplay
EV0004125,E004074,P100138,G008,2024-04-17 17:27:19,28.02,EUR,gameplay
EV0002929,E002929,P100129,G004,2024-03-31 04:44:16,78.48,BRL,gameplay
EV0000275,E000275,P100044,G007,2024-01-28 17:11:23,7.92,EUR,gameplay
EV0002211,E002211,P100196,G014,2024-02-29 09:52:43,162.43,BRL,gameplay
EV0003587,E003567,P100045,G009,2024-04-02 12:14:44,364.24,BRL,bonus
EV0002619,E002619,P100070,G013,2024-03-14 05:31:42,21.08,EUR,gameplay
EV0003637,E003615,P100054,G015,2024-04-29 16:38:38,24.56,EUR,gameplay
EV0004348,E004279,P100171,G015,2024-04-13 12:15:27,13.28,USD,gameplay
EV0001279,E001279,P100027,G011,2024-02-08 18:58:43,13.12,USD,gameplay
EV0000484,E000484,P100083,G013,2024-01-02 00:28:17,160.01,BRL,bonus
EV0001866,E001866,P100133,G002,2024-02-04 13:46:19,5.73,GBP,gameplay
EV0000274,E000274,P100044,G007,2024-01-09 22:51:50,11.58,EUR,gameplay
EV0006253,E006049,P100081,G014,2024-06-25 04:31:09,52.81,BRL,gameplay
EV0001105,E001105,P100197,G002,2024-01-29 17:39:44,9.01,GBP,gameplay
EV0004971,E004858,P100068,G007,2024-05-23 18:49:25,45.84,BRL,gameplay
EV0004528,E004447,P100197,G002,2024-04-09 19:37:34,30.22,GBP,gameplay
EV0004577,E004489,P100003,G012,2024-05-27 07:22:25,136.34,BRL,gameplay
EV0005447,E005294,P100147,G014,2024-05-23 15:10:52,38.22,USD,gameplay
EV0005770,E005592,P100207,G011,2024-05-15 20:59:19,27.87,EUR,gameplay
EV0001119,E001119,P100200,G018,2024-01-01 16:13:45,23.35,EUR,gameplay
EV0004858,E004755,P100052,G011,2024-05-01 12:11:29,137.64,GBP,tournament
EV0000586,E000586,P100104,G008,2024-01-27 07:58:16,37.4,BRL,gameplay
EV0004042,E003997,P100124,G017,2024-04-25 11:43:45,34.64,EUR,gameplay
EV0003706,E003680,P100062,G010,2024-04-04 06:46:55,9.77,USD,gameplay
EV0003326,E003323,P100003,G012,2024-04-16 00:02:03,968.85,BRL,tournament
EV0003679,E003655,P100059,G017,2024-04-10 09:34:42,32.71,GBP,bonus
EV0003586,E003566,P100045,G009,2024-04-27 13:53:58,91.33,BRL,gameplay
EV0002795,E002795,P100105,G012,2024-03-13 08:15:45,12.23,GBP,gameplay
EV0000463,E000463,P100080,G013,2024-01-15 08:13:29,69.61,USD,bonus
EV0003400,E003391,P100014,G004,2024-04-18 00:36:28,18.97,EUR,gameplay
EV0004173,E004118,P100145,G002,2024-04-30 08:05:18,9.89,EUR,gameplay
EV0003850,E003820,P100090,G004,2024-04-20 02:28:04,20.46,EUR,gameplay
EV0000637,E000637,P100114,G002,2024-01-19 02:14:24,16.22,GBP,gameplay
EV0000864,E000864,P100149,G016,2024-01-23 19:36:50,26.03,EUR,gameplay
EV0001829,E001829,P100125,G011,2024-02-18 02:36:24,26.63,USD,gameplay
EV0001823,E001823,P100124,G017,2024-02-27 01:51:59,25.64,EUR,gameplay
EV0000961,E000961,P100169,G012,2024-01-16 08:09:33,23.07,GBP,gameplay
EV0002669,E002669,P100079,G014,2024-03-21 07:36:56,6.9,USD,gameplay
EV0004514,E004435,P100194,G005,2024-04-03 20:31:17,76.12,BRL,gameplay
EV0000655,E000655,P100118,G003,2024-01-04 06:32:25,221.9,EUR,tournament
EV0004582,E004494,P100005,G002,2024-05-30 12:27:46,224.78,EUR,tournament
EV0002531,E002531,P100055,G007,2024-03-12 14:12:57,69.93,EUR,bonus
EV0002853,E002853,P100116,G013,2024-03-08 14:57:09,212.21,EUR,tournament
EV0001003,E001003,P100177,G012,2024-01-22 12:20:07,1234.66,BRL,tournament
EV0003866,E003835,P100093,G007,2024-04-06 18:51:25,16.89,EUR,gameplay
EV0000037,E000037,P100006,G007,2024-01-15 07:34:15,24.24,GBP,gameplay
EV0001367,E001367,P100047,G018,2024-02-25 22:28:17,50.68,EUR,bonus
EV0004177,E004121,P100145,G002,2024-04-19 11:27:12,55.98,EUR,tournament
EV0001986,E001986,P100153,G014,2024-02-20 16:19:25,21.51,EUR,gameplay
EV0003129,E003129,P100168,G004,2024-03-24 10:03:29,7.56,USD,gameplay
EV0006162,E005966,P100066,G015,2024-06-17 10:43:38,189.95,BRL,gameplay
EV0003153,E003153,P100172,G002,2024-03-16 18:34:52,7.72,EUR,gameplay
EV0001478,E001478,P100066,G015,2024-02-02 14:01:04,62.1,BRL,gameplay
EV0000070,E000070,P100011,G015,2024-01-14 05:44:28,26.09,USD,gameplay
EV0005781,E005603,P100002,G004,2024-06-10 05:34:32,23.41,USD,gameplay
EV0006475,E006254,P100117,G002,2024-06-24 00:16:04,27.15,GBP,gameplay
EV0005605,E005436,P100172,G002,2024-05-14 22:25:14,16.71,EUR,bonus
EV0005108,E004984,P100091,G006,2024-05-22 05:58:46,317.07,BRL,bonus
EV0005191,E005059,P100103,G016,2024-05-05 16:17:48,11.54,GBP,gameplay
EV0001676,E001676,P100101,G009,2024-02-01 01:42:47,115.11,BRL,bonus
EV0005444,E005291,P100146,G015,2024-05-22 11:59:26,119.51,BRL,gameplay
EV0004657,E004565,P100018,G018,2024-05-30 00:50:59,20.02,GBP,gameplay
EV0006196,E005998,P100071,G004,2024-06-08 23:25:59,51.98,USD,bonus
EV0005658,E005487,P100181,G001,2024-05-15 12:06:56,1110.75,BRL,tournament
EV0001320,E001320,P100037,G017,2024-02-26 22:36:43,14.96,USD,gameplay
EV0001957,E001957,P100148,G013,2024-02-02 20:41:57,128.26,BRL,gameplay
EV0003338,E003334,P100005,G002,2024-04-27 05:48:20,12.66,EUR,gameplay
EV0001611,E001611,P100089,G007,2024-02-18 05:27:42,16.49,EUR,gameplay
EV0004183,E004127,P100146,G015,2024-04-27 01:30:27,318.29,BRL,bonus
EV0000819,E000819,P100142,G018,2024-01-13 21:08:05,84.98,BRL,gameplay
EV0004326,E004258,P100167,G018,2024-04-13 21:17:40,44.47,EUR,bonus
EV0000175,E000175,P100028,G006,2024-01-24 20:26:23,157.86,GBP,tournament
EV0001593,E001593,P100087,G003,2024-02-13 13:43:53,170.88,GBP,tournament
EV0005346,E005201,P100127,G015,2024-05-12 10:51:01,60.68,GBP,bonus
EV0005733,E005557,P100195,G012,2024-05-07 07:29:59,36.52,USD,gameplay
EV0005482,E005325,P100151,G004,2024-05-26 03:54:11,29.84,USD,gameplay
EV0002378,E002378,P100023,G002,2024-03-01 00:21:01,163.63,EUR,tournament
EV0002350,E002350,P100017,G008,2024-03-29 23:09:41,724.41,BRL,tournament
EV0003778,E003750,P100075,G017,2024-04-06 03:39:09,78.4,BRL,gameplay
EV0006617,E006387,P100141,G016,2024-06-18 13:31:41,116.39,BRL,gameplay
EV0001785,E001785,P100119,G014,2024-02-04 12:49:27,11.31,USD,gameplay
EV0004507,E004429,P100193,G004,2024-04-18 23:13:45,14.45,GBP,gameplay
EV0003854,E003823,P100091,G006,2024-04-24 23:54:46,181.55,BRL,gameplay
EV0005013,E004899,P100075,G017,2024-05-01 22:38:19,1022.86,BRL,tournament
EV0004622,E004533,P100012,G004,2024-05-04 18:43:19,64.79,USD,bonus
EV0001741,E001741,P100111,G005,2024-02-14 07:13:52,176.63,BRL,gameplay
EV0005306,E005165,P100123,G010,2024-05-19 10:13:15,897.81,BRL,tournament
EV0000137,E000137,P100021,G003,2024-01-10 03:36:43,60.52,USD,bonus
EV0002538,E002538,P100057,G004,2024-03-01 18:03:52,5.21,USD,gameplay
EV0006399,E006185,P100104,G008,2024-06-30 18:41:58,484.37,BRL,tournament
EV0001655,E001655,P100098,G009,2024-02-12 13:57:11,13.95,GBP,gameplay
EV0000582,E000582,P100103,G016,2024-01-07 21:27:53,21.0,GBP,gameplay
EV0002623,E002623,P100071,G004,2024-03-20 03:38:08,26.65,USD,gameplay
EV0004729,E004635,P100028,G006,2024-05-27 03:01:19,23.19,GBP,gameplay
EV0006533,E006307,P100127,G015,2024-06-25 00:29:15,10.0,GBP,gameplay
EV0005964,E005776,P100033,G010,2024-06-07 17:17:23,25.98,GBP,gameplay
EV0001355,E001355,P100044,G007,2024-02-18 13:04:30,15.02,EUR,gameplay
EV0003173,E003173,P100176,G008,2024-03-21 04:19:56,29.76,GBP,gameplay
EV0005184,E005052,P100102,G014,2024-05-22 05:27:28,23.43,USD,gameplay
EV0006486,E006265,P100119,G014,2024-06-08 17:06:32,5.92,USD,gameplay
EV0003525,E003508,P100035,G003,2024-04-19 08:28:40,144.14,GBP,tournament
EV0003189,E003189,P100178,G015,2024-03-09 08:11:59,32.69,EUR,gameplay
EV0003836,E003806,P100088,G012,2024-04-10 01:24:09,636.96,BRL,tournament
EV0003431,E003421,P100021,G003,2024-04-28 07:56:19,13.03,USD,gameplay
EV0005566,E005401,P100164,G018,2024-05-21 12:51:29,33.74,EUR,gameplay
EV0003668,E003644,P100058,G014,2024-04-14 19:25:29,159.78,BRL,gameplay
EV0005814,E005635,P100007,G013,2024-06-07 06:29:17,33.69,EUR,bonus
EV0006773,E006535,P100167,G018,2024-06-02 12:55:32,7.61,EUR,gameplay
EV0004570,E004483,P100002,G004,2024-05-08 23:38:16,12.51,USD,gameplay
EV0002023,E002023,P100160,G002,2024-02-08 04:58:00,32.92,GBP,bonus
EV0001143,E001143,P100003,G012,2024-02-13 15:48:07,80.73,BRL,gameplay
EV0006321,E006112,P100092,G001,2024-06-08 06:25:05,33.01,BRL,gameplay
EV0006229,E006028,P100078,G014,2024-06-05 21:12:48,9.92,EUR,gameplay
EV0001870,E001870,P100134,G016,2024-02-01 04:06:20,33.81,BRL,gameplay
EV0005598,E005430,P100170,G018,2024-05-29 02:02:32,38.49,USD,gameplay
EV0005970,E005782,P100034,G016,2024-06-23 17:50:14,112.17,BRL,gameplay
EV0000298,E000298,P100049,G002,2024-01-29 21:52:06,32.41,EUR,gameplay
EV0004831,E004731,P100046,G011,2024-05-10 04:42:27,47.72,BRL,gameplay
EV0006049,E005857,P100046,G011,2024-06-17 22:38:54,142.09,BRL,gameplay
EV0005119,E004994,P100093,G007,2024-05-20 05:13:34,16.01,EUR,gameplay
EV0005091,E004969,P100088,G012,2024-05-20 22:48:38,333.98,BRL,tournament
EV0003674,E003650,P100059,G017,2024-04-21 12:21:19,20.08,GBP,gameplay
EV0004627,E004537,P100013,G014,2024-05-14 15:54:32,126.94,BRL,bonus
EV0002569,E002569,P100063,G010,2024-03-05 12:30:24,159.15,BRL,gameplay
EV0001487,E001487,P100069,G003,2024-02-02 19:00:03,12.17,GBP,gameplay
EV0000517,E000517,P100090,G004,2024-01-31 05:06:26,6.52,EUR,gameplay
EV0002316,E002316,P100011,G015,2024-03-30 14:21:40,15.66,USD,gameplay
EV0004731,E004637,P100028,G006,2024-05-28 03:09:52,29.2,GBP,gameplay
EV0005422,E005271,P100141,G016,2024-05-18 15:03:51,89.03,BRL,gameplay
EV0001361,E001361,P100045,G009,2024-02-20 09:41:10,1227.07,BRL,tournament
EV0006526,E006301,P100125,G011,2024-06-04 22:28:23,109.01,USD,tournament
EV0006693,E006461,P100155,G009,2024-06-07 13:30:36,24.26,EUR,gameplay
EV0000118,E000118,P100019,G014,2024-01-02 04:45:21,5.93,EUR,gameplay
EV0006128,E005933,P100061,G003,2024-06-19 05:43:15,32.49,EUR,gameplay
EV0002460,E002460,P100040,G007,2024-03-06 16:37:25,23.46,USD,bonus
EV0004925,E004817,P100061,G003,2024-05-03 11:55:31,32.26,EUR,gameplay
EV0002895,E002895,P100122,G009,2024-03-01 13:37:40,14.03,EUR,gameplay
EV0006191,E005993,P100071,G004,2024-06-28 20:23:17,16.25,USD,gameplay
EV0001609,E001609,P100089,G007,2024-02-05 18:13:41,69.42,EUR,tournament
EV0000343,E000343,P100058,G014,2024-01-11 13:17:33,182.85,BRL,gameplay
EV0005376,E005228,P100133,G002,2024-05-18 20:58:23,6.7,GBP,gameplay
EV0004776,E004679,P100040,G007,2024-05-20 06:00:52,24.18,USD,gameplay
EV0000710,E000710,P100126,G009,2024-01-09 23:44:47,66.19,BRL,gameplay
EV0000849,E000849,P100147,G014,2024-01-29 14:05:16,72.71,USD,bonus
EV0000556,E000556,P100097,G014,2024-01-05 01:42:03,4.57,GBP,gameplay
EV0005164,E005032,P100100,G011,2024-05-27 18:17:42,75.3,BRL,gameplay
EV0002937,E002937,P100130,G013,2024-03-30 18:55:44,151.56,BRL,gameplay
EV0001435,E001435,P100059,G017,2024-02-28 07:25:13,9.33,GBP,gameplay
EV0005815,E005636,P100007,G013,2024-06-01 04:40:41,18.09,EUR,gameplay
EV0006496,E006273,P100121,G009,2024-06-01 09:53:27,6.57,USD,gameplay
EV0005364,E005217,P100131,G004,2024-05-24 12:03:30,488.86,BRL,tournament
EV0002074,E002074,P100170,G018,2024-02-04 07:42:17,26.22,USD,gameplay
EV0005222,E005087,P100108,G016,2024-05-04 11:13:23,14.48,EUR,gameplay
EV0004437,E004364,P100184,G014,2024-04-16 01:46:04,16.14,USD,gameplay
EV0005410,E005260,P100140,G017,2024-05-24 01:47:27,23.62,GBP,gameplay
EV0006862,E006618,P100182,G006,2024-06-24 06:20:13,13.11,EUR,gameplay
EV0002407,E002407,P100029,G018,2024-03-06 20:40:54,8.5,USD,gameplay
EV0002869,E002869,P100118,G003,2024-03-20 16:04:53,24.18,EUR,gameplay
EV0000109,E000109,P100018,G018,2024-01-01 02:25:32,12.28,GBP,gameplay
EV0006922,E006674,P100191,G004,2024-06-08 06:53:47,46.44,GBP,tournament
EV0000895,E000895,P100155,G009,2024-01-13 22:55:33,5.81,EUR,gameplay
EV0001176,E001176,P100009,G005,2024-02-11 19:19:55,28.04,GBP,gameplay
EV0001795,E001795,P100120,G010,2024-02-14 15:30:34,60.54,BRL,gameplay
EV0004290,E004225,P100162,G002,2024-04-03 09:47:41,28.81,EUR,gameplay
EV0000555,E000555,P100097,G014,2024-01-28 13:51:00,83.28,GBP,tournament
EV0004079,E004031,P100131,G004,2024-04-10 09:27:48,28.88,BRL,gameplay
EV0003097,E003097,P100162,G002,2024-03-10 18:11:59,31.07,EUR,gameplay
EV0004713,E004620,P100026,G014,2024-05-28 04:24:52,8.12,GBP,gameplay
EV0002605,E002605,P100068,G007,2024-03-27 13:05:43,135.09,BRL,gameplay
EV0004352,E004283,P100172,G002,2024-04-01 19:16:21,16.43,EUR,gameplay
EV0006826,E006583,P100176,G008,2024-06-16 02:46:05,11.34,GBP,gameplay
EV0000880,E000880,P100153,G014,2024-01-30 21:30:58,31.63,EUR,gameplay
EV0001726,E001726,P100109,G007,2024-02-06 21:27:09,12.89,GBP,gameplay
EV0000858,E000858,P100148,G013,2024-01-29 15:15:13,26.06,BRL,gameplay
EV0002264,E002264,P100003,G012,2024-03-11 19:15:10,192.77,BRL,gameplay
EV0004952,E004842,P100065,G007,2024-05-31 00:23:23,158.78,USD,tournament
EV0004543,E004459,P100199,G018,2024-04-16 04:11:34,24.23,USD,gameplay
EV0000266,E000266,P100043,G004,2024-01-04 23:09:22,38.66,USD,gameplay
EV0005212,E005077,P100107,G011,2024-05-19 03:39:04,162.52,USD,tournament
EV0004701,E004608,P100025,G016,2024-05-29 04:14:00,20.83,GBP,gameplay
EV0001901,E001901,P100138,G008,2024-02-10 22:15:10,20.18,EUR,gameplay
EV0004690,E004598,P100022,G001,2024-05-01 09:05:26,31.89,EUR,gameplay
EV0006171,E005975,P100068,G007,2024-06-09 21:53:47,124.53,BRL,gameplay
EV0003293,E003293,P100199,G018,2024-03-05 00:53:52,15.03,USD,gameplay
EV0006643,E006412,P100145,G002,2024-06-26 23:54:00,23.94,EUR,gameplay
EV0002319,E002319,P100012,G004,2024-03-22 04:20:10,24.72,USD,bonus
EV0004065,E004018,P100128,G016,2024-04-24 22:07:39,9.56,GBP,gameplay
EV0005968,E005780,P100033,G010,2024-06-18 00:57:41,21.84,GBP,gameplay
EV0002532,E002532,P100055,G007,2024-03-05 09:32:04,17.54,EUR,gameplay
EV0005168,E005036,P100100,G011,2024-05-03 18:45:48,77.15,BRL,gameplay
EV0001899,E001899,P100138,G008,2024-02-12 20:18:45,30.24,EUR,gameplay
EV0005809,E005631,P100007,G013,2024-06-23 01:14:55,7.55,EUR,gameplay
EV0006212,E006012,P100074,G016,2024-06-24 18:13:01,34.56,EUR,gameplay
EV0003613,E003593,P100049,G002,2024-04-10 01:42:16,34.83,EUR,gameplay
EV0006641,E006410,P100145,G002,2024-06-17 18:22:50,133.89,EUR,tournament
EV0002111,E002111,P100176,G008,2024-02-01 07:40:49,11.49,GBP,gameplay
EV0002624,E002624,P100071,G004,2024-03-12 22:55:08,16.94,USD,gameplay
EV0004149,E004095,P100141,G016,2024-04-09 12:06:57,189.4,BRL,gameplay
EV0004253,E004190,P100157,G014,2024-04-17 05:38:26,97.32,BRL,gameplay
EV0001718,E001718,P100107,G011,2024-02-08 01:34:44,21.76,USD,gameplay
EV0003693,E003669,P100061,G003,2024-04-15 09:14:36,27.1,EUR,bonus
EV0000287,E000287,P100046,G011,2024-01-01 07:18:02,39.55,BRL,gameplay
EV0000456,E000456,P100079,G014,2024-01-29 08:47:53,10.72,USD,gameplay
EV0005502,E005343,P100155,G009,2024-05-17 14:33:13,26.36,EUR,gameplay
EV0004751,E004655,P100032,G015,2024-05-07 12:00:54,8.0,USD,gameplay
EV0000577,E000577,P100102,G014,2024-01-11 12:58:50,57.78,USD,bonus
EV0000210,E000210,P100033,G010,2024-01-12 05:08:46,23.81,GBP,gameplay
EV0000335,E000335,P100055,G007,2024-01-18 19:09:17,25.37,EUR,gameplay
EV0000107,E000107,P100018,G018,2024-01-06 10:59:36,27.42,GBP,gameplay
EV0006008,E005819,P100040,G007,2024-06-11 01:09:15,10.52,USD,gameplay
EV0006297,E006091,P100088,G012,2024-06-14 07:10:57,63.45,BRL,gameplay
EV0006831,E006588,P100177,G012,2024-06-25 08:52:58,47.39,BRL,gameplay
EV0006451,E006231,P100114,G002,2024-06-03 00:44:43,27.97,GBP,bonus
EV0004984,E004871,P100070,G013,2024-05-27 00:31:04,11.48,EUR,gameplay
EV0002585,E002585,P100065,G007,2024-03-24 08:35:12,38.0,USD,gameplay
EV0001001,E001001,P100177,G012,2024-01-27 03:07:31,128.69,BRL,gameplay
EV0003163,E003163,P100173,G018,2024-03-03 21:53:10,23.92,USD,gameplay
EV0002408,E002408,P100029,G018,2024-03-25 22:09:34,34.51,USD,gameplay
EV0006387,E006173,P100102,G014,2024-06-19 05:51:08,20.82,USD,gameplay
EV0000743,E000743,P100131,G004,2024-01-14 10:00:10,132.85,BRL,bonus
EV0000116,E000116,P100019,G014,2024-01-13 11:50:21,36.2,EUR,gameplay
EV0002506,E002506,P100049,G002,2024-03-11 23:03:34,10.39,EUR,gameplay
EV0000424,E000424,P100073,G015,2024-01-26 12:30:31,9.04,USD,gameplay
EV0004225,E004165,P100152,G002,2024-04-06 22:32:44,28.79,USD,gameplay
EV0006884,E006639,P100185,G012,2024-06-23 17:58:27,65.33,GBP,tournament
EV0006800,E006558,P100171,G015,2024-06-22 23:47:09,26.81,USD,gameplay
EV0000268,E000268,P100043,G004,2024-01-23 14:20:04,20.34,USD,gameplay
EV0005624,E005454,P100175,G009,2024-05-04 17:27:04,25.76,USD,gameplay
EV0000399,E000399,P100069,G003,2024-01-31 21:25:37,28.09,GBP,bonus
EV0004165,E004110,P100144,G016,2024-04-27 23:34:10,23.56,USD,gameplay
EV0006369,E006158,P100100,G011,2024-06-19 23:42:29,309.44,BRL,bonus
EV0004058,E004012,P100126,G009,2024-04-09 12:42:30,176.75,BRL,gameplay
EV0002230,E002230,P100199,G018,2024-02-01 14:20:19,17.49,USD,gameplay
EV0002591,E002591,P100066,G015,2024-03-21 14:40:55,52.98,BRL,gameplay
EV0001047,E001047,P100186,G002,2024-01-12 11:11:41,20.72,GBP,gameplay
EV0003438,E003427,P100022,G001,2024-04-05 17:29:32,23.91,EUR,gameplay
EV0003461,E003450,P100026,G014,2024-04-10 00:51:28,19.81,GBP,bonus
EV0001443,E001443,P100060,G014,2024-02-02 17:12:21,6.98,EUR,gameplay
EV0006561,E006333,P100131,G004,2024-06-11 20:10:32,190.84,BRL,gameplay
EV0004832,E004732,P100047,G018,2024-05-12 20:01:48,57.5,EUR,bonus
EV0001120,E001120,P100200,G018,2024-01-29 17:00:46,13.75,EUR,gameplay
EV0000775,E000775,P100136,G004,2024-01-27 23:20:38,27.16,USD,gameplay
EV0001740,E001740,P100111,G005,2024-02-25 04:18:29,175.92,BRL,gameplay
EV0002708,E002708,P100086,G013,2024-03-04 15:09:58,763.68,BRL,tournament
EV0001318,E001318,P100036,G008,2024-02-26 23:37:36,36.66,EUR,gameplay
EV0000477,E000477,P100082,G009,2024-01-10 13:50:56,28.72,EUR,gameplay
EV0001021,E001021,P100181,G001,2024-01-29 07:46:28,45.4,BRL,gameplay
EV0004373,E004304,P100175,G009,2024-04-10 22:25:37,31.03,USD,gameplay
EV0003513,E003497,P100032,G015,2024-04-11 11:05:23,20.71,USD,gameplay
EV0004118,E004067,P100137,G010,2024-04-12 19:46:39,10.47,USD,gameplay
EV0004240,E004179,P100154,G013,2024-04-13 19:11:04,38.36,EUR,bonus
EV0002899,E002899,P100123,G010,2024-03-01 16:14:02,95.24,BRL,gameplay
EV0006186,E005988,P100070,G013,2024-06-11 19:10:28,13.48,EUR,gameplay
EV0000411,E000411,P100070,G013,2024-01-15 23:26:10,6.18,EUR,gameplay
EV0005416,E005266,P100140,G017,2024-05-21 21:13:03,13.17,GBP,gameplay
EV0005888,E005705,P100020,G012,2024-06-30 07:31:28,158.93,BRL,gameplay
EV0001975,E001975,P100151,G004,2024-02-27 16:51:50,10.67,USD,gameplay
EV0006114,E005921,P100059,G017,2024-06-07 14:27:58,20.43,GBP,gameplay
EV0004057,E004011,P100126,G009,2024-04-26 12:38:42,129.99,BRL,gameplay
EV0004364,E004295,P100173,G018,2024-04-28 20:09:48,15.37,USD,gameplay
EV0005356,E005210,P100129,G004,2024-05-17 00:30:00,806.83,BRL,tournament
EV0004504,E004426,P100193,G004,2024-04-11 15:13:48,7.48,GBP,gameplay
EV0003488,E003474,P100029,G018,2024-04-16 16:41:58,7.04,USD,gameplay
EV0002217,E002217,P100197,G002,2024-02-05 09:19:24,8.71,GBP,gameplay
EV0002800,E002800,P100106,G015,2024-03-16 05:10:14,201.92,BRL,gameplay
EV0006085,E005893,P100055,G007,2024-06-23 09:02:48,22.74,EUR,gameplay
EV0004837,E004737,P100047,G018,2024-05-06 18:10:11,35.01,EUR,gameplay
EV0000047,E000047,P100007,G013,2024-01-11 04:08:02,27.77,EUR,gameplay
EV0004891,E004785,P100057,G004,2024-05-17 11:31:14,29.22,USD,gameplay
EV0005946,E005760,P100030,G008,2024-06-02 06:19:21,28.95,GBP,gameplay
EV0002059,E002059,P100168,G004,2024-02-28 16:58:24,19.27,USD,bonus
EV0003216,E003216,P100183,G008,2024-03-12 04:15:54,48.18,EUR,tournament
EV0000622,E000622,P100111,G005,2024-01-18 18:11:24,514.34,BRL,tournament
EV0001999,E001999,P100157,G014,2024-02-29 19:57:23,102.98,BRL,gameplay
EV0004924,E004817,P100061,G003,2024-05-03 11:55:12,32.26,EUR,gameplay
EV0001649,E001649,P100097,G014,2024-02-21 16:52:57,28.76,GBP,gameplay
EV0003692,E003668,P100061,G003,2024-04-25 19:15:53,47.39,EUR,bonus
EV0003204,E003204,P100181,G001,2024-03-19 02:59:53,116.05,BRL,gameplay
EV0002136,E002136,P100181,G001,2024-02-29 21:17:33,77.5,BRL,gameplay
EV0002603,E002603,P100068,G007,2024-03-31 21:16:18,141.29,BRL,gameplay
EV0006764,E006526,P100165,G016,2024-06-10 06:33:26,23.43,EUR,gameplay
EV0003919,E003883,P100102,G014,2024-04-12 03:54:45,16.2,USD,gameplay
EV0004007,E003965,P100116,G013,2024-04-21 08:34:45,8.67,EUR,gameplay
EV0003343,E003339,P100006,G007,2024-04-22 21:42:01,26.5,GBP,gameplay
EV0004825,E004725,P100046,G011,2024-05-21 13:33:04,49.92,BRL,gameplay
EV0001588,E001588,P100085,G009,2024-02-07 22:54:35,11.47,GBP,gameplay
EV0002352,E002352,P100017,G008,2024-03-31 13:56:01,1001.48,BRL,tournament
EV0006599,E006370,P100137,G010,2024-06-21 08:44:33,36.29,USD,gameplay
EV0004018,E003974,P100118,G003,2024-04-30 22:50:25,219.19,EUR,tournament
EV0002671,E002671,P100079,G014,2024-03-11 06:31:46,11.33,USD,gameplay
EV0005402,E005252,P100137,G010,2024-05-11 19:26:43,55.32,USD,bonus
EV0003323,E003321,P100003,G012,2024-04-26 14:59:16,53.47,BRL,gameplay
EV0002847,E002847,P100116,G013,2024-03-22 10:33:09,108.96,EUR,tournament
EV0000021,E000021,P100004,G008,2024-01-17 16:39:10,36.71,EUR,gameplay
EV0005706,E005534,P100191,G004,2024-05-21 12:16:07,5.83,GBP,gameplay
EV0005153,E005022,P100098,G009,2024-05-05 20:33:51,23.14,GBP,gameplay
EV0004746,E004650,P100032,G015,2024-05-05 04:01:52,8.95,USD,gameplay
EV0000825,E000825,P100143,G008,2024-01-30 18:58:10,101.01,BRL,bonus
EV0005248,E005112,P100113,G016,2024-05-18 06:17:49,9.65,USD,gameplay
EV0003769,E003741,P100073,G015,2024-04-06 02:52:41,59.31,USD,bonus
EV0000008,E000008,P100002,G004,2024-01-24 20:52:09,34.46,USD,bonus
EV0003957,E003919,P100109,G007,2024-04-13 19:01:13,174.45,GBP,tournament
EV0003445,E003434,P100023,G002,2024-04-26 03:09:07,12.34,EUR,gameplay
EV0002963,E002963,P100135,G010,2024-03-04 09:09:18,11.39,EUR,gameplay
EV0003075,E003075,P100156,G018,2024-03-21 18:18:06,224.17,USD,tournament
EV0001834,E001834,P100127,G015,2024-02-20 03:06:09,13.69,GBP,bonus
EV0004123,E004072,P100137,G010,2024-04-21 10:52:10,20.84,USD,gameplay
EV0002050,E002050,P100166,G003,2024-02-29 13:23:05,20.58,USD,gameplay
EV0006344,E006133,P100095,G014,2024-06-28 19:10:35,29.63,USD,gameplay
EV0002419,E002419,P100031,G002,2024-03-25 20:38:30,23.35,USD,gameplay
EV0001832,E001832,P100127,G015,2024-02-13 08:42:03,25.63,GBP,gameplay
EV0003636,E003614,P100054,G015,2024-04-05 20:44:49,18.85,EUR,bonus
EV0005300,E005159,P100122,G009,2024-05-07 02:36:21,22.5,EUR,gameplay
EV0001634,E001634,P100093,G007,2024-02-15 05:28:22,18.27,EUR,gameplay
EV0000143,E000143,P100023,G002,2024-01-14 10:45:30,6.33,EUR,gameplay
EV0001343,E001343,P100041,G012,2024-02-19 16:12:48,6.85,USD,gameplay
EV0003629,E003607,P100052,G011,2024-04-24 04:04:19,22.23,GBP,gameplay
EV0001801,E001801,P100121,G009,2024-02-14 08:33:46,38.95,USD,gameplay
EV0003512,E003496,P100032,G015,2024-04-15 14:59:17,16.69,USD,gameplay
EV0003906,E003872,P100100,G011,2024-04-25 20:24:26,100.84,BRL,gameplay
EV0003245,E003245,P100188,G015,2024-03-27 21:47:29,6.24,GBP,gameplay
EV0003498,E003484,P100031,G002,2024-04-21 04:51:36,12.95,USD,gameplay
EV0005062,E004942,P100084,G001,2024-05-11 16:22:21,17.33,EUR,gameplay
EV0004734,E004640,P100029,G018,2024-05-29 08:55:08,101.48,USD,tournament
EV0006213,E006013,P100074,G016,2024-06-15 20:56:23,25.44,EUR,gameplay
EV0000094,E000094,P100015,G006,2024-01-10 02:16:12,42.86,EUR,bonus
EV0001294,E001294,P100030,G008,2024-02-06 23:18:45,56.86,GBP,bonus
EV0000547,E000547,P100096,G014,2024-01-30 22:48:15,196.81,BRL,gameplay
EV0000821,E000821,P100142,G018,2024-01-19 04:27:19,98.23,BRL,gameplay
EV0004499,E004423,P100193,G004,2024-04-26 20:17:22,30.07,GBP,gameplay
EV0004511,E004432,P100194,G005,2024-04-08 18:27:51,70.92,BRL,gameplay
EV0001759,E001759,P100114,G002,2024-02-25 09:12:35,19.96,GBP,gameplay
EV0005833,E005652,P100010,G005,2024-06-26 00:36:16,34.24,USD,gameplay
EV0005193,E005061,P100104,G008,2024-05-09 13:41:44,118.17,BRL,gameplay
EV0001831,E001831,P100126,G009,2024-02-29 07:19:12,67.83,BRL,gameplay
EV0000239,E000239,P100038,G013,2024-01-14 03:01:05,122.32,BRL,gameplay
EV0001146,E001146,P100003,G012,2024-02-13 19:43:22,130.12,BRL,gameplay
EV0005480,E005323,P100151,G004,2024-05-02 08:06:59,24.74,USD,gameplay
EV0000006,E000006,P100001,G003,2024-01-10 23:21:14,94.45,BRL,gameplay
EV0001113,E001113,P100198,G007,2024-01-02 06:06:02,201.47,USD,tournament
EV0003591,E003571,P100046,G011,2024-04-01 09:41:38,99.94,BRL,gameplay
EV0000341,E000341,P100057,G004,2024-01-16 11:33:33,5.4,USD,gameplay
EV0004382,E004313,P100176,G008,2024-04-29 14:24:39,182.37,GBP,tournament
EV0004037,E003992,P100122,G009,2024-04-24 20:55:32,7.88,EUR,gameplay
EV0004351,E004282,P100172,G002,2024-04-06 01:51:47,8.45,EUR,gameplay
EV0005780,E005602,P100002,G004,2024-06-27 19:17:24,37.39,USD,gameplay
EV0000282,E000282,P100045,G009,2024-01-18 22:58:41,110.39,BRL,gameplay
EV0003357,E003352,P100009,G005,2024-04-16 21:40:03,57.81,GBP,bonus
EV0001883,E001883,P100136,G004,2024-02-25 16:32:54,33.49,USD,gameplay
EV0005500,E005341,P100155,G009,2024-05-01 09:19:53,23.95,EUR,gameplay
EV0002681,E002681,P100081,G014,2024-03-04 02:46:15,112.45,BRL,bonus
EV0006349,E006138,P100097,G014,2024-06-24 11:57:52,45.15,GBP,bonus
EV0006793,E006553,P100171,G015,2024-06-07 05:18:54,38.58,USD,gameplay
EV0000869,E000869,P100151,G004,2024-01-04 18:46:40,26.42,USD,gameplay
EV0003137,E003137,P100169,G012,2024-03-02 05:36:44,14.11,GBP,gameplay
EV0003401,E003392,P100014,G004,2024-04-08 06:50:32,14.95,EUR,gameplay
EV0000252,E000252,P100040,G007,2024-01-30 18:12:37,123.0,USD,tournament
EV0003766,E003738,P100073,G015,2024-04-11 21:16:39,18.19,USD,gameplay
EV0005220,E005085,P100108,G016,2024-05-06 04:46:00,61.91,EUR,bonus
EV0001264,E001264,P100023,G002,2024-02-12 22:43:44,36.37,EUR,gameplay
EV0000713,E000713,P100127,G015,2024-01-03 20:59:56,20.69,GBP,gameplay
EV0002333,E002333,P100015,G006,2024-03-11 08:34:23,6.53,EUR,gameplay
EV0006392,E006178,P100104,G008,2024-06-07 09:41:20,288.15,BRL,bonus
EV0004745,E004649,P100031,G002,2024-05-14 20:14:42,18.84,USD,gameplay
EV0000959,E000959,P100168,G004,2024-01-25 03:03:10,27.48,USD,gameplay
EV0000126,E000126,P100020,G012,2024-01-06 16:40:46,127.37,BRL,gameplay
EV0006612,E006382,P100140,G017,2024-06-03 10:51:39,10.29,GBP,gameplay
EV0003143,E003143,P100170,G018,2024-03-22 03:05:38,73.53,USD,bonus
EV0001543,E001543,P100079,G014,2024-02-06 06:16:57,7.06,USD,gameplay
EV0006199,E006001,P100072,G008,2024-06-14 16:28:00,21.33,GBP,bonus
EV0004843,E004742,P100048,G005,2024-05-11 19:53:31,9.68,EUR,gameplay
EV0006200,E006002,P100072,G008,2024-06-01 15:37:04,25.11,GBP,gameplay
EV0002987,E002987,P100139,G017,2024-03-30 07:39:07,16.54,USD,bonus
EV0006259,E006055,P100081,G014,2024-06-23 13:26:32,284.15,BRL,bonus
EV0006426,E006207,P100108,G016,2024-06-24 15:35:10,26.81,EUR,gameplay
EV0006073,E005881,P100053,G004,2024-06-05 06:05:45,757.47,BRL,tournament
EV0005335,E005190,P100126,G009,2024-05-07 05:14:12,55.41,BRL,gameplay
EV0005710,E005537,P100191,G004,2024-05-21 12:24:19,26.76,GBP,gameplay
EV0004623,E004534,P100012,G004,2024-05-10 14:42:55,249.27,USD,tournament
EV0001707,E001707,P100106,G015,2024-02-05 15:05:31,102.26,BRL,gameplay
EV0001161,E001161,P100006,G007,2024-02-26 16:30:27,5.67,GBP,gameplay
EV0001537,E001537,P100078,G014,2024-02-26 11:52:09,23.3,EUR,gameplay
EV0004224,E004164,P100151,G004,2024-04-02 12:30:48,33.29,USD,gameplay
EV0003634,E003612,P100053,G004,2024-04-06 18:46:40,132.82,BRL,gameplay
EV0006102,E005909,P100057,G004,2024-06-12 22:08:25,11.64,USD,gameplay
EV0003280,E003280,P100197,G002,2024-03-05 12:03:40,29.72,GBP,gameplay
EV0005901,E005717,P100021,G003,2024-06-16 14:02:00,31.09,USD,gameplay
EV0002840,E002840,P100115,G008,2024-03-02 09:00:08,64.31,BRL,gameplay
EV0004869,E004766,P100054,G015,2024-05-27 15:13:27,32.73,EUR,gameplay
EV0003011,E003011,P100144,G016,2024-03-29 07:51:08,11.29,USD,gameplay
EV0005714,E005541,P100192,G008,2024-05-20 17:43:16,20.35,GBP,gameplay
EV0000741,E000741,P100130,G013,2024-01-17 03:16:30,189.43,BRL,gameplay
EV0004773,E004676,P100039,G003,2024-05-08 18:41:37,10.42,GBP,gameplay
EV0005793,E005615,P100004,G008,2024-06-25 01:03:16,26.06,EUR,gameplay
EV0000279,E000279,P100044,G007,2024-01-10 19:37:05,176.89,EUR,tournament
EV0006036,E005844,P100044,G007,2024-06-07 04:04:48,24.29,EUR,gameplay
EV0006365,E006154,P100099,G015,2024-06-29 03:06:36,22.73,USD,gameplay
EV0000135,E000135,P100021,G003,2024-01-10 09:45:13,37.95,USD,gameplay
EV0002785,E002785,P100103,G016,2024-03-16 03:06:15,22.09,GBP,bonus
EV0005123,E004997,P100094,G010,2024-05-20 05:19:58,8.86,EUR,gameplay
EV0002812,E002812,P100110,G018,2024-03-17 01:25:08,28.97,BRL,gameplay
EV0003580,E003561,P100044,G007,2024-04-22 21:47:04,15.05,EUR,bonus
EV0004392,E004321,P100177,G012,2024-04-20 19:04:12,127.01,BRL,gameplay
EV0004443,E004369,P100185,G012,2024-04-03 19:30:38,15.52,GBP,gameplay
EV0001948,E001948,P100147,G014,2024-02-04 15:01:53,13.65,USD,gameplay
EV0005914,E005729,P100024,G007,2024-06-25 18:19:35,360.76,BRL,bonus
EV0000630,E000630,P100112,G015,2024-01-05 18:37:10,67.78,BRL,gameplay
EV0003237,E003237,P100187,G016,2024-03-07 19:09:56,7.2,USD,gameplay
EV0003353,E003348,P100008,G018,2024-04-06 06:24:36,31.45,EUR,gameplay
EV0006626,E006396,P100143,G008,2024-06-23 12:28:16,1187.48,BRL,tournament
EV0003935,E003898,P100104,G008,2024-04-21 04:09:48,80.79,BRL,gameplay
EV0003753,E003725,P100070,G013,2024-04-10 14:56:57,14.01,EUR,gameplay
EV0002621,E002621,P100070,G013,2024-03-17 15:51:13,9.34,EUR,gameplay
EV0006065,E005873,P100051,G005,2024-06-17 20:25:07,42.25,EUR,bonus
EV0002098,E002098,P100174,G005,2024-02-22 07:01:18,40.14,GBP,bonus
EV0006672,E006441,P100150,G010,2024-06-15 11:19:47,37.7,EUR,gameplay
EV0006101,E005908,P100057,G004,2024-06-27 06:45:58,7.53,USD,gameplay
EV0005497,E005339,P100154,G013,2024-05-28 17:40:06,8.32,EUR,gameplay
EV0001555,E001555,P100081,G014,2024-02-16 16:26:42,142.15,BRL,gameplay
EV0002429,E002429,P100033,G010,2024-03-16 07:37:31,22.91,GBP,gameplay
EV0006380,E006167,P100101,G009,2024-06-12 07:43:02,58.9,BRL,gameplay
EV0004755,E004659,P100033,G010,2024-05-12 01:52:41,58.5,GBP,bonus
EV0002159,E002159,P100185,G012,2024-02-28 14:49:42,27.22,GBP,gameplay
EV0004604,E004515,P100009,G005,2024-05-22 00:26:43,16.19,GBP,gameplay
EV0002498,E002498,P100048,G005,2024-03-27 18:06:54,55.86,EUR,bonus
EV0004610,E004521,P100010,G005,2024-05-18 22:16:05,33.89,USD,gameplay
EV0001074,E001074,P100191,G004,2024-01-02 04:43:35,16.91,GBP,gameplay
EV0000195,E000195,P100031,G002,2024-01-30 14:54:23,27.63,USD,gameplay
EV0006674,E006442,P100151,G004,2024-06-23 17:24:24,7.7,USD,gameplay
EV0005460,E005305,P100149,G016,2024-05-01 23:02:08,35.26,EUR,gameplay
EV0004617,E004528,P100011,G015,2024-05-25 06:16:32,38.42,USD,gameplay
EV0005804,E005626,P100006,G007,2024-06-06 19:54:04,9.0,GBP,gameplay
EV0002203,E002203,P100194,G005,2024-02-11 01:05:19,384.89,BRL,tournament
EV0005379,E005231,P100133,G002,2024-05-26 09:58:11,27.3,GBP,gameplay
EV0002686,E002686,P100082,G009,2024-03-29 08:45:18,36.2,EUR,gameplay
EV0005370,E005223,P100132,G007,2024-05-02 23:06:36,6.5,GBP,gameplay
EV0004649,E004557,P100017,G008,2024-05-16 13:10:12,50.56,BRL,gameplay
EV0000890,E000890,P100154,G013,2024-01-17 09:11:07,102.25,EUR,tournament
EV0003169,E003169,P100175,G009,2024-03-09 07:27:39,32.04,USD,gameplay
EV0006152,E005956,P100064,G006,2024-06-15 19:36:24,4.62,GBP,gameplay
EV0006595,E006366,P100136,G004,2024-06-30 07:52:40,14.27,USD,gameplay
EV0005761,E005584,P100200,G018,2024-05-30 19:59:08,4.83,EUR,gameplay
EV0001097,E001097,P100195,G012,2024-01-05 11:10:03,35.74,USD,gameplay
EV0001365,E001365,P100047,G018,2024-02-05 23:35:17,8.66,EUR,gameplay
EV0004163,E004108,P100143,G008,2024-04-15 22:34:42,110.28,BRL,bonus
EV0001128,E001128,P100213,G004,2024-01-13 12:44:37,9.17,USD,gameplay
EV0002838,E002838,P100115,G008,2024-03-24 23:40:17,151.82,BRL,gameplay
EV0003391,E003383,P100013,G014,2024-04-22 23:03:14,39.55,BRL,gameplay
EV0003609,E003589,P100049,G002,2024-04-10 16:05:52,68.62,EUR,bonus
EV0002884,E002884,P100121,G009,2024-03-23 13:42:20,199.06,USD,tournament
EV0003345,E003341,P100007,G013,2024-04-19 16:38:32,28.93,EUR,gameplay
EV0000696,E000696,P100123,G010,2024-01-16 04:57:54,427.46,BRL,tournament
EV0005947,E005761,P100030,G008,2024-06-14 05:25:39,48.43,GBP,tournament
EV0003277,E003277,P100196,G014,2024-03-16 08:41:55,78.94,BRL,gameplay
EV0002016,E002016,P100160,G002,2024-02-02 21:19:02,15.48,GBP,gameplay
EV0000732,E000732,P100129,G004,2024-01-15 23:00:14,46.98,BRL,gameplay
EV0004706,E004613,P100025,G016,2024-05-22 14:31:27,57.92,GBP,bonus
EV0002198,E002198,P100193,G004,2024-02-08 08:46:23,16.63,GBP,gameplay
EV0003389,E003382,P100013,G014,2024-04-23 12:56:44,90.03,BRL,gameplay
EV0004069,E004022,P100129,G004,2024-04-25 22:35:24,154.03,BRL,gameplay
EV0003619,E003598,P100050,G007,2024-04-03 17:17:20,24.21,USD,gameplay
EV0003825,E003796,P100086,G013,2024-04-18 11:26:55,406.32,BRL,bonus
EV0004810,E004713,P100044,G007,2024-05-01 17:25:42,26.27,EUR,gameplay
EV0002266,E002266,P100004,G008,2024-03-17 06:54:58,119.98,EUR,tournament
EV0000990,E000990,P100175,G009,2024-01-22 06:19:44,38.86,USD,gameplay
EV0002688,E002688,P100082,G009,2024-03-23 14:51:00,21.74,EUR,bonus
EV0000605,E000605,P100107,G011,2024-01-31 13:10:00,33.27,USD,gameplay
EV0005842,E005661,P100013,G014,2024-06-01 05:39:05,46.01,BRL,gameplay
EV0000033,E000033,P100005,G002,2024-01-17 01:42:21,28.54,EUR,gameplay
EV0001387,E001387,P100051,G005,2024-02-12 16:48:02,19.85,EUR,gameplay
EV0004119,E004068,P100137,G010,2024-04-20 07:47:38,8.81,USD,gameplay
EV0004159,E004105,P100143,G008,2024-04-10 17:30:31,198.57,BRL,gameplay
EV0001950,E001950,P100148,G013,2024-02-18 08:52:39,1106.1,BRL,tournament
EV0004140,E004086,P100139,G017,2024-04-24 17:41:14,24.75,USD,gameplay
EV0004911,E004805,P100060,G014,2024-05-03 03:45:21,24.58,EUR,gameplay
EV0005925,E005740,P100027,G011,2024-06-26 09:11:46,141.5,USD,tournament
EV0006549,E006322,P100129,G004,2024-06-13 20:37:13,69.31,BRL,gameplay
EV0001311,E001311,P100034,G016,2024-02-18 10:24:46,80.55,BRL,bonus
EV0002913,E002913,P100126,G009,2024-03-26 02:22:50,134.12,BRL,gameplay
EV0004101,E004051,P100134,G016,2024-04-09 04:54:11,165.02,BRL,gameplay
EV0000592,E000592,P100104,G008,2024-01-18 07:08:47,108.16,BRL,gameplay
EV0004945,E004835,P100064,G006,2024-05-06 06:29:00,88.85,GBP,tournament
EV0004439,E004366,P100185,G012,2024-04-14 01:11:02,35.32,GBP,bonus
EV0006517,E006293,P100125,G011,2024-06-12 06:29:35,15.23,USD,bonus
EV0002393,E002393,P100027,G011,2024-03-26 07:10:25,6.19,USD,gameplay
EV0005101,E004979,P100090,G004,2024-05-14 05:58:09,25.13,EUR,gameplay
EV0002327,E002327,P100014,G004,2024-03-23 08:18:53,11.54,EUR,gameplay
EV0001244,E001244,P100020,G012,2024-02-04 09:31:51,915.97,BRL,tournament
EV0002702,E002702,P100085,G009,2024-03-09 17:42:10,19.23,GBP,gameplay
EV0003261,E003261,P100192,G008,2024-03-11 07:42:57,8.16,GBP,gameplay
EV0006332,E006122,P100093,G007,2024-06-28 13:21:30,7.44,EUR,gameplay
EV0005743,E005566,P100196,G014,2024-05-05 14:47:37,68.88,BRL,gameplay
EV0001031,E001031,P100182,G006,2024-01-08 02:26:54,22.52,EUR,gameplay
EV0006970,E006720,P100200,G018,2024-06-28 23:57:19,23.52,EUR,gameplay
EV0006470,E006249,P100116,G013,2024-06-11 03:12:52,48.04,EUR,bonus
EV0003737,E003711,P100067,G011,2024-04-05 21:30:40,37.22,USD,gameplay
EV0000505,E000505,P100087,G003,2024-01-02 17:31:58,11.92,GBP,gameplay
EV0004551,E004466,P100200,G018,2024-04-02 03:46:44,139.11,EUR,tournament
EV0003726,E003700,P100065,G007,2024-04-14 04:49:30,137.51,USD,tournament
EV0004107,E004057,P100135,G010,2024-04-04 13:37:00,10.31,EUR,gameplay
EV0003300,E003300,P100200,G018,2024-03-28 00:16:04,71.38,EUR,tournament
EV0003025,E003025,P100148,G013,2024-03-20 21:36:34,169.27,BRL,gameplay
EV0000447,E000447,P100077,G008,2024-01-08 04:19:47,39.04,USD,gameplay
EV0002045,E002045,P100165,G016,2024-02-19 16:36:40,73.94,EUR,bonus
EV0005994,E005805,P100038,G013,2024-06-24 00:47:28,95.65,BRL,gameplay
EV0006420,E006201,P100107,G011,2024-06-24 05:00:58,30.83,USD,gameplay
EV0006786,E006547,P100170,G018,2024-06-22 06:43:04,177.43,USD,tournament
EV0006605,E006375,P100138,G008,2024-06-04 04:39:30,218.4,EUR,tournament
EV0006663,E006432,P100149,G016,2024-06-27 21:17:07,16.76,EUR,gameplay
EV0000389,E000389,P100066,G015,2024-01-09 17:52:50,140.23,BRL,gameplay
EV0002805,E002805,P100108,G016,2024-03-06 07:26:19,33.3,EUR,gameplay
EV0005173,E005041,P100101,G009,2024-05-14 10:24:44,158.88,BRL,gameplay
EV0004769,E004672,P100038,G013,2024-05-12 18:47:45,647.36,BRL,tournament
EV0000804,E000804,P100139,G017,2024-01-27 09:00:21,70.81,USD,bonus
EV0006804,E006562,P100172,G002,2024-06-06 22:28:24,29.69,EUR,gameplay
EV0003700,E003675,P100062,G010,2024-04-02 15:20:19,21.76,USD,gameplay
EV0003397,E003389,P100014,G004,2024-04-14 13:31:26,22.65,EUR,gameplay
EV0002704,E002704,P100086,G013,2024-03-18 12:33:42,166.46,BRL,gameplay
EV0005642,E005472,P100179,G011,2024-05-18 19:32:25,38.71,USD,gameplay
EV0003672,E003648,P100058,G014,2024-04-17 17:39:30,128.51,BRL,gameplay
EV0005647,E005476,P100179,G011,2024-05-09 10:29:43,15.4,USD,gameplay
EV0001034,E001034,P100183,G008,2024-01-19 04:58:36,33.5,EUR,gameplay
EV0002810,E002810,P100109,G007,2024-03-24 05:09:34,24.19,GBP,gameplay
EV0006060,E005868,P100049,G002,2024-06-16 08:09:38,26.37,EUR,gameplay
EV0002056,E002056,P100167,G018,2024-02-06 14:00:10,22.21,EUR,bonus
EV0005821,E005642,P100008,G018,2024-06-10 02:35:14,72.82,EUR,bonus
EV0001273,E001273,P100025,G016,2024-02-18 09:02:31,19.93,GBP,gameplay
EV0001646,E001646,P100097,G014,2024-02-04 10:58:43,8.45,GBP,gameplay
EV0005408,E005258,P100140,G017,2024-05-11 10:16:42,23.99,GBP,gameplay
EV0000882,E000882,P100154,G013,2024-01-11 14:50:52,44.03,EUR,bonus
EV0006081,E005889,P100054,G015,2024-06-30 18:17:58,33.97,EUR,gameplay
EV0005459,E005304,P100148,G013,2024-05-03 16:03:58,190.6,BRL,gameplay
EV0001622,E001622,P100091,G006,2024-02-26 13:24:01,52.54,BRL,gameplay
EV0005641,E005471,P100178,G015,2024-05-22 11:56:53,33.62,EUR,gameplay
EV0005186,E005054,P100103,G016,2024-05-12 10:04:49,20.6,GBP,gameplay
EV0002827,E002827,P100112,G015,2024-03-05 13:03:15,61.56,BRL,gameplay
EV0001792,E001792,P100119,G014,2024-02-03 08:25:05,7.93,USD,gameplay
EV0002960,E002960,P100135,G010,2024-03-31 21:15:31,26.56,EUR,gameplay
EV0004019,E003975,P100118,G003,2024-04-03 19:56:28,27.12,EUR,bonus
EV0001843,E001843,P100130,G013,2024-02-29 06:01:20,90.03,BRL,gameplay
EV0006821,E006578,P100174,G005,2024-06-30 23:08:35,15.96,GBP,gameplay
EV0000253,E000253,P100040,G007,2024-01-25 17:01:46,22.59,USD,bonus
EV0002279,E002279,P100005,G002,2024-03-19 03:46:10,189.16,EUR,tournament
EV0004926,E004818,P100062,G010,2024-05-06 00:08:49,33.31,USD,gameplay
EV0005440,E005287,P100146,G015,2024-05-25 13:46:06,76.2,BRL,gameplay
EV0005471,E005314,P100150,G010,2024-05-25 09:15:33,30.88,EUR,gameplay
EV0001418,E001418,P100056,G017,2024-02-04 04:18:28,30.65,BRL,gameplay
EV0005875,E005692,P100017,G008,2024-06-08 13:31:34,326.81,BRL,bonus
EV0000404,E000404,P100069,G003,2024-01-24 00:44:36,7.35,GBP,gameplay
EV0005007,E004894,P100074,G016,2024-05-31 08:06:44,28.8,EUR,gameplay
EV0004026,E003982,P100119,G014,2024-04-24 11:10:22,13.85,USD,gameplay
EV0005603,E005434,P100171,G015,2024-05-29 20:17:12,28.9,USD,gameplay
EV0001648,E001648,P100097,G014,2024-02-01 23:40:36,11.0,GBP,gameplay
EV0001577,E001577,P100084,G001,2024-02-01 17:54:29,8.12,EUR,gameplay
EV0000084,E000084,P100013,G014,2024-01-10 05:45:45,75.97,BRL,gameplay
EV0002755,E002755,P100097,G014,2024-03-03 22:57:49,5.6,GBP,gameplay
EV0002293,E002293,P100007,G013,2024-03-29 12:00:42,10.45,EUR,gameplay
EV0004223,E004163,P100151,G004,2024-04-14 10:13:32,27.65,USD,gameplay
EV0004764,E004667,P100037,G017,2024-05-11 12:18:28,46.14,USD,bonus
EV0002674,E002674,P100080,G013,2024-03-01 00:39:03,8.75,USD,gameplay
EV0003393,E003385,P100014,G004,2024-04-04 16:37:16,51.18,EUR,bonus
EV0001298,E001298,P100031,G002,2024-02-25 13:23:40,18.04,USD,gameplay
EV0002018,E002018,P100160,G002,2024-02-09 18:13:48,26.2,GBP,gameplay
EV0005326,E005182,P100125,G011,2024-05-14 12:46:37,5.4,USD,gameplay
EV0000604,E000604,P100107,G011,2024-01-23 18:09:36,28.08,USD,gameplay
EV0004155,E004101,P100142,G018,2024-04-28 14:31:58,34.33,BRL,gameplay
EV0001436,E001436,P100059,G017,2024-02-19 05:59:53,27.83,GBP,gameplay
EV0003934,E003897,P100104,G008,2024-04-27 17:41:36,164.94,BRL,gameplay
EV0002489,E002489,P100046,G011,2024-03-29 14:45:54,126.97,BRL,gameplay
EV0005052,E004934,P100083,G013,2024-05-21 10:50:26,187.6,BRL,gameplay
EV0005899,E005715,P100021,G003,2024-06-26 08:54:57,33.12,USD,gameplay
EV0005333,E005188,P100126,G009,2024-05-08 11:07:08,103.53,BRL,gameplay
EV0003214,E003214,P100183,G008,2024-03-31 03:44:37,24.91,EUR,gameplay
EV0001873,E001873,P100134,G016,2024-02-29 01:07:03,34.64,BRL,gameplay
EV0003222,E003222,P100185,G012,2024-03-19 13:23:50,12.91,GBP,gameplay
EV0003154,E003154,P100172,G002,2024-03-09 16:59:26,25.33,EUR,gameplay
EV0003473,E003460,P100027,G011,2024-04-10 02:36:32,36.61,USD,bonus
EV0003206,E003206,P100181,G001,2024-03-19 07:17:50,150.12,BRL,gameplay
EV0005223,E005088,P100108,G016,2024-05-22 01:07:07,37.3,EUR,gameplay
EV0001713,E001713,P100107,G011,2024-02-27 00:48:53,5.73,USD,gameplay
EV0006632,E006402,P100144,G016,2024-06-06 08:36:13,6.83,USD,gameplay
EV0000246,E000246,P100039,G003,2024-01-05 09:00:25,16.34,GBP,gameplay
EV0004939,E004829,P100064,G006,2024-05-08 17:36:43,26.81,GBP,gameplay
EV0006515,E006291,P100124,G017,2024-06-22 18:20:44,19.56,EUR,gameplay
EV0003969,E003930,P100111,G005,2024-04-03 13:19:02,126.81,BRL,gameplay
EV0003823,E003794,P100086,G013,2024-04-26 01:21:30,181.75,BRL,gameplay
EV0000644,E000644,P100115,G008,2024-01-25 12:22:37,219.18,BRL,bonus
EV0006244,E006043,P100080,G013,2024-06-20 01:01:31,25.86,USD,gameplay
EV0004117,E004066,P100137,G010,2024-04-02 23:25:48,38.53,USD,gameplay
EV0001341,E001341,P100041,G012,2024-02-26 22:19:35,25.02,USD,gameplay
EV0005373,E005226,P100133,G002,2024-05-05 18:28:53,10.07,GBP,gameplay
EV0000770,E000770,P100135,G010,2024-01-18 23:35:26,35.31,EUR,gameplay
EV0000844,E000844,P100146,G015,2024-01-25 09:29:10,180.13,BRL,gameplay
EV0005818,E005639,P100008,G018,2024-06-11 19:36:23,32.01,EUR,bonus
EV0000525,E000525,P100092,G001,2024-01-18 19:03:00,172.18,BRL,gameplay
EV0005445,E005292,P100146,G015,2024-05-02 21:37:24,87.97,BRL,gameplay
EV0005321,E005177,P100124,G017,2024-05-27 03:06:44,20.35,EUR,gameplay
EV0001638,E001638,P100094,G010,2024-02-24 09:35:59,6.52,EUR,gameplay
EV0002744,E002744,P100096,G014,2024-03-07 21:30:30,334.44,BRL,bonus
EV0004606,E004517,P100009,G005,2024-05-25 18:01:07,13.43,GBP,gameplay
EV0000550,E000550,P100097,G014,2024-01-21 06:12:13,29.33,GBP,gameplay
EV0005418,E005268,P100141,G016,2024-05-18 11:12:45,138.43,BRL,gameplay
EV0001137,E001137,P100002,G004,2024-02-25 16:49:31,7.68,USD,gameplay
EV0003384,E003378,P100013,G014,2024-04-23 18:25:44,188.93,BRL,gameplay
EV0005458,E005303,P100148,G013,2024-05-26 11:52:25,144.72,BRL,gameplay
EV0004142,E004088,P100140,G017,2024-04-20 12:20:58,12.83,GBP,gameplay
EV0002700,E002700,P100084,G001,2024-03-26 06:52:44,36.79,EUR,gameplay
EV0004774,E004677,P100039,G003,2024-05-13 12:42:09,11.58,GBP,gameplay
EV0005898,E005714,P100021,G003,2024-06-30 11:02:34,19.22,USD,gameplay
EV0005764,E005586,P100200,G018,2024-05-23 14:21:42,37.91,EUR,bonus
EV0005510,E005350,P100157,G014,2024-05-13 00:14:10,26.24,BRL,gameplay
EV0006753,E006516,P100161,G012,2024-06-05 13:19:13,7.05,EUR,gameplay
EV0003517,E003501,P100033,G010,2024-04-25 16:24:06,6.55,GBP,gameplay
EV0006907,E006660,P100188,G015,2024-06-26 10:49:10,21.87,GBP,gameplay
EV0005626,E005456,P100176,G008,2024-05-31 22:49:18,23.03,GBP,gameplay
EV0000028,E000028,P100005,G002,2024-01-05 21:44:53,15.26,EUR,gameplay
EV0004425,E004352,P100183,G008,2024-04-13 06:56:43,29.71,EUR,gameplay