log_id,redemption_id,player_id,channel,status,amount,currency,status_changed_at
L0001100,R000527,P100195,instant_debit_payout,requested,105.37,USD,2024-05-16 06:03:48
L0000637,R000305,P100164,instant_debit_payout,requested,95.64,EUR,2024-03-01 03:16:43
L0000854,R000408,P100188,instant_debit_payout,requested,94.21,GBP,2024-04-23 04:53:03
L0000674,R000322,P100190,instant_debit_payout,failed,265.53,BRL,2024-03-13 17:06:21
L0001247,R000597,P100129,instant_debit_payout,requested,222.94,BRL,2024-06-13 02:31:56
L0000035,R000016,P100022,bank_payout,settled,10.07,EUR,2024-01-31 00:49:09
L0000500,R000240,P100042,gift_card,requested,512.31,BRL,2024-03-15 23:53:36
L0000043,R000020,P100025,bank_payout,settled,59.64,GBP,2024-01-09 10:44:47
L0001033,R000495,P100133,bank_payout,reversed,8.39,GBP,2024-05-09 10:43:06
L0000668,R000319,P100186,instant_debit_payout,settled,31.55,GBP,2024-03-06 13:51:06
L0001305,R000625,P100186,instant_debit_payout,settled,28.5,GBP,2024-06-17 00:31:28
L0000654,R000313,P100176,gift_card,requested,29.58,GBP,2024-03-14 16:03:44
L0000727,R000347,P100054,instant_debit_payout,settled,124.78,EUR,2024-04-09 16:11:13
L0001111,R000532,P100002,wallet_transfer,settled,116.67,USD,2024-06-04 06:31:17
L0000848,R000405,P100172,instant_debit_payout,requested,59.97,EUR,2024-04-17 19:48:39
L0000247,R000118,P100001,instant_debit_payout,requested,73.6,BRL,2024-02-04 23:37:59
L0000594,R000285,P100115,instant_debit_payout,requested,384.26,BRL,2024-03-27 17:46:02
L0000081,R000039,P100050,bank_payout,requested,142.31,USD,2024-01-15 02:57:20
L0000887,R000423,P100011,instant_debit_payout,settled,63.87,USD,2024-05-01 22:26:45
L0000002,R000001,P100001,gift_card,settled,296.93,BRL,2024-01-24 19:34:10
L0000737,R000352,P100062,gift_card,settled,139.1,USD,2024-04-03 18:22:07
L0000362,R000174,P100113,bank_payout,requested,68.44,USD,2024-02-06 16:32:42
L0000351,R000168,P100094,wallet_transfer,settled,92.96,EUR,2024-02-08 10:20:07
L0000837,R000400,P100161,instant_debit_payout,requested,126.12,EUR,2024-04-08 07:21:23
L0000157,R000075,P100128,bank_payout,requested,94.59,GBP,2024-01-21 07:42:55
L0000915,R000437,P100033,instant_debit_payout,requested,105.02,GBP,2024-05-12 23:26:11
L0001067,R000511,P100163,gift_card,requested,554.23,BRL,2024-05-12 13:23:35
L0000412,R000198,P100152,gift_card,requested,92.33,USD,2024-02-29 01:04:56
L0000021,R000010,P100016,wallet_transfer,settled,33.49,USD,2024-01-31 16:58:43
L0000300,R000143,P100050,gift_card,settled,41.5,USD,2024-02-18 18:10:01
L0000082,R000039,P100050,bank_payout,settled,142.31,USD,2024-01-15 06:27:20
L0000110,R000052,P100071,wallet_transfer,failed,48.96,USD,2024-01-14 15:47:35
L0000744,R000355,P100073,instant_debit_payout,settled,21.25,USD,2024-04-10 08:12:42
L0000661,R000316,P100181,bank_payout,settled,253.27,BRL,2024-03-20 21:14:08
L0000580,R000278,P100105,instant_debit_payout,requested,103.48,GBP,2024-03-01 20:00:04
L0000806,R000385,P100128,instant_debit_payout,settled,98.2,GBP,2024-04-14 18:19:14
L0000024,R000011,P100018,bank_payout,failed,81.34,GBP,2024-01-07 02:25:47
L0001099,R000526,P100190,instant_debit_payout,settled,413.46,BRL,2024-05-26 23:13:44
L0000047,R000022,P100026,bank_payout,settled,113.14,GBP,2024-01-02 22:19:15
L0000599,R000287,P100124,bank_payout,settled,61.73,EUR,2024-03-24 14:37:37
L0000094,R000044,P100057,gift_card,settled,40.33,USD,2024-01-30 20:45:40
L0000775,R000370,P100101,wallet_transfer,requested,221.5,BRL,2024-04-17 11:08:37
L0001199,R000575,P100092,instant_debit_payout,requested,346.07,BRL,2024-06-16 08:12:11
L0000315,R000150,P100059,instant_debit_payout,settled,31.28,GBP,2024-02-08 19:30:02
L0000028,R000013,P100020,gift_card,requested,564.16,BRL,2024-01-21 09:16:41
L0000137,R000066,P100104,gift_card,requested,312.27,BRL,2024-01-23 08:54:44
L0001060,R000508,P100160,instant_debit_payout,requested,39.98,GBP,2024-05-22 02:20:04
L0000287,R000137,P100035,instant_debit_payout,requested,16.1,GBP,2024-02-29 09:15:50
L0001269,R000607,P100147,instant_debit_payout,settled,101.08,USD,2024-06-06 08:26:46
L0000959,R000459,P100066,gift_card,requested,188.45,BRL,2024-05-13 03:41:54
L0000547,R000262,P100070,bank_payout,settled,110.4,EUR,2024-03-13 01:35:52
L0000635,R000304,P100163,wallet_transfer,requested,113.27,BRL,2024-03-13 01:14:46
L0000235,R000112,P100192,bank_payout,requested,10.78,GBP,2024-01-04 12:09:43
L0000792,R000378,P100116,wallet_transfer,settled,97.88,EUR,2024-04-09 18:00:38
L0000227,R000108,P100184,bank_payout,requested,38.97,USD,2024-01-01 18:25:28
L0000974,R000466,P100077,bank_payout,settled,80.71,USD,2024-05-24 22:52:45
L0001040,R000499,P100141,instant_debit_payout,requested,753.57,BRL,2024-05-29 14:08:27
L0000385,R000185,P100130,bank_payout,requested,551.3,BRL,2024-02-19 18:03:27
L0000787,R000376,P100115,instant_debit_payout,requested,380.15,BRL,2024-04-07 12:03:53
L0000394,R000189,P100139,bank_payout,settled,140.04,USD,2024-02-23 10:14:18
L0001129,R000541,P100014,instant_debit_payout,settled,69.14,EUR,2024-06-13 01:21:14
L0000318,R000152,P100061,instant_debit_payout,requested,23.53,EUR,2024-02-03 21:14:19
L0000960,R000459,P100066,gift_card,settled,188.45,BRL,2024-05-13 05:06:54
L0000734,R000351,P100060,gift_card,requested,93.68,EUR,2024-04-20 16:39:43
L0000054,R000026,P100032,wallet_transfer,requested,120.92,USD,2024-01-05 07:15:03
L0000130,R000062,P100094,gift_card,settled,121.95,EUR,2024-01-20 19:24:57
L0001158,R000555,P100051,instant_debit_payout,reversed,109.58,EUR,2024-06-17 10:51:11
L0000154,R000073,P100124,bank_payout,settled,63.84,EUR,2024-01-03 09:30:37
L0000144,R000069,P100108,bank_payout,settled,121.58,EUR,2024-01-01 16:41:48
L0000607,R000291,P100143,instant_debit_payout,settled,487.09,BRL,2024-03-26 22:42:27
L0001260,R000603,P100140,instant_debit_payout,requested,41.35,GBP,2024-06-06 08:48:45
L0001134,R000544,P100023,instant_debit_payout,requested,127.29,EUR,2024-06-18 20:39:02
L0000703,R000336,P100033,instant_debit_payout,requested,33.34,GBP,2024-04-11 13:11:26
L0001053,R000504,P100152,bank_payout,settled,52.52,USD,2024-05-25 02:12:14
L0000308,R000147,P100054,instant_debit_payout,settled,86.31,EUR,2024-02-04 11:08:32
L0000826,R000394,P100148,bank_payout,reversed,676.63,BRL,2024-04-25 23:40:22
L0000377,R000181,P100128,gift_card,requested,103.43,GBP,2024-02-18 06:48:26
L0000217,R000104,P100180,bank_payout,requested,61.02,USD,2024-01-19 17:00:27
L0000867,R000414,P100199,bank_payout,requested,35.73,USD,2024-04-24 22:33:17
L0000558,R000267,P100081,wallet_transfer,settled,627.06,BRL,2024-03-20 00:58:18
L0000706,R000337,P100033,bank_payout,settled,67.44,GBP,2024-04-18 02:58:55
L0001049,R000502,P100147,instant_debit_payout,reversed,136.45,USD,2024-05-25 21:50:13
L0000121,R000058,P100082,gift_card,requested,19.97,EUR,2024-01-28 12:14:13
L0000540,R000259,P100069,bank_payout,settled,12.77,GBP,2024-03-16 09:57:56
L0000579,R000277,P100102,gift_card,failed,40.78,USD,2024-03-11 13:27:08
L0000804,R000384,P100128,wallet_transfer,settled,74.63,GBP,2024-04-15 17:20:20
L0000573,R000275,P100099,instant_debit_payout,requested,95.46,USD,2024-03-03 23:25:39
L0000855,R000408,P100188,instant_debit_payout,failed,94.21,GBP,2024-04-23 05:13:03
L0000132,R000063,P100094,gift_card,settled,113.64,EUR,2024-01-29 09:46:23
L0000471,R000226,P100012,gift_card,requested,95.3,USD,2024-03-29 00:35:41
L0001206,R000578,P100094,instant_debit_payout,settled,121.01,EUR,2024-06-20 22:05:38
L0001316,R000631,P100196,instant_debit_payout,requested,623.38,BRL,2024-06-29 02:50:07
L0000045,R000021,P100026,gift_card,settled,16.16,GBP,2024-01-13 23:33:43
L0000939,R000449,P100052,gift_card,requested,40.19,GBP,2024-05-04 23:32:30
L0000329,R000157,P100071,wallet_transfer,settled,110.2,USD,2024-02-24 17:38:26
L0001131,R000542,P100015,bank_payout,settled,39.21,EUR,2024-06-19 22:49:42
L0001322,R000633,P100199,bank_payout,reversed,66.09,USD,2024-06-13 07:20:25
L0000932,R000445,P100044,instant_debit_payout,settled,33.83,EUR,2024-05-07 02:27:49
L0000450,R000215,P100192,instant_debit_payout,settled,21.59,GBP,2024-02-09 19:46:30
L0000833,R000398,P100159,gift_card,requested,488.74,BRL,2024-04-12 20:33:58
L0000818,R000391,P100142,instant_debit_payout,settled,53.08,BRL,2024-04-16 13:09:53
L0000195,R000093,P100155,wallet_transfer,requested,72.49,EUR,2024-01-13 16:45:50
L0000565,R000271,P100090,bank_payout,requested,15.38,EUR,2024-03-29 18:58:03
L0000700,R000334,P100029,gift_card,settled,46.6,USD,2024-04-20 12:30:35
L0000719,R000343,P100046,gift_card,reversed,493.63,BRL,2024-04-30 02:38:19
L0000262,R000125,P100009,gift_card,settled,44.09,GBP,2024-02-10 14:02:23
L0000784,R000374,P100112,instant_debit_payout,settled,226.84,BRL,2024-04-05 11:03:39
L0001193,R000572,P100089,gift_card,failed,140.23,EUR,2024-06-21 12:37:02
L0001314,R000630,P100195,instant_debit_payout,requested,53.04,USD,2024-06-19 15:02:31
L0001280,R000613,P100160,instant_debit_payout,requested,106.45,GBP,2024-06-24 23:56:05
L0001094,R000524,P100185,wallet_transfer,requested,50.56,GBP,2024-05-07 12:04:17
L0000801,R000383,P100127,gift_card,requested,60.5,GBP,2024-04-30 20:51:34
L0000754,R000360,P100082,instant_debit_payout,requested,60.16,EUR,2024-04-29 04:19:44
L0000739,R000353,P100068,gift_card,settled,81.68,BRL,2024-04-28 08:47:11
L0001246,R000596,P100128,instant_debit_payout,settled,45.84,GBP,2024-06-30 08:20:20
L0000988,R000473,P100094,wallet_transfer,settled,38.65,EUR,2024-05-24 02:07:56
L0000387,R000186,P100132,gift_card,requested,71.77,GBP,2024-02-08 13:25:59
L0001154,R000554,P100049,instant_debit_payout,requested,18.75,EUR,2024-06-08 08:21:17
L0000012,R000006,P100011,wallet_transfer,requested,88.83,USD,2024-01-27 16:42:58
L0000167,R000080,P100135,gift_card,requested,123.54,EUR,2024-01-30 23:27:36
L0001167,R000560,P100064,instant_debit_payout,requested,56.96,GBP,2024-06-20 02:18:37
L0000487,R000233,P100022,wallet_transfer,reversed,49.21,EUR,2024-03-17 14:50:51
L0000269,R000129,P100020,bank_payout,requested,347.36,BRL,2024-02-04 15:03:50
L0000007,R000004,P100006,gift_card,requested,96.67,GBP,2024-01-13 02:39:53
L0000018,R000009,P100015,bank_payout,requested,58.87,EUR,2024-01-06 23:35:29
L0001034,R000496,P100134,instant_debit_payout,requested,489.21,BRL,2024-05-12 15:45:33
L0000868,R000414,P100199,bank_payout,settled,35.73,USD,2024-04-25 00:39:17
L0000453,R000217,P100194,wallet_transfer,requested,287.88,BRL,2024-02-06 17:45:39
L0001112,R000533,P100002,instant_debit_payout,requested,119.14,USD,2024-06-26 05:26:52
L0000644,R000308,P100168,wallet_transfer,requested,31.13,USD,2024-03-14 02:44:05
L0000567,R000272,P100090,gift_card,requested,36.73,EUR,2024-03-13 08:58:34
L0000503,R000241,P100043,instant_debit_payout,settled,41.67,USD,2024-03-14 19:44:57
L0001128,R000541,P100014,instant_debit_payout,requested,69.14,EUR,2024-06-12 22:33:14
L0000408,R000196,P100150,bank_payout,requested,89.38,EUR,2024-02-01 15:54:46
L0000656,R000314,P100178,instant_debit_payout,requested,130.13,EUR,2024-03-08 09:31:09
L0001098,R000526,P100190,instant_debit_payout,requested,413.46,BRL,2024-05-26 22:10:44
L0000963,R000461,P100071,gift_card,requested,36.16,USD,2024-05-05 10:46:02
L0001024,R000491,P100125,instant_debit_payout,settled,39.81,USD,2024-05-18 15:11:54
L0000059,R000028,P100037,wallet_transfer,settled,40.84,USD,2024-01-15 09:17:53
L0000448,R000214,P100192,bank_payout,settled,115.28,GBP,2024-02-26 21:54:44
L0000800,R000382,P100123,instant_debit_payout,settled,649.04,BRL,2024-04-21 01:13:20
L0001298,R000622,P100182,instant_debit_payout,requested,62.36,EUR,2024-06-16 19:37:47
L0000839,R000401,P100164,gift_card,requested,77.33,EUR,2024-04-09 06:39:36
L0000498,R000239,P100040,bank_payout,requested,73.86,USD,2024-03-09 22:51:09
L0000259,R000124,P100008,wallet_transfer,requested,103.43,EUR,2024-02-24 15:07:43
L0000561,R000269,P100084,gift_card,requested,93.5,EUR,2024-03-07 05:28:06
L0000658,R000315,P100180,gift_card,requested,74.93,USD,2024-03-26 17:31:47
L0000539,R000259,P100069,bank_payout,requested,12.77,GBP,2024-03-16 07:00:56
L0001017,R000488,P100122,instant_debit_payout,requested,140.19,EUR,2024-05-09 06:52:31
L0001283,R000614,P100164,instant_debit_payout,settled,58.19,EUR,2024-06-09 08:06:20
L0000126,R000060,P100086,gift_card,settled,346.54,BRL,2024-01-20 22:56:23
L0000393,R000189,P100139,bank_payout,requested,140.04,USD,2024-02-23 06:28:18
L0001230,R000589,P100114,bank_payout,settled,76.1,GBP,2024-06-21 21:22:44
L0001145,R000549,P100035,instant_debit_payout,settled,86.08,GBP,2024-06-11 02:50:42
L0000758,R000362,P100084,bank_payout,requested,46.65,EUR,2024-04-29 01:43:34
L0001187,R000569,P100086,instant_debit_payout,settled,117.67,BRL,2024-06-07 18:20:46
L0000291,R000139,P100041,bank_payout,requested,45.12,USD,2024-02-28 04:20:43
L0001093,R000523,P100184,instant_debit_payout,settled,77.78,USD,2024-05-21 21:14:52
L0000378,R000181,P100128,gift_card,settled,103.43,GBP,2024-02-18 09:10:26
L0001088,R000521,P100182,instant_debit_payout,settled,38.56,EUR,2024-05-02 06:55:22
L0000745,R000356,P100075,instant_debit_payout,requested,520.73,BRL,2024-04-11 11:52:57
L0000417,R000200,P100161,bank_payout,requested,71.68,EUR,2024-02-21 09:07:03
L0000225,R000107,P100184,gift_card,settled,77.95,USD,2024-01-29 13:10:04
L0000499,R000239,P100040,bank_payout,settled,73.86,USD,2024-03-10 01:05:09
L0000163,R000078,P100133,wallet_transfer,requested,79.22,GBP,2024-01-25 13:53:16
L0000685,R000327,P100013,wallet_transfer,requested,271.89,BRL,2024-04-23 11:19:26
L0001089,R000521,P100182,instant_debit_payout,reversed,38.56,EUR,2024-05-03 06:55:22
L0000495,R000237,P100036,bank_payout,failed,61.85,EUR,2024-03-14 20:19:02
L0000849,R000405,P100172,instant_debit_payout,settled,59.97,EUR,2024-04-17 23:01:39
L0001282,R000614,P100164,instant_debit_payout,requested,58.19,EUR,2024-06-09 07:40:20
L0000442,R000211,P100183,gift_card,settled,102.18,EUR,2024-02-15 19:51:38
L0000307,R000147,P100054,instant_debit_payout,requested,86.31,EUR,2024-02-04 09:15:32
L0000274,R000131,P100024,instant_debit_payout,settled,437.89,BRL,2024-02-12 11:09:04
L0001073,R000514,P100169,instant_debit_payout,requested,50.3,GBP,2024-05-17 03:16:18
L0000141,R000068,P100107,gift_card,requested,32.29,USD,2024-01-12 23:22:33
L0000774,R000369,P100098,gift_card,settled,62.67,GBP,2024-04-02 02:11:11
L0001157,R000555,P100051,instant_debit_payout,settled,109.58,EUR,2024-06-12 10:51:11
L0000038,R000018,P100023,gift_card,requested,9.97,EUR,2024-01-11 21:07:57
L0000100,R000047,P100063,gift_card,settled,92.17,BRL,2024-01-26 20:20:21
L0001117,R000535,P100006,instant_debit_payout,settled,44.96,GBP,2024-06-01 10:01:19
L0001141,R000547,P100031,instant_debit_payout,settled,39.63,USD,2024-06-28 04:23:47
L0000978,R000468,P100081,bank_payout,settled,666.83,BRL,2024-05-05 14:19:40
L0000009,R000005,P100007,bank_payout,requested,58.4,EUR,2024-01-05 03:51:01
L0000667,R000319,P100186,instant_debit_payout,requested,31.55,GBP,2024-03-06 10:33:06
L0001161,R000557,P100056,instant_debit_payout,requested,190.77,BRL,2024-06-07 03:50:54
L0000092,R000043,P100055,gift_card,settled,92.24,EUR,2024-01-14 12:48:36
L0000019,R000009,P100015,bank_payout,settled,58.87,EUR,2024-01-07 03:29:29
L0001153,R000553,P100049,instant_debit_payout,settled,141.42,EUR,2024-06-02 04:06:39
L0001228,R000588,P100114,gift_card,settled,39.31,GBP,2024-06-21 18:40:23
L0000730,R000349,P100055,gift_card,requested,56.6,EUR,2024-04-21 04:37:26
L0000488,R000234,P100024,bank_payout,requested,210.02,BRL,2024-03-31 07:52:16
L0001009,R000484,P100108,instant_debit_payout,requested,86.15,EUR,2024-05-25 02:54:08
L0000517,R000248,P100055,bank_payout,requested,102.05,EUR,2024-03-20 03:57:19
L0000876,R000418,P100002,wallet_transfer,requested,110.98,USD,2024-05-16 23:10:26
L0001299,R000622,P100182,instant_debit_payout,failed,62.36,EUR,2024-06-16 20:35:47
L0000780,R000372,P100102,instant_debit_payout,settled,56.05,USD,2024-04-07 10:24:02
L0000472,R000226,P100012,gift_card,settled,95.3,USD,2024-03-29 02:53:41
L0001084,R000519,P100179,bank_payout,settled,100.38,USD,2024-05-09 04:41:13
L0000756,R000361,P100084,wallet_transfer,requested,113.98,EUR,2024-04-16 05:53:18
L0000639,R000306,P100165,instant_debit_payout,requested,102.98,EUR,2024-03-22 14:50:41
L0000870,R000415,P100199,bank_payout,settled,121.98,USD,2024-04-29 21:32:57
L0000809,R000387,P100133,wallet_transfer,requested,35.89,GBP,2024-04-06 06:11:51
L0000435,R000208,P100175,gift_card,failed,50.38,USD,2024-02-01 07:34:14
L0001189,R000570,P100088,instant_debit_payout,failed,740.35,BRL,2024-06-30 02:32:23
L0000467,R000224,P100009,instant_debit_payout,requested,56.51,GBP,2024-03-28 19:15:39
L0001261,R000603,P100140,instant_debit_payout,settled,41.35,GBP,2024-06-06 10:33:45
L0000084,R000040,P100052,wallet_transfer,settled,9.51,GBP,2024-01-07 09:32:28
L0000401,R000193,P100145,gift_card,requested,103.2,EUR,2024-02-06 18:18:00
L0000230,R000109,P100185,wallet_transfer,settled,71.57,GBP,2024-01-26 04:43:00
L0000039,R000018,P100023,gift_card,settled,9.97,EUR,2024-01-11 22:38:57
L0001293,R000619,P100176,gift_card,settled,31.72,GBP,2024-06-04 09:39:18
L0000995,R000477,P100101,instant_debit_payout,requested,604.3,BRL,2024-05-28 00:35:17
L0000188,R000090,P100152,wallet_transfer,requested,34.33,USD,2024-01-23 22:31:31
L0000790,R000377,P100116,wallet_transfer,failed,121.39,EUR,2024-04-20 04:57:06
L0000397,R000191,P100143,wallet_transfer,requested,327.21,BRL,2024-02-05 03:30:51
L0000538,R000258,P100068,gift_card,settled,527.26,BRL,2024-03-07 01:20:13
L0000824,R000394,P100148,bank_payout,requested,676.63,BRL,2024-04-21 23:14:22
L0000689,R000329,P100017,gift_card,requested,537.1,BRL,2024-04-06 18:32:52
L0000460,R000220,P100199,instant_debit_payout,settled,64.72,USD,2024-02-17 19:28:27
L0001173,R000562,P100068,instant_debit_payout,settled,140.05,BRL,2024-06-06 05:02:57
L0000722,R000345,P100049,instant_debit_payout,requested,109.13,EUR,2024-04-18 15:41:41
L0001219,R000584,P100107,instant_debit_payout,requested,145.13,USD,2024-06-30 09:43:35
L0000478,R000229,P100014,wallet_transfer,settled,68.74,EUR,2024-03-17 02:18:19
L0000543,R000260,P100069,instant_debit_payout,settled,69.94,GBP,2024-03-08 09:35:46
L0001056,R000506,P100156,bank_payout,requested,75.5,USD,2024-05-13 06:06:33
L0000821,R000393,P100146,wallet_transfer,requested,506.96,BRL,2024-04-18 21:31:02
L0000740,R000354,P100071,instant_debit_payout,requested,127.64,USD,2024-04-16 21:11:01
L0001081,R000518,P100177,instant_debit_payout,requested,622.72,BRL,2024-05-08 08:51:20
L0000158,R000075,P100128,bank_payout,settled,94.59,GBP,2024-01-21 11:09:55
L0001264,R000605,P100142,instant_debit_payout,requested,343.69,BRL,2024-06-10 16:05:58
L0001259,R000602,P100135,gift_card,settled,130.14,EUR,2024-06-07 23:40:07
L0000944,R000451,P100057,instant_debit_payout,settled,51.08,USD,2024-05-01 12:40:38
L0000977,R000468,P100081,bank_payout,requested,666.83,BRL,2024-05-05 11:16:40
L0000013,R000006,P100011,wallet_transfer,settled,88.83,USD,2024-01-27 20:28:58
L0001287,R000616,P100165,instant_debit_payout,settled,32.18,EUR,2024-06-22 05:22:57
L0000251,R000120,P100002,gift_card,requested,32.33,USD,2024-02-21 16:40:18
L0000947,R000453,P100058,instant_debit_payout,requested,655.31,BRL,2024-05-07 02:01:51
L0000463,R000222,P100200,gift_card,requested,126.44,EUR,2024-02-02 21:18:50
L0000398,R000191,P100143,wallet_transfer,settled,327.21,BRL,2024-02-05 06:10:51
L0000546,R000262,P100070,bank_payout,requested,110.4,EUR,2024-03-12 23:24:52
L0000494,R000237,P100036,bank_payout,requested,61.85,EUR,2024-03-14 19:02:02
L0000973,R000466,P100077,bank_payout,requested,80.71,USD,2024-05-24 19:28:45
L0000748,R000357,P100076,gift_card,settled,53.13,GBP,2024-04-23 20:25:27
L0001294,R000620,P100180,instant_debit_payout,requested,80.3,USD,2024-06-01 11:21:42
L0000986,R000472,P100091,instant_debit_payout,settled,375.81,BRL,2024-05-01 15:36:32
L0000507,R000243,P100045,instant_debit_payout,requested,646.62,BRL,2024-03-25 11:03:46
L0000911,R000435,P100027,instant_debit_payout,requested,117.96,USD,2024-05-22 04:29:54
L0001050,R000503,P100151,gift_card,requested,18.87,USD,2024-05-08 17:18:35
L0000869,R000415,P100199,bank_payout,requested,121.98,USD,2024-04-29 17:48:57
L0000522,R000250,P100059,bank_payout,settled,79.21,GBP,2024-03-24 22:12:31
L0000979,R000469,P100088,instant_debit_payout,requested,360.11,BRL,2024-05-13 13:57:17
L0000884,R000422,P100010,instant_debit_payout,requested,37.56,USD,2024-05-11 05:46:10
L0001039,R000498,P100139,instant_debit_payout,settled,114.28,USD,2024-05-29 15:32:04
L0000889,R000424,P100011,instant_debit_payout,settled,129.21,USD,2024-05-22 04:38:19
L0001240,R000593,P100120,wallet_transfer,reversed,638.53,BRL,2024-06-18 08:59:45
L0000050,R000024,P100030,wallet_transfer,requested,91.5,GBP,2024-01-12 23:29:56
L0000255,R000122,P100004,gift_card,requested,30.76,EUR,2024-02-01 08:54:35
L0000578,R000277,P100102,gift_card,requested,40.78,USD,2024-03-11 13:23:08
L0001075,R000515,P100169,gift_card,requested,116.39,GBP,2024-05-23 12:50:21
L0000208,R000099,P100168,wallet_transfer,settled,22.52,USD,2024-01-04 00:48:22
L0000216,R000103,P100174,gift_card,settled,89.96,GBP,2024-01-13 04:40:45
L0001197,R000574,P100091,instant_debit_payout,requested,106.91,BRL,2024-06-07 03:52:55
L0000708,R000338,P100034,gift_card,failed,416.35,BRL,2024-04-08 00:59:21
L0000250,R000119,P100002,bank_payout,failed,76.24,USD,2024-02-01 09:48:06
L0000422,R000202,P100163,gift_card,settled,518.74,BRL,2024-02-03 17:23:25
L0001274,R000610,P100156,instant_debit_payout,requested,116.86,USD,2024-06-09 05:33:41
L0001037,R000497,P100136,instant_debit_payout,settled,65.8,USD,2024-05-16 14:51:19
L0000662,R000317,P100182,gift_card,requested,78.02,EUR,2024-03-24 20:11:37
L0000890,R000425,P100014,instant_debit_payout,requested,29.69,EUR,2024-05-13 14:43:01
L0001036,R000497,P100136,instant_debit_payout,requested,65.8,USD,2024-05-16 12:16:19
L0000273,R000131,P100024,instant_debit_payout,requested,437.89,BRL,2024-02-12 09:59:04
L0001320,R000633,P100199,bank_payout,requested,66.09,USD,2024-06-10 04:13:25
L0000285,R000136,P100030,instant_debit_payout,settled,98.0,GBP,2024-02-13 10:08:35
L0000380,R000182,P100128,bank_payout,settled,55.89,GBP,2024-02-13 08:00:52
L0000957,R000458,P100066,instant_debit_payout,requested,360.77,BRL,2024-05-16 03:16:13
L0000509,R000244,P100049,instant_debit_payout,requested,132.59,EUR,2024-03-29 07:42:11
L0000238,R000113,P100194,gift_card,settled,352.07,BRL,2024-01-04 11:59:23
L0000982,R000470,P100088,wallet_transfer,settled,110.15,BRL,2024-05-31 08:36:40
L0000342,R000164,P100090,wallet_transfer,requested,81.7,EUR,2024-02-14 02:29:13
L0000920,R000439,P100036,instant_debit_payout,settled,106.35,EUR,2024-05-10 18:34:15
L0000506,R000242,P100044,bank_payout,reversed,43.08,EUR,2024-03-15 15:10:26
L0000532,R000255,P100065,gift_card,settled,70.31,USD,2024-04-01 00:19:49
L0000577,R000276,P100099,gift_card,settled,135.05,USD,2024-03-21 14:31:42
L0000557,R000267,P100081,wallet_transfer,requested,627.06,BRL,2024-03-19 21:33:18
L0000902,R000430,P100020,instant_debit_payout,settled,464.1,BRL,2024-05-11 17:47:23
L0000853,R000407,P100186,gift_card,settled,98.01,GBP,2024-04-28 09:57:48
L0000841,R000402,P100167,bank_payout,requested,14.92,EUR,2024-04-12 15:45:13
L0000077,R000037,P100048,wallet_transfer,requested,29.09,EUR,2024-01-15 11:39:25
L0001124,R000539,P100011,gift_card,requested,145.35,USD,2024-06-18 23:41:29
L0000459,R000220,P100199,instant_debit_payout,requested,64.72,USD,2024-02-17 15:33:27
L0000098,R000046,P100061,gift_card,settled,113.3,EUR,2024-01-29 17:47:03
L0000786,R000375,P100113,instant_debit_payout,settled,134.66,USD,2024-04-03 18:59:55
L0000268,R000128,P100012,gift_card,settled,67.8,USD,2024-02-26 19:43:36
L0000789,R000377,P100116,wallet_transfer,requested,121.39,EUR,2024-04-20 04:28:06
L0000083,R000040,P100052,wallet_transfer,requested,9.51,GBP,2024-01-07 06:24:28
L0000523,R000251,P100059,instant_debit_payout,requested,16.71,GBP,2024-03-26 16:18:45
L0000170,R000081,P100137,gift_card,settled,57.58,USD,2024-01-14 01:00:33
L0001174,R000563,P100072,wallet_transfer,requested,28.82,GBP,2024-06-16 19:32:32
L0000430,R000206,P100173,wallet_transfer,requested,53.44,USD,2024-02-14 18:25:24
L0000552,R000265,P100077,wallet_transfer,requested,86.57,USD,2024-03-06 16:54:00
L0001254,R000600,P100131,wallet_transfer,requested,168.06,BRL,2024-06-08 22:36:24
L0000363,R000174,P100113,bank_payout,settled,68.44,USD,2024-02-06 19:10:42
L0000649,R000310,P100169,gift_card,settled,90.47,GBP,2024-03-06 01:46:37
L0001119,R000536,P100007,bank_payout,settled,137.95,EUR,2024-06-15 13:23:22
L0001319,R000632,P100196,instant_debit_payout,settled,437.51,BRL,2024-06-08 18:35:58
L0000875,R000417,P100001,gift_card,settled,79.29,BRL,2024-05-08 08:14:03
L0000749,R000357,P100076,gift_card,reversed,53.13,GBP,2024-04-24 20:25:27
L0000348,R000167,P100093,wallet_transfer,requested,35.54,EUR,2024-02-01 09:21:00
L0001080,R000517,P100172,gift_card,settled,114.09,EUR,2024-05-02 11:59:33
L0001183,R000567,P100083,instant_debit_payout,settled,174.8,BRL,2024-06-07 21:02:50
L0000298,R000142,P100047,gift_card,failed,139.53,EUR,2024-02-28 11:15:00
L0000030,R000014,P100021,bank_payout,requested,26.11,USD,2024-01-13 21:17:20
L0001121,R000537,P100008,bank_payout,settled,92.66,EUR,2024-06-22 02:04:37
L0001309,R000627,P100189,instant_debit_payout,settled,113.83,EUR,2024-06-26 03:47:18
L0000226,R000107,P100184,gift_card,reversed,77.95,USD,2024-01-30 13:10:04
L0000341,R000163,P100086,gift_card,settled,612.5,BRL,2024-02-03 19:36:39
L0001207,R000578,P100094,instant_debit_payout,reversed,121.01,EUR,2024-06-24 22:05:38
L0000840,R000401,P100164,gift_card,settled,77.33,EUR,2024-04-09 07:57:36
L0000795,R000380,P100121,instant_debit_payout,requested,103.14,USD,2024-04-13 09:46:20
L0000358,R000172,P100107,gift_card,requested,44.21,USD,2024-02-24 15:48:33
L0001268,R000607,P100147,instant_debit_payout,requested,101.08,USD,2024-06-06 07:35:46
L0000892,R000426,P100015,instant_debit_payout,requested,38.31,EUR,2024-05-29 22:41:22
L0001125,R000539,P100011,gift_card,settled,145.35,USD,2024-06-19 02:39:29
L0001182,R000567,P100083,instant_debit_payout,requested,174.8,BRL,2024-06-07 20:48:50
L0000793,R000379,P100119,wallet_transfer,requested,82.35,USD,2024-04-23 16:26:05
L0000895,R000427,P100016,instant_debit_payout,settled,107.18,USD,2024-05-07 08:13:29
L0000278,R000133,P100026,bank_payout,settled,67.46,GBP,2024-02-20 09:25:48
L0001106,R000530,P100199,instant_debit_payout,requested,104.76,USD,2024-05-21 13:53:08
L0001022,R000490,P100123,gift_card,settled,493.69,BRL,2024-05-18 11:46:35
L0000989,R000474,P100095,wallet_transfer,requested,149.07,USD,2024-05-06 01:35:11
L0000797,R000381,P100121,gift_card,requested,85.55,USD,2024-04-26 19:26:40
L0000794,R000379,P100119,wallet_transfer,settled,82.35,USD,2024-04-23 19:36:05
L0001120,R000537,P100008,bank_payout,requested,92.66,EUR,2024-06-22 01:54:37
L0000886,R000423,P100011,instant_debit_payout,requested,63.87,USD,2024-05-01 18:55:45
L0001122,R000538,P100010,wallet_transfer,requested,79.28,USD,2024-06-17 22:44:12
L0000168,R000080,P100135,gift_card,settled,123.54,EUR,2024-01-31 02:15:36
L0000172,R000082,P100141,bank_payout,settled,412.23,BRL,2024-01-01 11:21:11
L0000723,R000345,P100049,instant_debit_payout,settled,109.13,EUR,2024-04-18 17:05:41
L0001028,R000493,P100131,gift_card,settled,148.39,BRL,2024-05-04 08:20:29
L0001160,R000556,P100053,gift_card,settled,110.46,BRL,2024-06-20 02:26:52
L0000177,R000085,P100145,gift_card,requested,48.12,EUR,2024-01-11 05:35:33
L0000811,R000388,P100135,bank_payout,requested,46.67,EUR,2024-04-16 02:58:06
L0000327,R000156,P100067,gift_card,settled,40.1,USD,2024-02-02 03:22:04
L0000074,R000035,P100045,gift_card,reversed,240.28,BRL,2024-01-05 06:21:38
L0000312,R000149,P100059,bank_payout,requested,75.15,GBP,2024-02-06 23:26:14
L0000060,R000029,P100039,bank_payout,requested,40.01,GBP,2024-01-01 15:45:33
L0001170,R000561,P100066,instant_debit_payout,settled,655.54,BRL,2024-06-02 07:08:44
L0000653,R000312,P100170,gift_card,settled,67.21,USD,2024-03-27 06:17:59
L0000252,R000120,P100002,gift_card,failed,32.33,USD,2024-02-21 17:58:18
L0000469,R000225,P100009,gift_card,requested,48.53,GBP,2024-03-15 17:10:35
L0001016,R000487,P100116,instant_debit_payout,settled,40.48,EUR,2024-05-03 17:28:17
L0000458,R000219,P100195,instant_debit_payout,settled,90.0,USD,2024-02-09 00:42:24
L0000161,R000077,P100129,wallet_transfer,requested,322.89,BRL,2024-01-11 03:10:40
L0000616,R000295,P100149,wallet_transfer,requested,79.7,EUR,2024-03-23 13:56:44
L0000324,R000155,P100066,gift_card,requested,164.23,BRL,2024-02-28 07:27:47
L0000468,R000224,P100009,instant_debit_payout,settled,56.51,GBP,2024-03-28 20:21:39
L0000924,R000441,P100039,bank_payout,failed,87.62,GBP,2024-05-14 20:43:18
L0000194,R000092,P100154,wallet_transfer,settled,39.42,EUR,2024-01-23 09:04:49
L0001151,R000552,P100043,instant_debit_payout,settled,24.35,USD,2024-06-03 21:50:33
L0000439,R000210,P100182,gift_card,requested,47.24,EUR,2024-02-03 21:10:05
L0001209,R000579,P100098,gift_card,settled,69.81,GBP,2024-06-27 12:30:19
L0001165,R000559,P100063,instant_debit_payout,requested,736.56,BRL,2024-06-03 01:06:10
L0000440,R000210,P100182,gift_card,settled,47.24,EUR,2024-02-03 22:22:05
L0000864,R000412,P100197,instant_debit_payout,reversed,25.06,GBP,2024-04-12 04:08:37
L0000087,R000041,P100052,gift_card,settled,14.91,GBP,2024-01-16 01:52:04
L0001201,R000576,P100092,instant_debit_payout,requested,127.12,BRL,2024-06-12 08:36:21
L0000284,R000136,P100030,instant_debit_payout,requested,98.0,GBP,2024-02-13 08:29:35
L0000953,R000456,P100062,gift_card,requested,56.5,USD,2024-05-12 03:17:46
L0000413,R000198,P100152,gift_card,failed,92.33,USD,2024-02-29 01:52:56
L0000713,R000341,P100044,gift_card,requested,59.95,EUR,2024-04-09 02:22:54
L0000972,R000465,P100076,instant_debit_payout,settled,114.94,GBP,2024-05-23 11:23:03
L0000569,R000273,P100094,instant_debit_payout,requested,42.94,EUR,2024-03-09 00:43:30
L0000505,R000242,P100044,bank_payout,settled,43.08,EUR,2024-03-13 15:10:26
L0000383,R000184,P100129,bank_payout,requested,68.63,BRL,2024-02-25 06:39:56
L0000072,R000035,P100045,gift_card,requested,240.28,BRL,2024-01-03 04:09:38
L0001066,R000510,P100161,gift_card,settled,63.04,EUR,2024-05-13 16:36:20
L0001301,R000623,P100183,instant_debit_payout,settled,56.01,EUR,2024-06-14 21:45:19
L0000199,R000095,P100159,gift_card,requested,674.85,BRL,2024-01-06 12:22:39
L0000549,R000263,P100075,gift_card,settled,437.71,BRL,2024-03-26 10:57:15
L0000518,R000248,P100055,bank_payout,settled,102.05,EUR,2024-03-20 07:30:19
L0000001,R000001,P100001,gift_card,requested,296.93,BRL,2024-01-24 18:20:10
L0000964,R000461,P100071,gift_card,settled,36.16,USD,2024-05-05 12:06:02
L0000984,R000471,P100089,bank_payout,settled,28.85,EUR,2024-05-02 02:07:31
L0000271,R000130,P100024,gift_card,requested,519.27,BRL,2024-02-09 23:05:28
L0001321,R000633,P100199,bank_payout,settled,66.09,USD,2024-06-10 07:20:25
L0001235,R000591,P100119,instant_debit_payout,settled,16.0,USD,2024-06-07 19:26:09
L0001082,R000518,P100177,instant_debit_payout,settled,622.72,BRL,2024-05-08 11:28:20
L0000040,R000019,P100025,wallet_transfer,requested,93.74,GBP,2024-01-03 20:34:27
L0000570,R000273,P100094,instant_debit_payout,settled,42.94,EUR,2024-03-09 01:10:30
L0001152,R000553,P100049,instant_debit_payout,requested,141.42,EUR,2024-06-02 00:50:39
L0001005,R000482,P100106,gift_card,requested,442.06,BRL,2024-05-21 19:11:23
L0000311,R000148,P100056,gift_card,reversed,267.1,BRL,2024-02-27 22:07:47
L0000457,R000219,P100195,instant_debit_payout,requested,90.0,USD,2024-02-08 21:24:24
L0001208,R000579,P100098,gift_card,requested,69.81,GBP,2024-06-27 11:36:19
L0000916,R000437,P100033,instant_debit_payout,settled,105.02,GBP,2024-05-12 23:46:11
L0000998,R000478,P100102,bank_payout,failed,113.92,USD,2024-05-21 21:58:25
L0000359,R000172,P100107,gift_card,settled,44.21,USD,2024-02-24 15:53:33
L0001096,R000525,P100189,instant_debit_payout,requested,118.43,EUR,2024-05-05 19:20:27
L0000066,R000032,P100043,gift_card,requested,74.35,USD,2024-01-02 08:07:07
L0001238,R000593,P100120,wallet_transfer,requested,638.53,BRL,2024-06-17 06:38:45
L0000808,R000386,P100130,wallet_transfer,failed,129.02,BRL,2024-04-23 07:36:37
L0000196,R000093,P100155,wallet_transfer,settled,72.49,EUR,2024-01-13 17:17:50
L0000621,R000297,P100151,bank_payout,settled,75.02,USD,2024-03-03 04:53:28
L0001029,R000494,P100132,instant_debit_payout,requested,10.59,GBP,2024-05-03 00:07:00
L0000343,R000164,P100090,wallet_transfer,settled,81.7,EUR,2024-02-14 04:07:13
L0000386,R000185,P100130,bank_payout,settled,551.3,BRL,2024-02-19 20:06:27
L0001291,R000618,P100171,bank_payout,settled,148.26,USD,2024-06-10 14:54:55
L0001237,R000592,P100120,instant_debit_payout,failed,415.96,BRL,2024-06-19 05:30:49
L0000641,R000306,P100165,instant_debit_payout,reversed,102.98,EUR,2024-03-23 16:21:41
L0000232,R000110,P100186,bank_payout,settled,29.69,GBP,2024-01-22 15:52:21
L0001027,R000493,P100131,gift_card,requested,148.39,BRL,2024-05-04 05:03:29
L0000987,R000473,P100094,wallet_transfer,requested,38.65,EUR,2024-05-23 22:55:56
L0000983,R000471,P100089,bank_payout,requested,28.85,EUR,2024-05-01 23:27:31
L0001105,R000529,P100198,instant_debit_payout,settled,18.6,USD,2024-05-05 11:19:43
L0000778,R000371,P100102,wallet_transfer,settled,50.06,USD,2024-04-10 03:55:44
L0000733,R000350,P100056,gift_card,failed,529.05,BRL,2024-04-26 22:33:52
L0001226,R000587,P100113,wallet_transfer,settled,14.42,USD,2024-06-25 23:51:28
L0000221,R000106,P100183,gift_card,requested,63.81,EUR,2024-01-03 01:19:53
L0000042,R000020,P100025,bank_payout,requested,59.64,GBP,2024-01-09 08:53:47
L0000623,R000298,P100156,bank_payout,settled,102.33,USD,2024-03-14 13:37:58
L0000562,R000269,P100084,gift_card,failed,93.5,EUR,2024-03-07 06:50:06
L0000355,R000170,P100099,instant_debit_payout,settled,100.86,USD,2024-02-06 22:55:51
L0000880,R000420,P100003,wallet_transfer,requested,439.78,BRL,2024-05-15 14:12:34
L0000726,R000347,P100054,instant_debit_payout,requested,124.78,EUR,2024-04-09 12:41:13
L0001148,R000551,P100040,bank_payout,requested,98.08,USD,2024-06-09 15:25:41
L0000901,R000430,P100020,instant_debit_payout,requested,464.1,BRL,2024-05-11 17:30:23
L0001091,R000522,P100182,wallet_transfer,settled,67.55,EUR,2024-05-15 11:45:00
L0000630,R000301,P100159,bank_payout,reversed,122.06,BRL,2024-03-13 13:46:38
L0000842,R000402,P100167,bank_payout,settled,14.92,EUR,2024-04-12 19:22:13
L0000112,R000053,P100072,gift_card,settled,88.71,GBP,2024-01-05 11:30:00
L0000103,R000049,P100069,gift_card,requested,72.66,GBP,2024-01-17 13:43:03
L0000645,R000308,P100168,wallet_transfer,settled,31.13,USD,2024-03-14 05:30:05
L0001008,R000483,P100107,gift_card,failed,80.7,USD,2024-05-31 12:37:27
L0001196,R000573,P100091,instant_debit_payout,reversed,72.54,BRL,2024-06-12 23:59:17
L0000614,R000294,P100149,instant_debit_payout,settled,112.22,EUR,2024-03-09 20:44:53
L0000128,R000061,P100092,gift_card,settled,132.3,BRL,2024-01-28 13:51:25
L0000165,R000079,P100133,bank_payout,requested,114.65,GBP,2024-01-22 23:24:07
L0000802,R000383,P100127,gift_card,settled,60.5,GBP,2024-04-30 22:10:34
L0001225,R000587,P100113,wallet_transfer,requested,14.42,USD,2024-06-25 20:57:28
L0001304,R000625,P100186,instant_debit_payout,requested,28.5,GBP,2024-06-17 00:02:28
L0000695,R000332,P100028,gift_card,requested,109.39,GBP,2024-04-17 00:42:12
L0001203,R000577,P100093,instant_debit_payout,requested,91.99,EUR,2024-06-25 21:30:38
L0000697,R000333,P100029,wallet_transfer,requested,115.94,USD,2024-04-06 05:36:40
L0000680,R000325,P100010,instant_debit_payout,settled,37.51,USD,2024-04-18 06:14:58
L0001031,R000495,P100133,bank_payout,requested,8.39,GBP,2024-05-08 08:58:06
L0000381,R000183,P100129,gift_card,requested,352.59,BRL,2024-02-08 04:51:28
L0001159,R000556,P100053,gift_card,requested,110.46,BRL,2024-06-20 00:28:52
L0000508,R000243,P100045,instant_debit_payout,settled,646.62,BRL,2024-03-25 11:21:46
L0000550,R000264,P100075,gift_card,requested,255.57,BRL,2024-03-19 21:22:05
L0000934,R000446,P100049,bank_payout,failed,97.04,EUR,2024-05-06 16:56:40
L0001069,R000512,P100165,instant_debit_payout,requested,42.25,EUR,2024-05-02 20:42:19
L0000289,R000138,P100036,bank_payout,requested,29.53,EUR,2024-02-01 18:37:56
L0000590,R000283,P100111,bank_payout,requested,329.37,BRL,2024-03-31 20:15:31
L0000672,R000321,P100187,instant_debit_payout,failed,97.2,USD,2024-03-24 09:11:58
L0000352,R000169,P100097,gift_card,requested,85.99,GBP,2024-02-23 13:35:51
L0001068,R000511,P100163,gift_card,settled,554.23,BRL,2024-05-12 15:52:35
L0001218,R000583,P100104,instant_debit_payout,reversed,344.49,BRL,2024-06-13 09:45:12
L0000747,R000357,P100076,gift_card,requested,53.13,GBP,2024-04-23 17:17:27
L0001191,R000571,P100089,wallet_transfer,settled,99.18,EUR,2024-06-12 11:56:27
L0000061,R000029,P100039,bank_payout,settled,40.01,GBP,2024-01-01 19:35:33
L0000714,R000341,P100044,gift_card,failed,59.95,EUR,2024-04-09 02:31:54
L0000652,R000312,P100170,gift_card,requested,67.21,USD,2024-03-27 06:01:59
L0001276,R000611,P100159,gift_card,requested,399.68,BRL,2024-06-23 16:31:11
L0000263,R000126,P100009,gift_card,requested,111.41,GBP,2024-02-21 19:57:01
L0001249,R000598,P100130,wallet_transfer,requested,415.91,BRL,2024-06-24 21:06:46
L0000022,R000010,P100016,wallet_transfer,reversed,33.49,USD,2024-02-02 16:58:43
L0000682,R000326,P100013,wallet_transfer,requested,591.7,BRL,2024-04-13 00:42:12
L0000283,R000135,P100028,instant_debit_payout,failed,45.91,GBP,2024-02-05 02:27:53
L0000396,R000190,P100139,gift_card,settled,89.18,USD,2024-02-25 20:31:24
L0000175,R000084,P100145,wallet_transfer,requested,107.12,EUR,2024-01-11 20:02:43
L0000693,R000331,P100025,gift_card,requested,114.97,GBP,2024-04-27 19:00:53
L0000372,R000179,P100123,wallet_transfer,requested,609.59,BRL,2024-02-08 01:52:44
L0000582,R000279,P100106,gift_card,requested,422.49,BRL,2024-03-11 05:36:59
L0001323,R000634,P100199,instant_debit_payout,requested,57.45,USD,2024-06-24 09:45:24
L0000825,R000394,P100148,bank_payout,settled,676.63,BRL,2024-04-21 23:40:22
L0000292,R000139,P100041,bank_payout,settled,45.12,USD,2024-02-28 04:24:43
L0001115,R000534,P100003,wallet_transfer,settled,356.9,BRL,2024-06-19 09:32:42
L0001178,R000565,P100075,gift_card,requested,672.53,BRL,2024-06-13 06:48:08
L0000473,R000227,P100012,bank_payout,requested,79.27,USD,2024-03-29 23:30:22
L0001011,R000485,P100113,instant_debit_payout,requested,143.35,USD,2024-05-02 14:25:05
L0000781,R000373,P100111,bank_payout,requested,518.85,BRL,2024-04-19 08:10:11
L0000076,R000036,P100047,bank_payout,settled,72.73,EUR,2024-01-23 17:40:54
L0001272,R000609,P100156,instant_debit_payout,requested,112.25,USD,2024-06-01 10:46:39
L0001042,R000500,P100143,gift_card,requested,662.3,BRL,2024-05-24 12:01:47
L0000858,R000410,P100192,bank_payout,requested,107.89,GBP,2024-04-05 08:47:38
L0000293,R000140,P100043,wallet_transfer,requested,104.16,USD,2024-02-25 13:21:53
L0001169,R000561,P100066,instant_debit_payout,requested,655.54,BRL,2024-06-02 07:06:44
L0000536,R000257,P100068,gift_card,settled,472.83,BRL,2024-03-29 05:42:01
L0000411,R000197,P100151,gift_card,settled,38.93,USD,2024-02-05 21:21:02
L0000249,R000119,P100002,bank_payout,requested,76.24,USD,2024-02-01 08:25:06
L0000613,R000294,P100149,instant_debit_payout,requested,112.22,EUR,2024-03-09 17:59:53
L0000155,R000074,P100127,gift_card,requested,113.41,GBP,2024-01-17 05:34:59
L0000845,R000403,P100168,instant_debit_payout,settled,10.46,USD,2024-04-24 06:54:40
L0001133,R000543,P100019,gift_card,settled,115.8,EUR,2024-06-20 08:55:56
L0001003,R000481,P100104,gift_card,requested,293.69,BRL,2024-05-21 00:41:02
L0000764,R000365,P100091,gift_card,requested,163.08,BRL,2024-04-25 18:30:56
L0000663,R000317,P100182,gift_card,settled,78.02,EUR,2024-03-24 20:39:37
L0000325,R000155,P100066,gift_card,settled,164.23,BRL,2024-02-28 08:33:47
L0000673,R000322,P100190,instant_debit_payout,requested,265.53,BRL,2024-03-13 16:51:21
L0001242,R000594,P100127,instant_debit_payout,settled,93.91,GBP,2024-06-22 01:18:33
L0001233,R000590,P100118,bank_payout,reversed,139.75,EUR,2024-06-22 12:21:32
L0000648,R000310,P100169,gift_card,requested,90.47,GBP,2024-03-05 21:52:37
L0001107,R000530,P100199,instant_debit_payout,settled,104.76,USD,2024-05-21 14:58:08
L0000823,R000393,P100146,wallet_transfer,reversed,506.96,BRL,2024-04-20 22:57:02
L0001092,R000523,P100184,instant_debit_payout,requested,77.78,USD,2024-05-21 20:57:52
L0000715,R000342,P100044,instant_debit_payout,requested,135.57,EUR,2024-04-02 14:00:53
L0001212,R000581,P100099,instant_debit_payout,requested,11.9,USD,2024-06-11 21:13:47
L0000044,R000021,P100026,gift_card,requested,16.16,GBP,2024-01-13 23:29:43
L0001308,R000627,P100189,instant_debit_payout,requested,113.83,EUR,2024-06-26 00:46:18
L0000229,R000109,P100185,wallet_transfer,requested,71.57,GBP,2024-01-26 04:18:00
L0001013,R000486,P100114,instant_debit_payout,requested,19.73,GBP,2024-05-10 19:56:34
L0000676,R000323,P100197,bank_payout,settled,74.99,GBP,2024-03-10 00:04:01
L0000201,R000096,P100159,gift_card,requested,322.0,BRL,2024-01-05 21:13:06
L0000236,R000112,P100192,bank_payout,settled,10.78,GBP,2024-01-04 13:43:43
L0000970,R000464,P100075,instant_debit_payout,settled,709.05,BRL,2024-05-21 23:11:15
L0000067,R000032,P100043,gift_card,settled,74.35,USD,2024-01-02 11:44:07
L0000872,R000416,P100001,gift_card,requested,204.66,BRL,2024-05-09 00:35:12
L0000451,R000216,P100193,gift_card,requested,58.61,GBP,2024-02-15 18:07:51
L0000724,R000346,P100052,instant_debit_payout,requested,90.8,GBP,2024-04-08 11:23:54
L0000755,R000360,P100082,instant_debit_payout,settled,60.16,EUR,2024-04-29 06:09:44
L0000914,R000436,P100030,wallet_transfer,settled,81.63,GBP,2024-05-26 23:24:45
L0000785,R000375,P100113,instant_debit_payout,requested,134.66,USD,2024-04-03 16:00:55
L0000643,R000307,P100166,wallet_transfer,settled,142.44,USD,2024-03-22 02:02:09
L0000326,R000156,P100067,gift_card,requested,40.1,USD,2024-02-02 02:13:04
L0000611,R000293,P100148,bank_payout,requested,174.79,BRL,2024-03-08 21:15:55
L0000619,R000296,P100150,bank_payout,failed,75.35,EUR,2024-03-23 08:31:25
L0000331,R000158,P100072,bank_payout,settled,38.67,GBP,2024-02-29 07:01:28
L0000753,R000359,P100080,instant_debit_payout,failed,105.7,USD,2024-04-22 01:45:08
L0000322,R000154,P100065,gift_card,requested,114.8,USD,2024-02-12 23:40:05
L0000306,R000146,P100053,gift_card,settled,744.47,BRL,2024-02-25 09:30:59
L0001054,R000505,P100155,instant_debit_payout,requested,94.14,EUR,2024-05-28 01:32:21
L0000544,R000261,P100070,gift_card,requested,107.39,EUR,2024-03-13 04:01:57
L0000486,R000233,P100022,wallet_transfer,settled,49.21,EUR,2024-03-13 14:50:51
L0000929,R000444,P100043,instant_debit_payout,requested,14.22,USD,2024-05-24 11:15:46
L0000759,R000362,P100084,bank_payout,settled,46.65,EUR,2024-04-29 03:37:34
L0000935,R000447,P100051,wallet_transfer,requested,106.1,EUR,2024-05-03 23:02:46
L0000711,R000340,P100043,instant_debit_payout,requested,69.37,USD,2024-04-06 06:55:45
L0000016,R000008,P100014,gift_card,requested,111.0,EUR,2024-01-20 22:00:21
L0000545,R000261,P100070,gift_card,settled,107.39,EUR,2024-03-13 05:36:57
L0000243,R000116,P100198,gift_card,requested,138.08,USD,2024-01-07 05:00:06
L0000375,R000180,P100125,bank_payout,settled,49.12,USD,2024-02-03 11:10:04
L0000761,R000363,P100088,instant_debit_payout,settled,664.35,BRL,2024-04-02 23:54:53
L0001292,R000619,P100176,gift_card,requested,31.72,GBP,2024-06-04 06:04:18
L0000104,R000049,P100069,gift_card,settled,72.66,GBP,2024-01-17 17:16:03
L0000335,R000160,P100075,gift_card,settled,346.8,BRL,2024-02-29 07:47:41
L0001310,R000628,P100191,instant_debit_payout,requested,32.14,GBP,2024-06-30 04:13:48
L0000707,R000338,P100034,gift_card,requested,416.35,BRL,2024-04-08 00:00:21
L0000209,R000100,P100170,bank_payout,requested,19.72,USD,2024-01-27 05:48:20
L0000455,R000218,P100195,instant_debit_payout,requested,38.47,USD,2024-02-17 04:24:53
L0001155,R000554,P100049,instant_debit_payout,settled,18.75,EUR,2024-06-08 09:36:17
L0000718,R000343,P100046,gift_card,settled,493.63,BRL,2024-04-28 02:38:19
L0000029,R000013,P100020,gift_card,settled,564.16,BRL,2024-01-21 12:45:41
L0000095,R000045,P100060,gift_card,requested,116.71,EUR,2024-01-04 16:46:04
L0000526,R000252,P100060,instant_debit_payout,settled,41.55,EUR,2024-03-25 01:53:43
L0000197,R000094,P100156,wallet_transfer,requested,87.86,USD,2024-01-03 16:54:47
L0000492,R000236,P100030,bank_payout,requested,34.91,GBP,2024-03-18 00:58:01
L0000111,R000053,P100072,gift_card,requested,88.71,GBP,2024-01-05 08:43:00
L0001312,R000629,P100195,instant_debit_payout,requested,20.41,USD,2024-06-24 19:56:42
L0001041,R000499,P100141,instant_debit_payout,settled,753.57,BRL,2024-05-29 15:37:27
L0000666,R000318,P100183,wallet_transfer,settled,82.97,EUR,2024-03-18 10:03:16
L0000102,R000048,P100067,wallet_transfer,failed,134.13,USD,2024-01-23 20:25:39
L0000149,R000071,P100123,wallet_transfer,reversed,574.23,BRL,2024-01-10 13:34:06
L0000186,R000089,P100151,gift_card,settled,80.78,USD,2024-01-25 08:49:51
L0000917,R000438,P100035,instant_debit_payout,requested,56.36,GBP,2024-05-17 00:50:41
L0000280,R000134,P100027,gift_card,requested,136.53,USD,2024-02-25 17:10:51
L0000279,R000133,P100026,bank_payout,reversed,67.46,GBP,2024-02-24 09:25:48
L0000990,R000474,P100095,wallet_transfer,settled,149.07,USD,2024-05-06 04:59:11
L0001086,R000520,P100180,instant_debit_payout,failed,25.13,USD,2024-05-25 22:23:09
L0000510,R000244,P100049,instant_debit_payout,settled,132.59,EUR,2024-03-29 09:18:11
L0000123,R000059,P100083,gift_card,requested,739.8,BRL,2024-01-25 15:44:48
L0000812,R000388,P100135,bank_payout,settled,46.67,EUR,2024-04-16 03:45:06
L0000441,R000211,P100183,gift_card,requested,102.18,EUR,2024-02-15 19:39:38
L0000952,R000455,P100062,gift_card,settled,60.08,USD,2024-05-04 08:53:14
L0001110,R000532,P100002,wallet_transfer,requested,116.67,USD,2024-06-04 06:28:17
L0001317,R000631,P100196,instant_debit_payout,settled,623.38,BRL,2024-06-29 04:58:07
L0000874,R000417,P100001,gift_card,requested,79.29,BRL,2024-05-08 07:24:03
L0000624,R000299,P100156,instant_debit_payout,requested,56.74,USD,2024-03-16 06:52:41
L0000258,R000123,P100005,bank_payout,settled,117.22,EUR,2024-02-22 13:28:18
L0001222,R000585,P100108,instant_debit_payout,settled,137.4,EUR,2024-06-18 03:29:51
L0000879,R000419,P100002,instant_debit_payout,settled,140.55,USD,2024-05-14 09:06:09
L0000642,R000307,P100166,wallet_transfer,requested,142.44,USD,2024-03-21 23:14:09
L0000927,R000443,P100041,instant_debit_payout,requested,47.31,USD,2024-05-02 19:04:21
L0000773,R000369,P100098,gift_card,requested,62.67,GBP,2024-04-02 01:03:11
L0000297,R000142,P100047,gift_card,requested,139.53,EUR,2024-02-28 10:12:00
L0001286,R000616,P100165,instant_debit_payout,requested,32.18,EUR,2024-06-22 05:01:57
L0000881,R000420,P100003,wallet_transfer,settled,439.78,BRL,2024-05-15 15:00:34
L0000586,R000281,P100107,gift_card,requested,86.98,USD,2024-03-10 04:35:54
L0000314,R000150,P100059,instant_debit_payout,requested,31.28,GBP,2024-02-08 15:48:02
L0000282,R000135,P100028,instant_debit_payout,requested,45.91,GBP,2024-02-05 01:50:53
L0000605,R000290,P100138,instant_debit_payout,settled,32.25,EUR,2024-03-28 04:18:01
L0000203,R000097,P100162,bank_payout,requested,49.2,EUR,2024-01-28 04:31:54
L0001324,R000634,P100199,instant_debit_payout,settled,57.45,USD,2024-06-24 13:24:24
L0000189,R000090,P100152,wallet_transfer,settled,34.33,USD,2024-01-23 23:27:31
L0000063,R000030,P100040,gift_card,settled,30.85,USD,2024-01-30 20:23:41
L0000636,R000304,P100163,wallet_transfer,settled,113.27,BRL,2024-03-13 04:07:46
L0000664,R000317,P100182,gift_card,reversed,78.02,EUR,2024-03-28 20:39:37
L0000423,R000203,P100167,gift_card,requested,100.8,EUR,2024-02-03 09:13:14
L0000389,R000187,P100134,bank_payout,requested,641.29,BRL,2024-02-03 16:17:22
L0000716,R000342,P100044,instant_debit_payout,settled,135.57,EUR,2024-04-02 17:51:53
L0000609,R000292,P100146,instant_debit_payout,settled,150.55,BRL,2024-03-07 03:23:53
L0000364,R000175,P100114,bank_payout,requested,72.65,GBP,2024-02-29 20:36:14
L0000370,R000178,P100122,bank_payout,requested,115.37,EUR,2024-02-28 21:05:21
L0001179,R000565,P100075,gift_card,settled,672.53,BRL,2024-06-13 10:30:08
L0001281,R000613,P100160,instant_debit_payout,settled,106.45,GBP,2024-06-25 01:24:05
L0000388,R000186,P100132,gift_card,settled,71.77,GBP,2024-02-08 16:19:59
L0000065,R000031,P100041,wallet_transfer,settled,77.06,USD,2024-01-02 13:40:07
L0001149,R000551,P100040,bank_payout,failed,98.08,USD,2024-06-09 16:36:41
L0000885,R000422,P100010,instant_debit_payout,settled,37.56,USD,2024-05-11 08:21:10
L0000595,R000285,P100115,instant_debit_payout,settled,384.26,BRL,2024-03-27 20:35:02
L0000835,R000399,P100159,instant_debit_payout,requested,310.87,BRL,2024-04-07 08:03:32
L0001211,R000580,P100098,gift_card,failed,93.48,GBP,2024-06-19 01:50:56
L0000421,R000202,P100163,gift_card,requested,518.74,BRL,2024-02-03 14:24:25
L0001116,R000535,P100006,instant_debit_payout,requested,44.96,GBP,2024-06-01 07:49:19
L0000788,R000376,P100115,instant_debit_payout,settled,380.15,BRL,2024-04-07 14:44:53
L0000694,R000331,P100025,gift_card,settled,114.97,GBP,2024-04-27 21:56:53
L0000410,R000197,P100151,gift_card,requested,38.93,USD,2024-02-05 19:19:02
L0000705,R000337,P100033,bank_payout,requested,67.44,GBP,2024-04-18 00:42:55
L0001267,R000606,P100147,instant_debit_payout,settled,13.21,USD,2024-06-19 14:02:23
L0000770,R000367,P100094,bank_payout,settled,55.85,EUR,2024-04-05 12:12:26
L0000597,R000286,P100121,bank_payout,settled,70.0,USD,2024-03-21 14:02:48
L0001138,R000546,P100030,wallet_transfer,requested,66.32,GBP,2024-06-14 03:53:56
L0000735,R000351,P100060,gift_card,settled,93.68,EUR,2024-04-20 17:05:43
L0001101,R000527,P100195,instant_debit_payout,settled,105.37,USD,2024-05-16 07:11:48
L0000159,R000076,P100128,bank_payout,requested,97.8,GBP,2024-01-24 11:54:12
L0000465,R000223,P100006,bank_payout,requested,59.08,GBP,2024-03-02 19:21:16
L0000004,R000002,P100003,wallet_transfer,settled,633.09,BRL,2024-01-31 04:22:41
L0000683,R000326,P100013,wallet_transfer,settled,591.7,BRL,2024-04-13 04:10:12
L0000218,R000104,P100180,bank_payout,settled,61.02,USD,2024-01-19 20:51:27
L0000805,R000385,P100128,instant_debit_payout,requested,98.2,GBP,2024-04-14 16:05:14
L0000525,R000252,P100060,instant_debit_payout,requested,41.55,EUR,2024-03-25 01:29:43
L0001077,R000516,P100170,bank_payout,requested,109.35,USD,2024-05-03 11:42:59
L0001044,R000500,P100143,gift_card,reversed,662.3,BRL,2024-05-27 14:16:47
L0000491,R000235,P100030,instant_debit_payout,settled,77.47,GBP,2024-03-23 09:46:33
L0000313,R000149,P100059,bank_payout,settled,75.15,GBP,2024-02-07 01:29:14
L0000659,R000315,P100180,gift_card,settled,74.93,USD,2024-03-26 17:38:47
L0000807,R000386,P100130,wallet_transfer,requested,129.02,BRL,2024-04-23 07:22:37
L0000589,R000282,P100111,instant_debit_payout,settled,321.24,BRL,2024-03-09 18:31:02
L0000967,R000463,P100074,gift_card,requested,97.86,EUR,2024-05-25 07:52:15
L0001164,R000558,P100063,instant_debit_payout,settled,657.55,BRL,2024-06-08 10:51:58
L0000476,R000228,P100013,gift_card,failed,526.97,BRL,2024-03-26 20:31:11
L0001114,R000534,P100003,wallet_transfer,requested,356.9,BRL,2024-06-19 07:58:42
L0000655,R000313,P100176,gift_card,failed,29.58,GBP,2024-03-14 17:10:44
L0000437,R000209,P100179,bank_payout,settled,26.93,USD,2024-02-08 15:21:03
L0000436,R000209,P100179,bank_payout,requested,26.93,USD,2024-02-08 14:39:03
L0000873,R000416,P100001,gift_card,settled,204.66,BRL,2024-05-09 02:36:12
L0000205,R000098,P100163,bank_payout,requested,662.35,BRL,2024-01-20 05:01:26
L0000231,R000110,P100186,bank_payout,requested,29.69,GBP,2024-01-22 13:26:21
L0000109,R000052,P100071,wallet_transfer,requested,48.96,USD,2024-01-14 15:03:35
L0001001,R000480,P100104,wallet_transfer,requested,82.35,BRL,2024-05-13 20:31:27
L0000985,R000472,P100091,instant_debit_payout,requested,375.81,BRL,2024-05-01 15:00:32
L0000304,R000145,P100052,gift_card,settled,86.97,GBP,2024-02-28 16:06:06
L0000178,R000085,P100145,gift_card,settled,48.12,EUR,2024-01-11 08:06:33
L0001019,R000489,P100122,instant_debit_payout,requested,35.5,EUR,2024-05-11 14:22:41
L0000860,R000411,P100195,gift_card,requested,118.36,USD,2024-04-01 03:12:08
L0000005,R000003,P100006,wallet_transfer,requested,56.28,GBP,2024-01-08 02:50:42
L0000433,R000207,P100174,wallet_transfer,settled,99.97,GBP,2024-02-22 05:46:29
L0000071,R000034,P100045,gift_card,settled,339.36,BRL,2024-01-30 21:24:43
L0000347,R000166,P100092,gift_card,settled,189.06,BRL,2024-02-03 07:08:58
L0000736,R000352,P100062,gift_card,requested,139.1,USD,2024-04-03 17:39:07
L0001087,R000521,P100182,instant_debit_payout,requested,38.56,EUR,2024-05-02 06:38:22
L0000671,R000321,P100187,instant_debit_payout,requested,97.2,USD,2024-03-24 08:16:58
L0000371,R000178,P100122,bank_payout,settled,115.37,EUR,2024-02-29 00:54:21
L0001123,R000538,P100010,wallet_transfer,settled,79.28,USD,2024-06-18 02:02:12
L0001263,R000604,P100141,bank_payout,settled,709.23,BRL,2024-06-22 15:33:04
L0000581,R000278,P100105,instant_debit_payout,settled,103.48,GBP,2024-03-01 20:22:04
L0000692,R000330,P100020,gift_card,settled,690.42,BRL,2024-04-04 08:17:30
L0000193,R000092,P100154,wallet_transfer,requested,39.42,EUR,2024-01-23 07:02:49
L0000757,R000361,P100084,wallet_transfer,settled,113.98,EUR,2024-04-16 07:59:18
L0000962,R000460,P100069,instant_debit_payout,settled,62.16,GBP,2024-05-12 08:16:54
L0000817,R000391,P100142,instant_debit_payout,requested,53.08,BRL,2024-04-16 12:14:53
L0000099,R000047,P100063,gift_card,requested,92.17,BRL,2024-01-26 17:04:21
L0000968,R000463,P100074,gift_card,settled,97.86,EUR,2024-05-25 08:19:15
L0001270,R000608,P100154,instant_debit_payout,requested,12.45,EUR,2024-06-22 19:41:03
L0001135,R000544,P100023,instant_debit_payout,settled,127.29,EUR,2024-06-18 22:36:02
L0000928,R000443,P100041,instant_debit_payout,settled,47.31,USD,2024-05-02 20:51:21
L0000862,R000412,P100197,instant_debit_payout,requested,25.06,GBP,2024-04-11 01:41:37
L0000323,R000154,P100065,gift_card,settled,114.8,USD,2024-02-13 01:42:05
L0000105,R000050,P100070,wallet_transfer,requested,18.66,EUR,2024-01-10 09:55:05
L0000152,R000072,P100123,gift_card,reversed,707.46,BRL,2024-02-04 13:09:24
L0000190,R000090,P100152,wallet_transfer,reversed,34.33,USD,2024-01-28 23:27:31
L0000184,R000088,P100147,wallet_transfer,settled,34.42,USD,2024-01-23 13:48:15
L0001192,R000572,P100089,gift_card,requested,140.23,EUR,2024-06-21 12:32:02
L0000138,R000066,P100104,gift_card,settled,312.27,BRL,2024-01-23 10:19:44
L0000239,R000114,P100195,gift_card,requested,41.52,USD,2024-01-21 11:55:53
L0000501,R000240,P100042,gift_card,settled,512.31,BRL,2024-03-16 00:45:36
L0000930,R000444,P100043,instant_debit_payout,failed,14.22,USD,2024-05-24 11:25:46
L0000140,R000067,P100105,wallet_transfer,failed,12.59,GBP,2024-01-26 16:16:39
L0000266,R000127,P100012,instant_debit_payout,settled,69.46,USD,2024-02-05 15:38:08
L0000617,R000295,P100149,wallet_transfer,settled,79.7,EUR,2024-03-23 14:40:44
L0000369,R000177,P100119,wallet_transfer,settled,44.31,USD,2024-02-19 20:06:09
L0001026,R000492,P100129,instant_debit_payout,failed,723.13,BRL,2024-05-08 09:46:44
L0000919,R000439,P100036,instant_debit_payout,requested,106.35,EUR,2024-05-10 15:02:15
L0001046,R000501,P100144,instant_debit_payout,settled,67.72,USD,2024-05-19 07:29:05
L0000338,R000162,P100086,bank_payout,requested,124.45,BRL,2024-02-14 00:33:33
L0001217,R000583,P100104,instant_debit_payout,settled,344.49,BRL,2024-06-12 09:45:12
L0000276,R000132,P100025,gift_card,settled,18.09,GBP,2024-02-15 20:12:22
L0000151,R000072,P100123,gift_card,settled,707.46,BRL,2024-01-30 13:09:24
L0000449,R000215,P100192,instant_debit_payout,requested,21.59,GBP,2024-02-09 19:24:30
L0000182,R000087,P100147,bank_payout,settled,116.75,USD,2024-01-03 03:41:06
L0000404,R000194,P100147,gift_card,settled,143.97,USD,2024-02-16 10:43:40
L0000237,R000113,P100194,gift_card,requested,352.07,BRL,2024-01-04 08:25:23
L0001047,R000502,P100147,instant_debit_payout,requested,136.45,USD,2024-05-20 18:57:13
L0000640,R000306,P100165,instant_debit_payout,settled,102.98,EUR,2024-03-22 16:21:41
L0000020,R000010,P100016,wallet_transfer,requested,33.49,USD,2024-01-31 15:18:43
L0001010,R000484,P100108,instant_debit_payout,settled,86.15,EUR,2024-05-25 04:42:08
L0000064,R000031,P100041,wallet_transfer,requested,77.06,USD,2024-01-02 13:25:07
L0000575,R000275,P100099,instant_debit_payout,reversed,95.46,USD,2024-03-06 00:31:39
L0000548,R000263,P100075,gift_card,requested,437.71,BRL,2024-03-26 07:38:15
L0000615,R000294,P100149,instant_debit_payout,reversed,112.22,EUR,2024-03-10 20:44:53
L0000032,R000015,P100022,bank_payout,requested,107.66,EUR,2024-01-06 20:16:42
L0000519,R000249,P100058,instant_debit_payout,requested,504.49,BRL,2024-03-11 20:45:52
L0000604,R000290,P100138,instant_debit_payout,requested,32.25,EUR,2024-03-28 01:00:01
L0000027,R000012,P100018,wallet_transfer,reversed,80.47,GBP,2024-01-11 17:39:08
L0000514,R000246,P100053,gift_card,failed,617.56,BRL,2024-03-25 18:16:47
L0001127,R000540,P100012,instant_debit_payout,settled,33.01,USD,2024-06-09 10:39:34
L0000078,R000037,P100048,wallet_transfer,failed,29.09,EUR,2024-01-15 12:30:25
L0000741,R000354,P100071,instant_debit_payout,settled,127.64,USD,2024-04-16 23:35:01
L0000921,R000440,P100036,instant_debit_payout,requested,44.37,EUR,2024-05-27 10:48:12
L0001097,R000525,P100189,instant_debit_payout,settled,118.43,EUR,2024-05-05 19:38:27
L0001006,R000482,P100106,gift_card,settled,442.06,BRL,2024-05-21 22:14:23
L0000515,R000247,P100054,bank_payout,requested,66.61,EUR,2024-03-02 02:55:38
L0000627,R000300,P100158,wallet_transfer,settled,713.76,BRL,2024-03-17 23:37:17
L0000354,R000170,P100099,instant_debit_payout,requested,100.86,USD,2024-02-06 20:31:51
L0000632,R000302,P100160,bank_payout,settled,28.14,GBP,2024-03-06 14:09:20
L0000908,R000433,P100023,instant_debit_payout,settled,49.2,EUR,2024-05-14 00:12:18
L0000528,R000253,P100062,wallet_transfer,settled,12.58,USD,2024-03-18 06:12:16
L0000179,R000086,P100146,bank_payout,requested,627.32,BRL,2024-01-31 17:56:32
L0000483,R000232,P100022,instant_debit_payout,requested,28.09,EUR,2024-03-05 09:43:52
L0000931,R000445,P100044,instant_debit_payout,requested,33.83,EUR,2024-05-06 23:55:49
L0000031,R000014,P100021,bank_payout,failed,26.11,USD,2024-01-13 22:31:20
L0001180,R000566,P100080,wallet_transfer,requested,119.8,USD,2024-06-28 18:18:09
L0000145,R000070,P100117,wallet_transfer,requested,53.25,GBP,2024-01-30 22:42:05
L0000220,R000105,P100182,gift_card,settled,123.88,EUR,2024-01-31 08:07:01
L0000819,R000392,P100142,instant_debit_payout,requested,199.33,BRL,2024-04-01 05:41:56
L0001076,R000515,P100169,gift_card,failed,116.39,GBP,2024-05-23 13:14:21
L0000405,R000195,P100148,gift_card,requested,439.97,BRL,2024-02-24 12:20:20
L0000738,R000353,P100068,gift_card,requested,81.68,BRL,2024-04-28 05:26:11
L0000861,R000411,P100195,gift_card,settled,118.36,USD,2024-04-01 05:48:08
L0000966,R000462,P100073,instant_debit_payout,settled,34.75,USD,2024-05-18 19:38:46
L0000129,R000062,P100094,gift_card,requested,121.95,EUR,2024-01-20 17:48:57
L0000427,R000204,P100168,bank_payout,reversed,64.19,USD,2024-02-18 12:03:21
L0000980,R000469,P100088,instant_debit_payout,settled,360.11,BRL,2024-05-13 17:43:17
L0001277,R000611,P100159,gift_card,settled,399.68,BRL,2024-06-23 20:29:11
L0000267,R000128,P100012,gift_card,requested,67.8,USD,2024-02-26 19:01:36
L0000336,R000161,P100081,instant_debit_payout,requested,60.44,BRL,2024-02-17 19:17:14
L0000991,R000475,P100098,gift_card,requested,77.86,GBP,2024-05-15 04:37:51
L0001014,R000486,P100114,instant_debit_payout,settled,19.73,GBP,2024-05-10 22:04:34
L0000638,R000305,P100164,instant_debit_payout,settled,95.64,EUR,2024-03-01 07:03:43
L0000516,R000247,P100054,bank_payout,failed,66.61,EUR,2024-03-02 04:01:38
L0001241,R000594,P100127,instant_debit_payout,requested,93.91,GBP,2024-06-21 22:19:33
L0001271,R000608,P100154,instant_debit_payout,settled,12.45,EUR,2024-06-22 20:34:03
L0000418,R000200,P100161,bank_payout,settled,71.68,EUR,2024-02-21 09:10:03
L0001142,R000548,P100034,instant_debit_payout,requested,747.04,BRL,2024-06-19 22:53:07
L0001118,R000536,P100007,bank_payout,requested,137.95,EUR,2024-06-15 11:39:22
L0001000,R000479,P100103,instant_debit_payout,settled,10.03,GBP,2024-05-08 09:00:52
L0000180,R000086,P100146,bank_payout,settled,627.32,BRL,2024-01-31 20:10:32
L0000593,R000284,P100113,gift_card,settled,20.14,USD,2024-03-04 03:40:29
L0000234,R000111,P100188,wallet_transfer,settled,32.28,GBP,2024-01-31 14:06:17
L0000583,R000279,P100106,gift_card,settled,422.49,BRL,2024-03-11 09:12:59
L0000511,R000245,P100050,wallet_transfer,requested,39.67,USD,2024-03-14 11:44:57
L0001239,R000593,P100120,wallet_transfer,settled,638.53,BRL,2024-06-17 08:59:45
L0000461,R000221,P100199,instant_debit_payout,requested,21.02,USD,2024-02-04 17:44:15
L0000296,R000141,P100043,gift_card,settled,116.76,USD,2024-02-27 22:11:54
L0001062,R000509,P100161,instant_debit_payout,requested,23.99,EUR,2024-05-16 12:47:00
L0000830,R000396,P100156,bank_payout,settled,44.41,USD,2024-04-16 08:46:10
L0000115,R000055,P100078,gift_card,requested,76.59,EUR,2024-01-15 11:37:35
L0000699,R000334,P100029,gift_card,requested,46.6,USD,2024-04-20 12:20:35
L0000863,R000412,P100197,instant_debit_payout,settled,25.06,GBP,2024-04-11 04:08:37
L0001266,R000606,P100147,instant_debit_payout,requested,13.21,USD,2024-06-19 12:21:23
L0000090,R000042,P100055,gift_card,reversed,106.7,EUR,2024-02-01 23:10:53
L0000464,R000222,P100200,gift_card,settled,126.44,EUR,2024-02-02 23:19:50
L0000228,R000108,P100184,bank_payout,settled,38.97,USD,2024-01-01 22:08:28
L0000829,R000396,P100156,bank_payout,requested,44.41,USD,2024-04-16 04:56:10
L0000037,R000017,P100023,gift_card,settled,18.9,EUR,2024-01-28 09:08:40
L0000831,R000397,P100158,instant_debit_payout,requested,308.3,BRL,2024-04-08 01:48:25
L0000160,R000076,P100128,bank_payout,settled,97.8,GBP,2024-01-24 14:00:12
L0001284,R000615,P100164,bank_payout,requested,73.53,EUR,2024-06-10 04:16:49
L0000006,R000003,P100006,wallet_transfer,settled,56.28,GBP,2024-01-08 04:08:42
L0001256,R000601,P100135,instant_debit_payout,requested,97.27,EUR,2024-06-23 23:36:34
L0000288,R000137,P100035,instant_debit_payout,failed,16.1,GBP,2024-02-29 10:29:50
L0000017,R000008,P100014,gift_card,failed,111.0,EUR,2024-01-20 23:04:21
L0000993,R000476,P100099,instant_debit_payout,requested,63.39,USD,2024-05-13 01:56:43
L0000419,R000201,P100162,instant_debit_payout,requested,106.53,EUR,2024-02-27 03:26:56
L0000709,R000339,P100041,gift_card,requested,128.58,USD,2024-04-30 06:00:29
L0000207,R000099,P100168,wallet_transfer,requested,22.52,USD,2024-01-04 00:36:22
L0001181,R000566,P100080,wallet_transfer,settled,119.8,USD,2024-06-28 22:01:09
L0000014,R000007,P100013,bank_payout,requested,296.32,BRL,2024-01-31 10:14:32
L0000374,R000180,P100125,bank_payout,requested,49.12,USD,2024-02-03 08:45:04
L0000846,R000404,P100168,gift_card,requested,104.33,USD,2024-04-09 14:56:58
L0000147,R000071,P100123,wallet_transfer,requested,574.23,BRL,2024-01-07 09:49:06
L0000896,R000428,P100016,instant_debit_payout,requested,139.24,USD,2024-05-18 23:56:59
L0000051,R000024,P100030,wallet_transfer,settled,91.5,GBP,2024-01-13 00:06:56
L0000026,R000012,P100018,wallet_transfer,settled,80.47,GBP,2024-01-07 17:39:08
L0001318,R000632,P100196,instant_debit_payout,requested,437.51,BRL,2024-06-08 18:03:58
L0001279,R000612,P100159,gift_card,failed,137.47,BRL,2024-06-12 18:50:58
L0000344,R000165,P100092,gift_card,requested,437.26,BRL,2024-02-26 13:53:12
L0000428,R000205,P100171,instant_debit_payout,requested,47.57,USD,2024-02-14 00:23:12
L0001175,R000563,P100072,wallet_transfer,settled,28.82,GBP,2024-06-16 20:32:32
L0000992,R000475,P100098,gift_card,failed,77.86,GBP,2024-05-15 04:52:51
L0000493,R000236,P100030,bank_payout,settled,34.91,GBP,2024-03-18 03:30:01
L0000023,R000011,P100018,bank_payout,requested,81.34,GBP,2024-01-07 02:04:47
L0000556,R000266,P100080,wallet_transfer,reversed,81.36,USD,2024-03-22 08:25:43
L0000025,R000012,P100018,wallet_transfer,requested,80.47,GBP,2024-01-07 17:31:08
L0000531,R000255,P100065,gift_card,requested,70.31,USD,2024-03-31 23:22:49
L0000660,R000316,P100181,bank_payout,requested,253.27,BRL,2024-03-20 20:12:08
L0000392,R000188,P100136,bank_payout,failed,134.49,USD,2024-02-05 23:44:17
L0000871,R000415,P100199,bank_payout,reversed,121.98,USD,2024-05-03 21:32:57
L0000535,R000257,P100068,gift_card,requested,472.83,BRL,2024-03-29 04:35:01
L0000941,R000450,P100053,bank_payout,requested,69.14,BRL,2024-05-03 01:42:49
L0000399,R000192,P100145,instant_debit_payout,requested,81.66,EUR,2024-02-13 03:46:00
L0000187,R000089,P100151,gift_card,reversed,80.78,USD,2024-01-26 08:49:51
L0001265,R000605,P100142,instant_debit_payout,settled,343.69,BRL,2024-06-10 18:50:58
L0000650,R000311,P100170,gift_card,requested,12.42,USD,2024-03-24 16:05:20
L0000361,R000173,P100110,gift_card,settled,60.85,BRL,2024-02-23 21:18:33
L0000116,R000055,P100078,gift_card,settled,76.59,EUR,2024-01-15 12:24:35
L0001250,R000598,P100130,wallet_transfer,settled,415.91,BRL,2024-06-25 00:17:46
L0001221,R000585,P100108,instant_debit_payout,requested,137.4,EUR,2024-06-18 00:55:51
L0000224,R000107,P100184,gift_card,requested,77.95,USD,2024-01-29 11:42:04
L0001297,R000621,P100181,instant_debit_payout,settled,683.32,BRL,2024-06-01 22:28:27
L0000484,R000232,P100022,instant_debit_payout,settled,28.09,EUR,2024-03-05 11:32:52
L0000200,R000095,P100159,gift_card,settled,674.85,BRL,2024-01-06 13:43:39
L0000822,R000393,P100146,wallet_transfer,settled,506.96,BRL,2024-04-18 22:57:02
L0000751,R000358,P100079,instant_debit_payout,settled,25.57,USD,2024-04-13 06:57:45
L0000206,R000098,P100163,bank_payout,settled,662.35,BRL,2024-01-20 08:42:26
L0000527,R000253,P100062,wallet_transfer,requested,12.58,USD,2024-03-18 04:42:16
L0001176,R000564,P100072,instant_debit_payout,requested,55.41,GBP,2024-06-14 20:54:53
L0000290,R000138,P100036,bank_payout,settled,29.53,EUR,2024-02-01 20:29:56
L0000679,R000325,P100010,instant_debit_payout,requested,37.51,USD,2024-04-18 05:40:58
L0000899,R000429,P100018,instant_debit_payout,requested,71.27,GBP,2024-05-03 23:57:51
L0000222,R000106,P100183,gift_card,settled,63.81,EUR,2024-01-03 02:30:53
L0000574,R000275,P100099,instant_debit_payout,settled,95.46,USD,2024-03-04 00:31:39
L0000907,R000433,P100023,instant_debit_payout,requested,49.2,EUR,2024-05-13 21:29:18
L0000512,R000245,P100050,wallet_transfer,failed,39.67,USD,2024-03-14 12:21:57
L0000015,R000007,P100013,bank_payout,failed,296.32,BRL,2024-01-31 10:21:32
L0000444,R000212,P100183,gift_card,failed,71.24,EUR,2024-02-13 17:39:08
L0000447,R000214,P100192,bank_payout,requested,115.28,GBP,2024-02-26 18:42:44
L0001048,R000502,P100147,instant_debit_payout,settled,136.45,USD,2024-05-20 21:50:13
L0000533,R000256,P100066,gift_card,requested,160.8,BRL,2024-03-01 07:07:20
L0000926,R000442,P100040,instant_debit_payout,settled,107.37,USD,2024-05-27 10:19:04
L0001300,R000623,P100183,instant_debit_payout,requested,56.01,EUR,2024-06-14 20:49:19
L0000373,R000179,P100123,wallet_transfer,settled,609.59,BRL,2024-02-08 04:15:44
L0000265,R000127,P100012,instant_debit_payout,requested,69.46,USD,2024-02-05 14:44:08
L0000971,R000465,P100076,instant_debit_payout,requested,114.94,GBP,2024-05-23 08:49:03
L0000164,R000078,P100133,wallet_transfer,settled,79.22,GBP,2024-01-25 17:19:16
L0001085,R000520,P100180,instant_debit_payout,requested,25.13,USD,2024-05-25 22:19:09
L0000893,R000426,P100015,instant_debit_payout,settled,38.31,EUR,2024-05-30 00:29:22
L0000696,R000332,P100028,gift_card,settled,109.39,GBP,2024-04-17 04:09:12
L0001025,R000492,P100129,instant_debit_payout,requested,723.13,BRL,2024-05-08 08:42:44
L0000904,R000431,P100022,instant_debit_payout,settled,54.7,EUR,2024-05-05 08:01:47
L0001257,R000601,P100135,instant_debit_payout,settled,97.27,EUR,2024-06-23 23:54:34
L0000909,R000434,P100024,instant_debit_payout,requested,170.89,BRL,2024-05-09 17:15:47
L0001140,R000547,P100031,instant_debit_payout,requested,39.63,USD,2024-06-28 02:15:47
L0000490,R000235,P100030,instant_debit_payout,requested,77.47,GBP,2024-03-23 05:55:33
L0000810,R000387,P100133,wallet_transfer,settled,35.89,GBP,2024-04-06 08:25:51
L0001071,R000513,P100167,instant_debit_payout,requested,125.03,EUR,2024-05-07 16:56:57
L0000454,R000217,P100194,wallet_transfer,failed,287.88,BRL,2024-02-06 18:21:39
L0001307,R000626,P100187,wallet_transfer,settled,49.57,USD,2024-06-22 12:06:11
L0000891,R000425,P100014,instant_debit_payout,settled,29.69,EUR,2024-05-13 18:15:01
L0000264,R000126,P100009,gift_card,failed,111.41,GBP,2024-02-21 21:12:01
L0000560,R000268,P100082,instant_debit_payout,settled,105.45,EUR,2024-03-25 12:14:55
L0000253,R000121,P100003,bank_payout,requested,295.89,BRL,2024-02-24 20:35:53
L0000357,R000171,P100104,bank_payout,settled,309.55,BRL,2024-02-08 03:42:11
L0001223,R000586,P100112,wallet_transfer,requested,285.17,BRL,2024-06-04 21:25:36
L0000622,R000298,P100156,bank_payout,requested,102.33,USD,2024-03-14 13:14:58
L0000134,R000064,P100101,gift_card,settled,553.26,BRL,2024-01-08 09:38:09
L0001171,R000561,P100066,instant_debit_payout,reversed,655.54,BRL,2024-06-05 07:08:44
L0000782,R000373,P100111,bank_payout,settled,518.85,BRL,2024-04-19 08:38:11
L0000143,R000069,P100108,bank_payout,requested,121.58,EUR,2024-01-01 13:56:48
L0000299,R000143,P100050,gift_card,requested,41.5,USD,2024-02-18 16:18:01
L0000612,R000293,P100148,bank_payout,settled,174.79,BRL,2024-03-09 00:33:55
L0000416,R000199,P100161,wallet_transfer,reversed,73.84,EUR,2024-02-04 11:53:03
L0000981,R000470,P100088,wallet_transfer,requested,110.15,BRL,2024-05-31 05:36:40
L0000596,R000286,P100121,bank_payout,requested,70.0,USD,2024-03-21 11:29:48
L0000951,R000455,P100062,gift_card,requested,60.08,USD,2024-05-04 08:33:14
L0000183,R000088,P100147,wallet_transfer,requested,34.42,USD,2024-01-23 12:01:15
L0000466,R000223,P100006,bank_payout,settled,59.08,GBP,2024-03-02 22:09:16
L0001195,R000573,P100091,instant_debit_payout,settled,72.54,BRL,2024-06-11 23:59:17
L0000176,R000084,P100145,wallet_transfer,settled,107.12,EUR,2024-01-11 22:41:43
L0000729,R000348,P100054,instant_debit_payout,settled,88.1,EUR,2024-04-04 01:33:01
L0000618,R000296,P100150,bank_payout,requested,75.35,EUR,2024-03-23 07:03:25
L0000356,R000171,P100104,bank_payout,requested,309.55,BRL,2024-02-08 01:59:11
L0000185,R000089,P100151,gift_card,requested,80.78,USD,2024-01-25 08:13:51
L0000117,R000056,P100079,bank_payout,requested,106.08,USD,2024-01-21 14:26:16
L0001070,R000512,P100165,instant_debit_payout,settled,42.25,EUR,2024-05-02 23:24:19
L0000521,R000250,P100059,bank_payout,requested,79.21,GBP,2024-03-24 20:00:31
L0000504,R000242,P100044,bank_payout,requested,43.08,EUR,2024-03-13 12:05:26
L0001275,R000610,P100156,instant_debit_payout,settled,116.86,USD,2024-06-09 07:54:41
L0000079,R000038,P100048,gift_card,requested,78.92,EUR,2024-01-06 14:16:58
L0000119,R000057,P100080,wallet_transfer,requested,92.57,USD,2024-01-28 16:59:13
L0000912,R000435,P100027,instant_debit_payout,failed,117.96,USD,2024-05-22 05:54:54
L0000073,R000035,P100045,gift_card,settled,240.28,BRL,2024-01-03 06:21:38
L0000620,R000297,P100151,bank_payout,requested,75.02,USD,2024-03-03 03:08:28
L0001255,R000600,P100131,wallet_transfer,settled,168.06,BRL,2024-06-09 02:13:24
L0000414,R000199,P100161,wallet_transfer,requested,73.84,EUR,2024-02-01 10:25:03
L0000690,R000329,P100017,gift_card,settled,537.1,BRL,2024-04-06 22:00:52
L0000191,R000091,P100153,wallet_transfer,requested,38.22,EUR,2024-01-23 18:04:43
L0001190,R000571,P100089,wallet_transfer,requested,99.18,EUR,2024-06-12 09:31:27
L0000181,R000087,P100147,bank_payout,requested,116.75,USD,2024-01-03 00:29:06
L0001143,R000548,P100034,instant_debit_payout,settled,747.04,BRL,2024-06-20 00:41:07
L0001200,R000575,P100092,instant_debit_payout,settled,346.07,BRL,2024-06-16 11:59:11
L0000403,R000194,P100147,gift_card,requested,143.97,USD,2024-02-16 08:05:40
L0001095,R000524,P100185,wallet_transfer,settled,50.56,GBP,2024-05-07 13:10:17
L0000328,R000157,P100071,wallet_transfer,requested,110.2,USD,2024-02-24 17:09:26
L0000415,R000199,P100161,wallet_transfer,settled,73.84,EUR,2024-02-01 11:53:03
L0000033,R000015,P100022,bank_payout,settled,107.66,EUR,2024-01-06 21:29:42
L0000608,R000292,P100146,instant_debit_payout,requested,150.55,BRL,2024-03-07 01:12:53
L0001055,R000505,P100155,instant_debit_payout,settled,94.14,EUR,2024-05-28 02:31:21
L0000088,R000042,P100055,gift_card,requested,106.7,EUR,2024-01-31 19:41:53
L0000089,R000042,P100055,gift_card,settled,106.7,EUR,2024-01-31 23:10:53
L0000894,R000427,P100016,instant_debit_payout,requested,107.18,USD,2024-05-07 06:41:29
L0000366,R000176,P100115,instant_debit_payout,requested,683.82,BRL,2024-02-26 05:50:28
L0000779,R000372,P100102,instant_debit_payout,requested,56.05,USD,2024-04-07 06:30:02
L0000551,R000264,P100075,gift_card,failed,255.57,BRL,2024-03-19 22:27:05
L0000302,R000144,P100051,bank_payout,settled,69.74,EUR,2024-02-06 02:27:55
L0000010,R000005,P100007,bank_payout,settled,58.4,EUR,2024-01-05 07:14:01
L0000922,R000440,P100036,instant_debit_payout,failed,44.37,EUR,2024-05-27 11:08:12
L0001109,R000531,P100199,instant_debit_payout,settled,97.62,USD,2024-05-16 15:32:24
L0000334,R000160,P100075,gift_card,requested,346.8,BRL,2024-02-29 06:04:41
L0000791,R000378,P100116,wallet_transfer,requested,97.88,EUR,2024-04-09 15:16:38
L0000275,R000132,P100025,gift_card,requested,18.09,GBP,2024-02-15 19:02:22
L0000684,R000326,P100013,wallet_transfer,reversed,591.7,BRL,2024-04-15 04:10:12
L0000407,R000195,P100148,gift_card,reversed,439.97,BRL,2024-02-29 12:25:20
L0000281,R000134,P100027,gift_card,settled,136.53,USD,2024-02-25 19:58:51
L0000772,R000368,P100094,bank_payout,settled,122.78,EUR,2024-04-24 15:58:24
L0000192,R000091,P100153,wallet_transfer,failed,38.22,EUR,2024-01-23 18:12:43
L0000838,R000400,P100161,instant_debit_payout,failed,126.12,EUR,2024-04-08 08:13:23
L0000462,R000221,P100199,instant_debit_payout,settled,21.02,USD,2024-02-04 17:55:15
L0000244,R000116,P100198,gift_card,settled,138.08,USD,2024-01-07 06:31:06
L0000173,R000083,P100141,wallet_transfer,requested,541.85,BRL,2024-01-04 01:15:26
L0000852,R000407,P100186,gift_card,requested,98.01,GBP,2024-04-28 07:24:48
L0000847,R000404,P100168,gift_card,settled,104.33,USD,2024-04-09 15:24:58
L0000798,R000381,P100121,gift_card,settled,85.55,USD,2024-04-26 22:33:40
L0001045,R000501,P100144,instant_debit_payout,requested,67.72,USD,2024-05-19 04:57:05
L0001144,R000549,P100035,instant_debit_payout,requested,86.08,GBP,2024-06-10 23:43:42
L0000211,R000101,P100171,gift_card,requested,33.79,USD,2024-01-21 00:04:13
L0000011,R000005,P100007,bank_payout,reversed,58.4,EUR,2024-01-06 07:14:01
L0000339,R000162,P100086,bank_payout,failed,124.45,BRL,2024-02-14 02:00:33
L0001156,R000555,P100051,instant_debit_payout,requested,109.58,EUR,2024-06-12 10:33:11
L0001150,R000552,P100043,instant_debit_payout,requested,24.35,USD,2024-06-03 20:17:33
L0000470,R000225,P100009,gift_card,failed,48.53,GBP,2024-03-15 17:14:35
L0000425,R000204,P100168,bank_payout,requested,64.19,USD,2024-02-15 10:29:21
L0000677,R000324,P100199,instant_debit_payout,requested,59.62,USD,2024-03-09 21:21:45
L0001229,R000589,P100114,bank_payout,requested,76.1,GBP,2024-06-21 18:04:44
L0000171,R000082,P100141,bank_payout,requested,412.23,BRL,2024-01-01 09:44:11
L0000034,R000016,P100022,bank_payout,requested,10.07,EUR,2024-01-30 22:53:09
L0000888,R000424,P100011,instant_debit_payout,requested,129.21,USD,2024-05-22 03:17:19
L0000477,R000229,P100014,wallet_transfer,requested,68.74,EUR,2024-03-16 22:49:19
L0001278,R000612,P100159,gift_card,requested,137.47,BRL,2024-06-12 18:05:58
L0000204,R000097,P100162,bank_payout,settled,49.2,EUR,2024-01-28 06:52:54
L0000272,R000130,P100024,gift_card,settled,519.27,BRL,2024-02-09 23:54:28
L0000816,R000390,P100140,gift_card,settled,24.27,GBP,2024-04-10 00:09:02
L0000776,R000370,P100101,wallet_transfer,settled,221.5,BRL,2024-04-17 13:50:37
L0000046,R000022,P100026,bank_payout,requested,113.14,GBP,2024-01-02 22:17:15
L0001137,R000545,P100025,instant_debit_payout,settled,99.42,GBP,2024-06-06 17:11:19
L0000602,R000289,P100128,instant_debit_payout,requested,30.93,GBP,2024-03-16 16:18:34
L0000085,R000040,P100052,wallet_transfer,reversed,9.51,GBP,2024-01-08 09:32:28
L0000301,R000144,P100051,bank_payout,requested,69.74,EUR,2024-02-05 22:44:55
L0000270,R000129,P100020,bank_payout,settled,347.36,BRL,2024-02-04 15:47:50
L0001002,R000480,P100104,wallet_transfer,settled,82.35,BRL,2024-05-13 23:36:27
L0001194,R000573,P100091,instant_debit_payout,requested,72.54,BRL,2024-06-11 21:44:17
L0000665,R000318,P100183,wallet_transfer,requested,82.97,EUR,2024-03-18 09:22:16
L0000975,R000467,P100078,instant_debit_payout,requested,96.22,EUR,2024-05-21 05:33:33
L0000678,R000324,P100199,instant_debit_payout,settled,59.62,USD,2024-03-09 21:34:45
L0001051,R000503,P100151,gift_card,settled,18.87,USD,2024-05-08 17:41:35
L0000878,R000419,P100002,instant_debit_payout,requested,140.55,USD,2024-05-14 05:37:09
L0000626,R000300,P100158,wallet_transfer,requested,713.76,BRL,2024-03-17 20:27:17
L0000153,R000073,P100124,bank_payout,requested,63.84,EUR,2024-01-03 07:28:37
L0000052,R000025,P100031,wallet_transfer,requested,76.73,USD,2024-01-03 01:21:00
L0000075,R000036,P100047,bank_payout,requested,72.73,EUR,2024-01-23 15:28:54
L0000390,R000187,P100134,bank_payout,settled,641.29,BRL,2024-02-03 18:22:22
L0000686,R000327,P100013,wallet_transfer,settled,271.89,BRL,2024-04-23 12:28:26
L0000485,R000233,P100022,wallet_transfer,requested,49.21,EUR,2024-03-13 12:23:51
L0001188,R000570,P100088,instant_debit_payout,requested,740.35,BRL,2024-06-30 01:06:23
L0001273,R000609,P100156,instant_debit_payout,settled,112.25,USD,2024-06-01 13:25:39
L0000777,R000371,P100102,wallet_transfer,requested,50.06,USD,2024-04-10 03:44:44
L0000763,R000364,P100089,instant_debit_payout,settled,49.05,EUR,2024-04-03 19:20:52
L0000850,R000406,P100177,instant_debit_payout,requested,669.12,BRL,2024-04-23 04:10:12
L0000628,R000301,P100159,bank_payout,requested,122.06,BRL,2024-03-08 11:55:38
L0001063,R000509,P100161,instant_debit_payout,settled,23.99,EUR,2024-05-16 16:47:00
L0000760,R000363,P100088,instant_debit_payout,requested,664.35,BRL,2024-04-02 22:44:53
L0000080,R000038,P100048,gift_card,settled,78.92,EUR,2024-01-06 17:16:58
L0000391,R000188,P100136,bank_payout,requested,134.49,USD,2024-02-05 22:39:17
L0001032,R000495,P100133,bank_payout,settled,8.39,GBP,2024-05-08 10:43:06
L0000305,R000146,P100053,gift_card,requested,744.47,BRL,2024-02-25 09:22:59
L0001231,R000590,P100118,bank_payout,requested,139.75,EUR,2024-06-17 10:43:32
L0000910,R000434,P100024,instant_debit_payout,settled,170.89,BRL,2024-05-09 20:02:47
L0001303,R000624,P100185,instant_debit_payout,settled,83.1,GBP,2024-06-20 21:20:28
L0000136,R000065,P100102,bank_payout,settled,121.68,USD,2024-01-19 13:23:27
L0000058,R000028,P100037,wallet_transfer,requested,40.84,USD,2024-01-15 07:53:53
L0000481,R000231,P100018,gift_card,requested,64.13,GBP,2024-03-29 07:50:14
L0000585,R000280,P100107,instant_debit_payout,settled,51.33,USD,2024-03-13 12:56:44
L0000603,R000289,P100128,instant_debit_payout,settled,30.93,GBP,2024-03-16 18:02:34
L0000675,R000323,P100197,bank_payout,requested,74.99,GBP,2024-03-09 20:29:01
L0000202,R000096,P100159,gift_card,settled,322.0,BRL,2024-01-05 23:20:06
L0000254,R000121,P100003,bank_payout,settled,295.89,BRL,2024-02-24 22:44:53
L0001168,R000560,P100064,instant_debit_payout,settled,56.96,GBP,2024-06-20 04:54:37
L0000479,R000230,P100014,gift_card,requested,61.2,EUR,2024-03-25 15:49:30
L0000133,R000064,P100101,gift_card,requested,553.26,BRL,2024-01-08 08:44:09
L0001185,R000568,P100085,bank_payout,settled,66.81,GBP,2024-06-19 19:23:13
L0000647,R000309,P100168,wallet_transfer,settled,95.21,USD,2024-03-23 01:07:54
L0001198,R000574,P100091,instant_debit_payout,failed,106.91,BRL,2024-06-07 04:20:55
L0001210,R000580,P100098,gift_card,requested,93.48,GBP,2024-06-19 00:56:56
L0000762,R000364,P100089,instant_debit_payout,requested,49.05,EUR,2024-04-03 16:00:52
L0000742,R000354,P100071,instant_debit_payout,reversed,127.64,USD,2024-04-17 23:35:01
L0000406,R000195,P100148,gift_card,settled,439.97,BRL,2024-02-24 12:25:20
L0001202,R000576,P100092,instant_debit_payout,settled,127.12,BRL,2024-06-12 11:47:21
L0000429,R000205,P100171,instant_debit_payout,settled,47.57,USD,2024-02-14 02:39:12
L0000174,R000083,P100141,wallet_transfer,settled,541.85,BRL,2024-01-04 03:59:26
L0000731,R000349,P100055,gift_card,settled,56.6,EUR,2024-04-21 07:43:26
L0000958,R000458,P100066,instant_debit_payout,settled,360.77,BRL,2024-05-16 05:55:13
L0000949,R000454,P100061,instant_debit_payout,requested,76.77,EUR,2024-05-02 12:26:00
L0001146,R000550,P100037,instant_debit_payout,requested,100.03,USD,2024-06-29 12:11:59
L0000865,R000413,P100198,bank_payout,requested,42.67,USD,2024-04-06 19:20:24
L0001023,R000491,P100125,instant_debit_payout,requested,39.81,USD,2024-05-18 13:28:54
L0000036,R000017,P100023,gift_card,requested,18.9,EUR,2024-01-28 07:42:40
L0001290,R000618,P100171,bank_payout,requested,148.26,USD,2024-06-10 11:48:55
L0001258,R000602,P100135,gift_card,requested,130.14,EUR,2024-06-07 21:08:07
L0000563,R000270,P100089,gift_card,requested,81.92,EUR,2024-03-05 01:31:21
L0000409,R000196,P100150,bank_payout,settled,89.38,EUR,2024-02-01 16:48:46
L0000625,R000299,P100156,instant_debit_payout,settled,56.74,USD,2024-03-16 07:12:41
L0001162,R000557,P100056,instant_debit_payout,settled,190.77,BRL,2024-06-07 07:33:54
L0001172,R000562,P100068,instant_debit_payout,requested,140.05,BRL,2024-06-06 01:04:57
L0000286,R000136,P100030,instant_debit_payout,reversed,98.0,GBP,2024-02-15 10:08:35
L0000541,R000259,P100069,bank_payout,reversed,12.77,GBP,2024-03-18 09:57:56
L0000384,R000184,P100129,bank_payout,settled,68.63,BRL,2024-02-25 08:05:56
L0000496,R000238,P100040,bank_payout,requested,28.62,USD,2024-03-31 08:57:07
L0001253,R000599,P100130,instant_debit_payout,settled,534.63,BRL,2024-06-17 04:14:55
L0001236,R000592,P100120,instant_debit_payout,requested,415.96,BRL,2024-06-19 04:20:49
L0001313,R000629,P100195,instant_debit_payout,settled,20.41,USD,2024-06-24 22:51:42
L0001184,R000568,P100085,bank_payout,requested,66.81,GBP,2024-06-19 18:47:13
L0000091,R000043,P100055,gift_card,requested,92.24,EUR,2024-01-14 10:03:36
L0001243,R000595,P100127,bank_payout,requested,14.49,GBP,2024-06-15 17:04:51
L0001012,R000485,P100113,instant_debit_payout,settled,143.35,USD,2024-05-02 17:42:05
L0000954,R000456,P100062,gift_card,settled,56.5,USD,2024-05-12 05:16:46
L0000431,R000206,P100173,wallet_transfer,settled,53.44,USD,2024-02-14 20:46:24
L0000303,R000145,P100052,gift_card,requested,86.97,GBP,2024-02-28 15:56:06
L0001059,R000507,P100158,bank_payout,settled,62.38,BRL,2024-05-30 21:35:41
L0000746,R000356,P100075,instant_debit_payout,settled,520.73,BRL,2024-04-11 13:29:57
L0000456,R000218,P100195,instant_debit_payout,settled,38.47,USD,2024-02-17 06:09:53
L0000426,R000204,P100168,bank_payout,settled,64.19,USD,2024-02-15 12:03:21
L0000309,R000148,P100056,gift_card,requested,267.1,BRL,2024-02-23 20:20:47
L0001215,R000582,P100103,instant_debit_payout,settled,114.94,GBP,2024-06-29 19:33:13
L0000717,R000343,P100046,gift_card,requested,493.63,BRL,2024-04-27 22:38:19
L0001057,R000506,P100156,bank_payout,settled,75.5,USD,2024-05-13 08:55:33
L0000424,R000203,P100167,gift_card,settled,100.8,EUR,2024-02-03 13:04:14
L0000131,R000063,P100094,gift_card,requested,113.64,EUR,2024-01-29 06:30:23
L0001220,R000584,P100107,instant_debit_payout,settled,145.13,USD,2024-06-30 13:24:35
L0000242,R000115,P100196,gift_card,settled,554.1,BRL,2024-01-28 23:45:41
L0000118,R000056,P100079,bank_payout,settled,106.08,USD,2024-01-21 14:53:16
L0001030,R000494,P100132,instant_debit_payout,settled,10.59,GBP,2024-05-03 00:45:00
L0001244,R000595,P100127,bank_payout,settled,14.49,GBP,2024-06-15 17:11:51
L0000923,R000441,P100039,bank_payout,requested,87.62,GBP,2024-05-14 20:04:18
L0001216,R000583,P100104,instant_debit_payout,requested,344.49,BRL,2024-06-12 06:21:12
L0000803,R000384,P100128,wallet_transfer,requested,74.63,GBP,2024-04-15 13:36:20
L0000996,R000477,P100101,instant_debit_payout,settled,604.3,BRL,2024-05-28 01:38:17
L0000169,R000081,P100137,gift_card,requested,57.58,USD,2024-01-13 21:54:33
L0001079,R000517,P100172,gift_card,requested,114.09,EUR,2024-05-02 09:45:33
L0000815,R000390,P100140,gift_card,requested,24.27,GBP,2024-04-09 20:57:02
L0000337,R000161,P100081,instant_debit_payout,settled,60.44,BRL,2024-02-17 19:30:14
L0000601,R000288,P100127,instant_debit_payout,settled,16.55,GBP,2024-03-27 21:19:39
L0000997,R000478,P100102,bank_payout,requested,113.92,USD,2024-05-21 21:30:25
L0000820,R000392,P100142,instant_debit_payout,settled,199.33,BRL,2024-04-01 06:36:56
L0000395,R000190,P100139,gift_card,requested,89.18,USD,2024-02-25 19:56:24
L0001038,R000498,P100139,instant_debit_payout,requested,114.28,USD,2024-05-29 12:45:04
L0000681,R000325,P100010,instant_debit_payout,reversed,37.51,USD,2024-04-21 06:14:58
L0001126,R000540,P100012,instant_debit_payout,requested,33.01,USD,2024-06-09 07:32:34
L0000956,R000457,P100064,instant_debit_payout,failed,14.87,GBP,2024-05-18 12:23:06
L0000294,R000140,P100043,wallet_transfer,settled,104.16,USD,2024-02-25 15:40:53
L0000340,R000163,P100086,gift_card,requested,612.5,BRL,2024-02-03 16:43:39
L0000345,R000165,P100092,gift_card,settled,437.26,BRL,2024-02-26 16:19:12
L0000937,R000448,P100051,bank_payout,requested,23.7,EUR,2024-05-27 09:33:49
L0000933,R000446,P100049,bank_payout,requested,97.04,EUR,2024-05-06 16:26:40
L0000093,R000044,P100057,gift_card,requested,40.33,USD,2024-01-30 18:26:40
L0000162,R000077,P100129,wallet_transfer,settled,322.89,BRL,2024-01-11 04:50:40
L0000445,R000213,P100190,bank_payout,requested,509.77,BRL,2024-02-26 01:18:06
L0000588,R000282,P100111,instant_debit_payout,requested,321.24,BRL,2024-03-09 15:07:02
L0000096,R000045,P100060,gift_card,settled,116.71,EUR,2024-01-04 18:25:04
L0001248,R000597,P100129,instant_debit_payout,settled,222.94,BRL,2024-06-13 02:42:56
L0001113,R000533,P100002,instant_debit_payout,settled,119.14,USD,2024-06-26 08:56:52
L0001139,R000546,P100030,wallet_transfer,settled,66.32,GBP,2024-06-14 04:11:56
L0000365,R000175,P100114,bank_payout,failed,72.65,GBP,2024-02-29 20:44:14
L0000554,R000266,P100080,wallet_transfer,requested,81.36,USD,2024-03-17 06:00:43
L0000434,R000208,P100175,gift_card,requested,50.38,USD,2024-02-01 06:26:14
L0000555,R000266,P100080,wallet_transfer,settled,81.36,USD,2024-03-17 08:25:43
L0000166,R000079,P100133,bank_payout,settled,114.65,GBP,2024-01-22 23:40:07
L0000480,R000230,P100014,gift_card,settled,61.2,EUR,2024-03-25 17:34:30
L0000725,R000346,P100052,instant_debit_payout,settled,90.8,GBP,2024-04-08 12:54:54
L0000882,R000421,P100004,instant_debit_payout,requested,34.87,EUR,2024-05-03 08:27:10
L0001072,R000513,P100167,instant_debit_payout,settled,125.03,EUR,2024-05-07 18:02:57
L0001227,R000588,P100114,gift_card,requested,39.31,GBP,2024-06-21 18:13:23
L0000057,R000027,P100033,bank_payout,settled,54.13,GBP,2024-01-04 13:27:31
L0000836,R000399,P100159,instant_debit_payout,settled,310.87,BRL,2024-04-07 11:17:32
L0000367,R000176,P100115,instant_debit_payout,settled,683.82,BRL,2024-02-26 08:04:28
L0000969,R000464,P100075,instant_debit_payout,requested,709.05,BRL,2024-05-21 19:36:15
L0001163,R000558,P100063,instant_debit_payout,requested,657.55,BRL,2024-06-08 07:44:58
L0000256,R000122,P100004,gift_card,failed,30.76,EUR,2024-02-01 09:05:35
L0000646,R000309,P100168,wallet_transfer,requested,95.21,USD,2024-03-22 21:40:54
L0000955,R000457,P100064,instant_debit_payout,requested,14.87,GBP,2024-05-18 12:07:06
L0000246,R000117,P100001,wallet_transfer,settled,55.6,BRL,2024-02-27 20:38:54
L0000743,R000355,P100073,instant_debit_payout,requested,21.25,USD,2024-04-10 06:48:42
L0000198,R000094,P100156,wallet_transfer,settled,87.86,USD,2024-01-03 18:54:47
L0000382,R000183,P100129,gift_card,settled,352.59,BRL,2024-02-08 06:37:28
L0000502,R000241,P100043,instant_debit_payout,requested,41.67,USD,2024-03-14 19:19:57
L0000295,R000141,P100043,gift_card,requested,116.76,USD,2024-02-27 18:50:54
L0000844,R000403,P100168,instant_debit_payout,requested,10.46,USD,2024-04-24 04:25:40
L0000120,R000057,P100080,wallet_transfer,settled,92.57,USD,2024-01-28 18:33:13
L0000610,R000292,P100146,instant_debit_payout,reversed,150.55,BRL,2024-03-09 03:23:53
L0000070,R000034,P100045,gift_card,requested,339.36,BRL,2024-01-30 19:24:43
L0000828,R000395,P100154,bank_payout,settled,112.1,EUR,2024-04-12 08:38:03
L0001007,R000483,P100107,gift_card,requested,80.7,USD,2024-05-31 11:57:27
L0000769,R000367,P100094,bank_payout,requested,55.85,EUR,2024-04-05 10:32:26
L0001102,R000528,P100196,gift_card,requested,329.81,BRL,2024-05-22 08:49:05
L0000068,R000033,P100044,bank_payout,requested,119.98,EUR,2024-01-20 13:43:12
L0000350,R000168,P100094,wallet_transfer,requested,92.96,EUR,2024-02-08 08:36:07
L0001147,R000550,P100037,instant_debit_payout,settled,100.03,USD,2024-06-29 14:21:59
L0000056,R000027,P100033,bank_payout,requested,54.13,GBP,2024-01-04 09:44:31
L0000212,R000101,P100171,gift_card,settled,33.79,USD,2024-01-21 00:14:13
L0000148,R000071,P100123,wallet_transfer,settled,574.23,BRL,2024-01-07 13:34:06
L0000542,R000260,P100069,instant_debit_payout,requested,69.94,GBP,2024-03-08 08:40:46
L0000513,R000246,P100053,gift_card,requested,617.56,BRL,2024-03-25 17:17:47
L0001132,R000543,P100019,gift_card,requested,115.8,EUR,2024-06-20 08:52:56
L0000446,R000213,P100190,bank_payout,settled,509.77,BRL,2024-02-26 03:24:06
L0000260,R000124,P100008,wallet_transfer,failed,103.43,EUR,2024-02-24 16:04:43
L0001214,R000582,P100103,instant_debit_payout,requested,114.94,GBP,2024-06-29 19:31:13
L0000559,R000268,P100082,instant_debit_payout,requested,105.45,EUR,2024-03-25 09:21:55
L0000520,R000249,P100058,instant_debit_payout,settled,504.49,BRL,2024-03-12 00:19:52
L0001252,R000599,P100130,instant_debit_payout,requested,534.63,BRL,2024-06-17 03:00:55
L0001108,R000531,P100199,instant_debit_payout,requested,97.62,USD,2024-05-16 15:30:24
L0000688,R000328,P100015,gift_card,settled,84.18,EUR,2024-04-21 07:01:43
L0000233,R000111,P100188,wallet_transfer,requested,32.28,GBP,2024-01-31 11:30:17
L0000796,R000380,P100121,instant_debit_payout,settled,103.14,USD,2024-04-13 10:02:20
L0000813,R000389,P100136,instant_debit_payout,requested,75.13,USD,2024-04-11 03:58:50
L0001166,R000559,P100063,instant_debit_payout,settled,736.56,BRL,2024-06-03 02:24:10
L0000712,R000340,P100043,instant_debit_payout,settled,69.37,USD,2024-04-06 08:33:45
L0000866,R000413,P100198,bank_payout,settled,42.67,USD,2024-04-06 21:26:24
L0000003,R000002,P100003,wallet_transfer,requested,633.09,BRL,2024-01-31 03:23:41
L0000767,R000366,P100093,wallet_transfer,settled,65.28,EUR,2024-04-21 07:37:32
L0000122,R000058,P100082,gift_card,settled,19.97,EUR,2024-01-28 14:55:13
L0000368,R000177,P100119,wallet_transfer,requested,44.31,USD,2024-02-19 16:46:09
L0000400,R000192,P100145,instant_debit_payout,failed,81.66,EUR,2024-02-13 04:43:00
L0001288,R000617,P100166,bank_payout,requested,74.25,USD,2024-06-11 03:41:41
L0000702,R000335,P100031,bank_payout,settled,75.04,USD,2024-04-05 14:15:20
L0000241,R000115,P100196,gift_card,requested,554.1,BRL,2024-01-28 23:18:41
L0000330,R000158,P100072,bank_payout,requested,38.67,GBP,2024-02-29 05:01:28
L0000489,R000234,P100024,bank_payout,failed,210.02,BRL,2024-03-31 09:16:16
L0000113,R000054,P100074,bank_payout,requested,85.59,EUR,2024-01-23 15:11:18
L0000069,R000033,P100044,bank_payout,settled,119.98,EUR,2024-01-20 16:12:12
L0000766,R000366,P100093,wallet_transfer,requested,65.28,EUR,2024-04-21 05:59:32
L0001296,R000621,P100181,instant_debit_payout,requested,683.32,BRL,2024-06-01 21:08:27
L0000900,R000429,P100018,instant_debit_payout,failed,71.27,GBP,2024-05-04 00:00:51
L0000475,R000228,P100013,gift_card,requested,526.97,BRL,2024-03-26 19:40:11
L0000925,R000442,P100040,instant_debit_payout,requested,107.37,USD,2024-05-27 06:30:04
L0000843,R000402,P100167,bank_payout,reversed,14.92,EUR,2024-04-14 19:22:13
L0000097,R000046,P100061,gift_card,requested,113.3,EUR,2024-01-29 14:38:03
L0000859,R000410,P100192,bank_payout,settled,107.89,GBP,2024-04-05 10:02:38
L0000945,R000452,P100058,instant_debit_payout,requested,257.17,BRL,2024-05-03 04:04:03
L0001052,R000504,P100152,bank_payout,requested,52.52,USD,2024-05-24 22:54:14
L0000571,R000274,P100095,wallet_transfer,requested,21.3,USD,2024-03-20 23:43:00
L0000219,R000105,P100182,gift_card,requested,123.88,EUR,2024-01-31 06:23:01
L0000127,R000061,P100092,gift_card,requested,132.3,BRL,2024-01-28 10:30:25
L0000321,R000153,P100064,bank_payout,settled,23.93,GBP,2024-02-17 14:47:51
L0000698,R000333,P100029,wallet_transfer,settled,115.94,USD,2024-04-06 07:21:40
L0000771,R000368,P100094,bank_payout,requested,122.78,EUR,2024-04-24 13:48:24
L0000332,R000159,P100074,wallet_transfer,requested,107.02,EUR,2024-02-10 03:17:52
L0000938,R000448,P100051,bank_payout,settled,23.7,EUR,2024-05-27 11:15:49
L0000086,R000041,P100052,gift_card,requested,14.91,GBP,2024-01-15 23:33:04
L0001289,R000617,P100166,bank_payout,settled,74.25,USD,2024-06-11 04:50:41
L0000600,R000288,P100127,instant_debit_payout,requested,16.55,GBP,2024-03-27 18:48:39
L0000857,R000409,P100191,wallet_transfer,settled,31.0,GBP,2024-04-22 03:52:00
L0000008,R000004,P100006,gift_card,settled,96.67,GBP,2024-01-13 03:05:53
L0000150,R000072,P100123,gift_card,requested,707.46,BRL,2024-01-30 10:48:24
L0000564,R000270,P100089,gift_card,failed,81.92,EUR,2024-03-05 02:56:21
L0000106,R000050,P100070,wallet_transfer,settled,18.66,EUR,2024-01-10 12:40:05
L0001213,R000581,P100099,instant_debit_payout,settled,11.9,USD,2024-06-11 23:54:47
L0000379,R000182,P100128,bank_payout,requested,55.89,GBP,2024-02-13 05:13:52
L0000049,R000023,P100027,gift_card,settled,10.14,USD,2024-01-21 12:40:29
L0000316,R000151,P100060,wallet_transfer,requested,19.58,EUR,2024-02-02 10:26:25
L0000277,R000133,P100026,bank_payout,requested,67.46,GBP,2024-02-20 06:13:48
L0001035,R000496,P100134,instant_debit_payout,settled,489.21,BRL,2024-05-12 19:10:33
L0000317,R000151,P100060,wallet_transfer,settled,19.58,EUR,2024-02-02 13:22:25
L0001186,R000569,P100086,instant_debit_payout,requested,117.67,BRL,2024-06-07 16:09:46
L0000897,R000428,P100016,instant_debit_payout,settled,139.24,USD,2024-05-19 00:51:59
L0000443,R000212,P100183,gift_card,requested,71.24,EUR,2024-02-13 17:31:08
L0000553,R000265,P100077,wallet_transfer,settled,86.57,USD,2024-03-06 19:20:00
L0000319,R000152,P100061,instant_debit_payout,settled,23.53,EUR,2024-02-04 01:04:19
L0000631,R000302,P100160,bank_payout,requested,28.14,GBP,2024-03-06 10:11:20
L0000827,R000395,P100154,bank_payout,requested,112.1,EUR,2024-04-12 05:24:03
L0001302,R000624,P100185,instant_debit_payout,requested,83.1,GBP,2024-06-20 19:24:28
L0000657,R000314,P100178,instant_debit_payout,settled,130.13,EUR,2024-03-08 12:32:09
L0000883,R000421,P100004,instant_debit_payout,settled,34.87,EUR,2024-05-03 09:11:10
L0000728,R000348,P100054,instant_debit_payout,requested,88.1,EUR,2024-04-03 21:38:01
L0001090,R000522,P100182,wallet_transfer,requested,67.55,EUR,2024-05-15 10:21:00
L0000592,R000284,P100113,gift_card,requested,20.14,USD,2024-03-04 01:03:29
L0000961,R000460,P100069,instant_debit_payout,requested,62.16,GBP,2024-05-12 06:07:54
L0001021,R000490,P100123,gift_card,requested,493.69,BRL,2024-05-18 07:52:35
L0001251,R000598,P100130,wallet_transfer,reversed,415.91,BRL,2024-06-27 00:17:46
L0000669,R000320,P100186,wallet_transfer,requested,109.47,GBP,2024-03-15 12:25:14
L0000333,R000159,P100074,wallet_transfer,failed,107.02,EUR,2024-02-10 04:02:52
L0000701,R000335,P100031,bank_payout,requested,75.04,USD,2024-04-05 13:40:20
L0000750,R000358,P100079,instant_debit_payout,requested,25.57,USD,2024-04-13 04:17:45
L0000752,R000359,P100080,instant_debit_payout,requested,105.7,USD,2024-04-22 01:00:08
L0000108,R000051,P100070,bank_payout,settled,64.51,EUR,2024-01-04 04:10:48
L0000530,R000254,P100063,gift_card,settled,273.98,BRL,2024-03-23 13:43:08
L0000261,R000125,P100009,gift_card,requested,44.09,GBP,2024-02-10 11:37:23
L0000918,R000438,P100035,instant_debit_payout,failed,56.36,GBP,2024-05-17 01:24:41
L0000783,R000374,P100112,instant_debit_payout,requested,226.84,BRL,2024-04-05 09:04:39
L0001315,R000630,P100195,instant_debit_payout,settled,53.04,USD,2024-06-19 17:38:31
L0001136,R000545,P100025,instant_debit_payout,requested,99.42,GBP,2024-06-06 15:10:19
L0001177,R000564,P100072,instant_debit_payout,settled,55.41,GBP,2024-06-14 23:47:53
L0000376,R000180,P100125,bank_payout,reversed,49.12,USD,2024-02-04 11:10:04
L0000223,R000106,P100183,gift_card,reversed,63.81,EUR,2024-01-07 02:30:53
L0000360,R000173,P100110,gift_card,requested,60.85,BRL,2024-02-23 21:16:33
L0001204,R000577,P100093,instant_debit_payout,settled,91.99,EUR,2024-06-25 21:59:38
L0000720,R000344,P100047,bank_payout,requested,62.2,EUR,2024-04-25 07:19:37
L0000353,R000169,P100097,gift_card,settled,85.99,GBP,2024-02-23 17:21:51
L0000965,R000462,P100073,instant_debit_payout,requested,34.75,USD,2024-05-18 16:27:46
L0000310,R000148,P100056,gift_card,settled,267.1,BRL,2024-02-23 22:07:47
L0000214,R000102,P100173,bank_payout,settled,101.37,USD,2024-01-28 03:14:38
L0000537,R000258,P100068,gift_card,requested,527.26,BRL,2024-03-06 23:48:13
L0000213,R000102,P100173,bank_payout,requested,101.37,USD,2024-01-28 02:53:38
L0000402,R000193,P100145,gift_card,settled,103.2,EUR,2024-02-06 21:42:00
L0000994,R000476,P100099,instant_debit_payout,settled,63.39,USD,2024-05-13 05:39:43
L0000146,R000070,P100117,wallet_transfer,failed,53.25,GBP,2024-01-30 23:41:05
L0000041,R000019,P100025,wallet_transfer,settled,93.74,GBP,2024-01-03 20:40:27
L0000055,R000026,P100032,wallet_transfer,settled,120.92,USD,2024-01-05 08:33:03
L0000432,R000207,P100174,wallet_transfer,requested,99.97,GBP,2024-02-22 03:32:29
L0000691,R000330,P100020,gift_card,requested,690.42,BRL,2024-04-04 04:29:30
L0000765,R000365,P100091,gift_card,settled,163.08,BRL,2024-04-25 19:35:56
L0000633,R000303,P100162,wallet_transfer,requested,84.22,EUR,2024-03-23 15:51:48
L0000114,R000054,P100074,bank_payout,failed,85.59,EUR,2024-01-23 15:16:18
L0000906,R000432,P100022,instant_debit_payout,settled,11.21,EUR,2024-05-18 15:48:56
L0000976,R000467,P100078,instant_debit_payout,settled,96.22,EUR,2024-05-21 09:25:33
L0000125,R000060,P100086,gift_card,requested,346.54,BRL,2024-01-20 21:47:23
L0001232,R000590,P100118,bank_payout,settled,139.75,EUR,2024-06-17 12:21:32
L0000943,R000451,P100057,instant_debit_payout,requested,51.08,USD,2024-05-01 09:36:38
L0000062,R000030,P100040,gift_card,requested,30.85,USD,2024-01-30 18:51:41
L0000936,R000447,P100051,wallet_transfer,settled,106.1,EUR,2024-05-03 23:13:46
L0001224,R000586,P100112,wallet_transfer,settled,285.17,BRL,2024-06-04 22:08:36
L0001262,R000604,P100141,bank_payout,requested,709.23,BRL,2024-06-22 13:52:04
L0000704,R000336,P100033,instant_debit_payout,settled,33.34,GBP,2024-04-11 13:16:26
L0000721,R000344,P100047,bank_payout,settled,62.2,EUR,2024-04-25 11:06:37
L0000568,R000272,P100090,gift_card,settled,36.73,EUR,2024-03-13 11:06:34
L0000687,R000328,P100015,gift_card,requested,84.18,EUR,2024-04-21 03:18:43
L0000438,R000209,P100179,bank_payout,reversed,26.93,USD,2024-02-13 15:21:03
L0000248,R000118,P100001,instant_debit_payout,settled,73.6,BRL,2024-02-05 03:07:59
L0000584,R000280,P100107,instant_debit_payout,requested,51.33,USD,2024-03-13 12:45:44
L0000670,R000320,P100186,wallet_transfer,settled,109.47,GBP,2024-03-15 13:32:14
L0001015,R000487,P100116,instant_debit_payout,requested,40.48,EUR,2024-05-03 14:28:17
L0000851,R000406,P100177,instant_debit_payout,settled,669.12,BRL,2024-04-23 04:58:12
L0000651,R000311,P100170,gift_card,settled,12.42,USD,2024-03-24 19:13:20
L0000215,R000103,P100174,gift_card,requested,89.96,GBP,2024-01-13 02:55:45
L0001065,R000510,P100161,gift_card,requested,63.04,EUR,2024-05-13 13:55:20
L0001058,R000507,P100158,bank_payout,requested,62.38,BRL,2024-05-30 18:10:41
L0000210,R000100,P100170,bank_payout,settled,19.72,USD,2024-01-27 07:31:20
L0000497,R000238,P100040,bank_payout,failed,28.62,USD,2024-03-31 10:19:07
L0000482,R000231,P100018,gift_card,settled,64.13,GBP,2024-03-29 09:32:14
L0000948,R000453,P100058,instant_debit_payout,settled,655.31,BRL,2024-05-07 05:24:51
L0000257,R000123,P100005,bank_payout,requested,117.22,EUR,2024-02-22 10:14:18
L0000768,R000366,P100093,wallet_transfer,reversed,65.28,EUR,2024-04-24 07:37:32
L0000598,R000287,P100124,bank_payout,requested,61.73,EUR,2024-03-24 10:40:37
L0001061,R000508,P100160,instant_debit_payout,settled,39.98,GBP,2024-05-22 06:11:04
L0000898,R000428,P100016,instant_debit_payout,reversed,139.24,USD,2024-05-24 00:51:59
L0000856,R000409,P100191,wallet_transfer,requested,31.0,GBP,2024-04-22 03:17:00
L0001205,R000578,P100094,instant_debit_payout,requested,121.01,EUR,2024-06-20 21:03:38
L0000591,R000283,P100111,bank_payout,failed,329.37,BRL,2024-03-31 21:23:31
L0000950,R000454,P100061,instant_debit_payout,settled,76.77,EUR,2024-05-02 14:21:00
L0000913,R000436,P100030,wallet_transfer,requested,81.63,GBP,2024-05-26 20:42:45
L0000606,R000291,P100143,instant_debit_payout,requested,487.09,BRL,2024-03-26 22:05:27
L0000452,R000216,P100193,gift_card,settled,58.61,GBP,2024-02-15 21:43:51
L0000903,R000431,P100022,instant_debit_payout,requested,54.7,EUR,2024-05-05 07:11:47
L0001004,R000481,P100104,gift_card,settled,293.69,BRL,2024-05-21 04:38:02
L0000346,R000166,P100092,gift_card,requested,189.06,BRL,2024-02-03 06:28:58
L0001078,R000516,P100170,bank_payout,settled,109.35,USD,2024-05-03 13:46:59
L0001311,R000628,P100191,instant_debit_payout,settled,32.14,GBP,2024-06-30 07:41:48
L0000834,R000398,P100159,gift_card,settled,488.74,BRL,2024-04-12 22:36:58
L0000156,R000074,P100127,gift_card,settled,113.41,GBP,2024-01-17 08:45:59
L0001074,R000514,P100169,instant_debit_payout,settled,50.3,GBP,2024-05-17 04:58:18
L0001103,R000528,P100196,gift_card,settled,329.81,BRL,2024-05-22 10:09:05
L0000245,R000117,P100001,wallet_transfer,requested,55.6,BRL,2024-02-27 19:07:54
L0000240,R000114,P100195,gift_card,settled,41.52,USD,2024-01-21 15:00:53
L0000940,R000449,P100052,gift_card,settled,40.19,GBP,2024-05-05 02:04:30
L0000814,R000389,P100136,instant_debit_payout,settled,75.13,USD,2024-04-11 04:32:50
L0001104,R000529,P100198,instant_debit_payout,requested,18.6,USD,2024-05-05 10:26:43
L0000634,R000303,P100162,wallet_transfer,settled,84.22,EUR,2024-03-23 19:25:48
L0000587,R000281,P100107,gift_card,settled,86.98,USD,2024-03-10 05:01:54
L0000107,R000051,P100070,bank_payout,requested,64.51,EUR,2024-01-04 03:30:48
L0000877,R000418,P100002,wallet_transfer,settled,110.98,USD,2024-05-17 02:22:26
L0000799,R000382,P100123,instant_debit_payout,requested,649.04,BRL,2024-04-21 00:55:20
L0000832,R000397,P100158,instant_debit_payout,failed,308.3,BRL,2024-04-08 02:03:25
L0000420,R000201,P100162,instant_debit_payout,failed,106.53,EUR,2024-02-27 04:53:56
L0001245,R000596,P100128,instant_debit_payout,requested,45.84,GBP,2024-06-30 08:00:20
L0000905,R000432,P100022,instant_debit_payout,requested,11.21,EUR,2024-05-18 13:55:56
L0000474,R000227,P100012,bank_payout,settled,79.27,USD,2024-03-30 00:20:22
L0001306,R000626,P100187,wallet_transfer,requested,49.57,USD,2024-06-22 11:40:11
L0000566,R000271,P100090,bank_payout,failed,15.38,EUR,2024-03-29 19:35:03
L0000349,R000167,P100093,wallet_transfer,settled,35.54,EUR,2024-02-01 09:23:00
L0000524,R000251,P100059,instant_debit_payout,settled,16.71,GBP,2024-03-26 17:45:45
L0001234,R000591,P100119,instant_debit_payout,requested,16.0,USD,2024-06-07 19:16:09
L0001043,R000500,P100143,gift_card,settled,662.3,BRL,2024-05-24 14:16:47
L0000534,R000256,P100066,gift_card,settled,160.8,BRL,2024-03-01 08:45:20
L0000999,R000479,P100103,instant_debit_payout,requested,10.03,GBP,2024-05-08 06:13:52
L0000320,R000153,P100064,bank_payout,requested,23.93,GBP,2024-02-17 14:24:51
L0000124,R000059,P100083,gift_card,settled,739.8,BRL,2024-01-25 18:02:48
L0000101,R000048,P100067,wallet_transfer,requested,134.13,USD,2024-01-23 20:04:39
L0000572,R000274,P100095,wallet_transfer,settled,21.3,USD,2024-03-21 00:31:00
L0000629,R000301,P100159,bank_payout,settled,122.06,BRL,2024-03-08 13:46:38
L0001295,R000620,P100180,instant_debit_payout,failed,80.3,USD,2024-06-01 11:39:42
L0000529,R000254,P100063,gift_card,requested,273.98,BRL,2024-03-23 11:04:08
L0001083,R000519,P100179,bank_payout,requested,100.38,USD,2024-05-09 02:32:13
L0001020,R000489,P100122,instant_debit_payout,failed,35.5,EUR,2024-05-11 14:39:41
L0000139,R000067,P100105,wallet_transfer,requested,12.59,GBP,2024-01-26 16:10:39
L0000135,R000065,P100102,bank_payout,requested,121.68,USD,2024-01-19 13:20:27
L0001285,R000615,P100164,bank_payout,settled,73.53,EUR,2024-06-10 08:15:49
L0000942,R000450,P100053,bank_payout,settled,69.14,BRL,2024-05-03 03:36:49
L0000732,R000350,P100056,gift_card,requested,529.05,BRL,2024-04-26 21:54:52
L0000048,R000023,P100027,gift_card,requested,10.14,USD,2024-01-21 11:21:29
L0001064,R000509,P100161,instant_debit_payout,reversed,23.99,EUR,2024-05-21 16:47:00
L0000053,R000025,P100031,wallet_transfer,settled,76.73,USD,2024-01-03 02:46:00
L0000710,R000339,P100041,gift_card,settled,128.58,USD,2024-04-30 09:41:29
L0001018,R000488,P100122,instant_debit_payout,settled,140.19,EUR,2024-05-09 10:36:31
L0001130,R000542,P100015,bank_payout,requested,39.21,EUR,2024-06-19 19:44:42
L0000946,R000452,P100058,instant_debit_payout,settled,257.17,BRL,2024-05-03 06:57:03
L0000576,R000276,P100099,gift_card,requested,135.05,USD,2024-03-21 12:26:42
L0000142,R000068,P100107,gift_card,settled,32.29,USD,2024-01-13 00:10:33